<?xml version="1.0" encoding="UTF-8"?>
<kml xmlns="http://www.opengis.net/kml/2.2">
    <Document>
        <name>Device 1</name>
        <Placemark>
            <name>2025-04-19 18:30 - 2025-04-26 18:29</name>
            <LineString>
                <extrude>1</extrude>
                <tessellate>1</tessellate>
                <altitudeMode>absolute</altitudeMode>
                <coordinates>82.167311,22.079795,0.000000 
                    82.167311,22.079795,0.000000 82.167411,22.079777,0.000000
                    82.167532,22.079622,0.000000
                    82.167723,22.079424,0.000000 82.167761,22.079338,0.000000
                    82.167742,22.079310,0.000000 82.167742,22.079310,0.000000
                    82.167742,22.079310,0.000000 82.167742,22.079310,0.000000
                    82.167742,22.079310,0.000000 82.167308,22.078936,0.000000
                    82.167057,22.078673,0.000000 82.166932,22.078497,0.000000
                    82.166837,22.078436,0.000000 82.166816,22.078435,0.000000
                    82.166816,22.078435,0.000000 82.166776,22.078445,0.000000
                    82.166754,22.078458,0.000000 82.166468,22.078731,0.000000
                    82.166138,22.079071,0.000000 82.165732,22.079500,0.000000
                    82.165488,22.079710,0.000000 82.165339,22.079814,0.000000
                    82.165307,22.079815,0.000000 82.165276,22.079808,0.000000
                    82.165164,22.079741,0.000000 82.165141,22.079713,0.000000
                    82.165141,22.079713,0.000000 82.165026,22.079438,0.000000
                    82.165012,22.079387,0.000000 82.164832,22.078871,0.000000
                    82.164605,22.078268,0.000000 82.164391,22.077686,0.000000
                    82.164171,22.077086,0.000000 82.164027,22.076672,0.000000
                    82.164027,22.076672,0.000000 82.163857,22.076105,0.000000
                    82.163650,22.075512,0.000000 82.163650,22.075512,0.000000
                    82.163434,22.074950,0.000000 82.163434,22.074950,0.000000
                    82.163434,22.074950,0.000000 82.163434,22.074950,0.000000
                    82.162381,22.073396,0.000000 82.162299,22.073285,0.000000
                    82.162212,22.073268,0.000000 82.162212,22.073268,0.000000
                    82.162212,22.073268,0.000000 82.162212,22.073268,0.000000
                    82.162193,22.073279,0.000000 82.162193,22.073279,0.000000
                    82.161271,22.073932,0.000000 82.160664,22.074365,0.000000
                    82.160664,22.074365,0.000000 82.160072,22.074807,0.000000
                    82.159470,22.075262,0.000000 82.159008,22.075604,0.000000
                    82.159008,22.075604,0.000000 82.158644,22.075857,0.000000
                    82.158281,22.076056,0.000000 82.157970,22.076143,0.000000
                    82.157970,22.076143,0.000000 82.157970,22.076143,0.000000
                    82.157970,22.076143,0.000000 82.157941,22.076146,0.000000
                    82.157941,22.076146,0.000000 82.157941,22.076146,0.000000
                    82.157630,22.076168,0.000000 82.157302,22.076192,0.000000
                    82.157302,22.076192,0.000000 82.157302,22.076192,0.000000
                    82.157302,22.076192,0.000000 82.157302,22.076192,0.000000
                    82.156408,22.076318,0.000000 82.155718,22.076427,0.000000
                    82.154927,22.076568,0.000000 82.154249,22.076675,0.000000
                    82.154249,22.076675,0.000000 82.154249,22.076675,0.000000
                    82.154249,22.076675,0.000000 82.153537,22.076794,0.000000
                    82.153537,22.076794,0.000000 82.153537,22.076794,0.000000
                    82.152996,22.076897,0.000000 82.152716,22.076959,0.000000
                    82.152531,22.076973,0.000000 82.152250,22.077017,0.000000
                    82.152206,22.077032,0.000000 82.152206,22.077032,0.000000
                    82.151771,22.077126,0.000000 82.151418,22.077176,0.000000
                    82.150785,22.077268,0.000000 82.150072,22.077386,0.000000
                    82.149478,22.077488,0.000000 82.148960,22.077587,0.000000
                    82.148960,22.077587,0.000000 82.148960,22.077587,0.000000
                    82.148960,22.077587,0.000000 82.148960,22.077587,0.000000
                    82.148960,22.077587,0.000000 82.148960,22.077587,0.000000
                    82.147993,22.077909,0.000000 82.147411,22.078131,0.000000
                    82.147411,22.078131,0.000000 82.147411,22.078131,0.000000
                    82.147411,22.078131,0.000000 82.146751,22.078392,0.000000
                    82.146751,22.078392,0.000000 82.145618,22.078843,0.000000
                    82.144913,22.079118,0.000000 82.144269,22.079374,0.000000
                    82.143632,22.079640,0.000000 82.143022,22.079876,0.000000
                    82.143022,22.079876,0.000000 82.143022,22.079876,0.000000
                    82.142572,22.080055,0.000000 82.142551,22.080056,0.000000
                    82.142511,22.080049,0.000000 82.142492,22.080039,0.000000
                    82.142462,22.079996,0.000000 82.142449,22.079970,0.000000
                    82.142407,22.079926,0.000000 82.142373,22.079902,0.000000
                    82.141926,22.079598,0.000000 82.141290,22.079157,0.000000
                    82.140616,22.078687,0.000000 82.140616,22.078687,0.000000
                    82.139998,22.078239,0.000000 82.139885,22.078113,0.000000
                    82.139854,22.078063,0.000000 82.139551,22.077353,0.000000
                    82.139201,22.076393,0.000000 82.138789,22.075280,0.000000
                    82.138403,22.074239,0.000000 82.138403,22.074239,0.000000
                    82.138029,22.073322,0.000000 82.137664,22.072476,0.000000
                    82.137329,22.071542,0.000000 82.136958,22.070498,0.000000
                    82.136583,22.069417,0.000000 82.136583,22.069417,0.000000
                    82.136583,22.069417,0.000000 82.136583,22.069417,0.000000
                    82.136194,22.068320,0.000000 82.136194,22.068320,0.000000
                    82.135654,22.065767,0.000000 82.135496,22.064553,0.000000
                    82.135314,22.064131,0.000000 82.135264,22.064056,0.000000
                    82.134653,22.063419,0.000000 82.134086,22.062977,0.000000
                    82.134086,22.062977,0.000000 82.134086,22.062977,0.000000
                    82.134086,22.062977,0.000000 82.134086,22.062977,0.000000
                    82.133269,22.062171,0.000000 82.132873,22.061738,0.000000
                    82.132449,22.061283,0.000000 82.131927,22.060717,0.000000
                    82.131389,22.060108,0.000000 82.131389,22.060108,0.000000
                    82.131389,22.060108,0.000000 82.131389,22.060108,0.000000
                    82.130869,22.059518,0.000000 82.130869,22.059518,0.000000
                    82.129876,22.058366,0.000000 82.129373,22.057781,0.000000
                    82.129373,22.057781,0.000000 82.129373,22.057781,0.000000
                    82.128786,22.057048,0.000000 82.128786,22.057048,0.000000
                    82.127662,22.055652,0.000000 82.127183,22.055079,0.000000
                    82.126498,22.054278,0.000000 82.125804,22.053516,0.000000
                    82.125123,22.052747,0.000000 82.125123,22.052747,0.000000
                    82.124454,22.051925,0.000000 82.124454,22.051925,0.000000
                    82.124454,22.051925,0.000000 82.124454,22.051925,0.000000
                    82.124454,22.051925,0.000000 82.123663,22.050949,0.000000
                    82.123271,22.050461,0.000000 82.122702,22.049744,0.000000
                    82.121989,22.048828,0.000000 82.121159,22.047790,0.000000
                    82.121159,22.047790,0.000000 82.120269,22.046647,0.000000
                    82.119596,22.045818,0.000000 82.118937,22.044988,0.000000
                    82.118601,22.044552,0.000000 82.118164,22.043970,0.000000
                    82.117486,22.043010,0.000000 82.117486,22.043010,0.000000
                    82.116830,22.041999,0.000000 82.116209,22.041011,0.000000
                    82.115585,22.040096,0.000000 82.114867,22.038989,0.000000
                    82.114164,22.037890,0.000000 82.114164,22.037890,0.000000
                    82.114164,22.037890,0.000000 82.114164,22.037890,0.000000
                    82.113462,22.036791,0.000000 82.112711,22.035636,0.000000
                    82.112711,22.035636,0.000000 82.111394,22.033602,0.000000
                    82.110647,22.032434,0.000000 82.109954,22.031359,0.000000
                    82.109182,22.030175,0.000000 82.109182,22.030175,0.000000
                    82.108365,22.028932,0.000000 82.107557,22.027701,0.000000
                    82.106848,22.026535,0.000000 82.106130,22.025340,0.000000
                    82.105363,22.024135,0.000000 82.104564,22.022925,0.000000
                    82.104564,22.022925,0.000000 82.103629,22.021810,0.000000
                    82.102691,22.020767,0.000000 82.101856,22.019853,0.000000
                    82.100996,22.018899,0.000000 82.100404,22.018252,0.000000
                    82.099692,22.017493,0.000000 82.098976,22.016708,0.000000
                    82.098976,22.016708,0.000000 82.098512,22.016192,0.000000
                    82.097797,22.015415,0.000000 82.096934,22.014461,0.000000
                    82.096193,22.013707,0.000000 82.095346,22.013016,0.000000
                    82.095346,22.013016,0.000000 82.094352,22.012266,0.000000
                    82.093343,22.011517,0.000000 82.092331,22.010758,0.000000
                    82.091274,22.009962,0.000000 82.090118,22.009097,0.000000
                    82.089321,22.008507,0.000000 82.088579,22.007937,0.000000
                    82.088579,22.007937,0.000000 82.087829,22.007381,0.000000
                    82.087102,22.006836,0.000000 82.086184,22.006152,0.000000
                    82.085208,22.005405,0.000000 82.084156,22.004658,0.000000
                    82.083271,22.004066,0.000000 82.083271,22.004066,0.000000
                    82.082484,22.003506,0.000000 82.081694,22.002927,0.000000
                    82.080803,22.002239,0.000000 82.079906,22.001512,0.000000
                    82.078922,22.000743,0.000000 82.078922,22.000743,0.000000
                    82.077936,21.999962,0.000000 82.077148,21.999312,0.000000
                    82.076269,21.998603,0.000000 82.075312,21.997826,0.000000
                    82.074313,21.996972,0.000000 82.073221,21.996032,0.000000
                    82.072172,21.995125,0.000000 82.072172,21.995125,0.000000
                    82.071272,21.994347,0.000000 82.070290,21.993464,0.000000
                    82.069294,21.992601,0.000000 82.068577,21.991970,0.000000
                    82.068032,21.991492,0.000000 82.067918,21.991341,0.000000
                    82.067911,21.991311,0.000000 82.067911,21.991311,0.000000
                    82.067820,21.991279,0.000000 82.067794,21.991271,0.000000
                    82.067574,21.991112,0.000000 82.067526,21.991071,0.000000
                    82.067091,21.990582,0.000000 82.067069,21.990493,0.000000
                    82.067104,21.989746,0.000000 82.067093,21.989677,0.000000
                    82.067072,21.989654,0.000000 82.067044,21.989636,0.000000
                    82.067007,21.989626,0.000000 82.066966,21.989618,0.000000
                    82.066384,21.989478,0.000000 82.065431,21.989006,0.000000
                    82.065431,21.989006,0.000000 82.065431,21.989006,0.000000
                    82.064700,21.988422,0.000000 82.063807,21.987618,0.000000
                    82.062758,21.986701,0.000000 82.061678,21.985829,0.000000
                    82.060508,21.984927,0.000000 82.059172,21.983816,0.000000
                    82.059172,21.983816,0.000000 82.057756,21.982629,0.000000
                    82.056442,21.981505,0.000000 82.055253,21.980482,0.000000
                    82.054068,21.979466,0.000000 82.052870,21.978433,0.000000
                    82.051659,21.977388,0.000000 82.051659,21.977388,0.000000
                    82.050619,21.976433,0.000000 82.049495,21.975434,0.000000
                    82.048361,21.974472,0.000000 82.047472,21.973712,0.000000
                    82.046494,21.972889,0.000000 82.045424,21.971989,0.000000
                    82.045424,21.971989,0.000000 82.044298,21.971106,0.000000
                    82.043175,21.970167,0.000000 82.042133,21.969283,0.000000
                    82.041313,21.968571,0.000000 82.040581,21.967960,0.000000
                    82.039687,21.967198,0.000000 82.039687,21.967198,0.000000
                    82.038683,21.966357,0.000000 82.037595,21.965433,0.000000
                    82.036464,21.964468,0.000000 82.035209,21.963407,0.000000
                    82.033858,21.962279,0.000000 82.032518,21.961143,0.000000
                    82.032518,21.961143,0.000000 82.031276,21.960091,0.000000
                    82.030273,21.959223,0.000000 82.029379,21.958224,0.000000
                    82.028491,21.956975,0.000000 82.027583,21.955663,0.000000
                    82.026630,21.954292,0.000000 82.026630,21.954292,0.000000
                    82.026630,21.954292,0.000000 82.026630,21.954292,0.000000
                    82.025647,21.952886,0.000000 82.025647,21.952886,0.000000
                    82.023614,21.950024,0.000000 82.022619,21.948594,0.000000
                    82.021624,21.947172,0.000000 82.020636,21.945756,0.000000
                    82.019642,21.944331,0.000000 82.019642,21.944331,0.000000
                    82.018626,21.942902,0.000000 82.017613,21.941486,0.000000
                    82.016648,21.940052,0.000000 82.015661,21.938553,0.000000
                    82.014657,21.937046,0.000000 82.013886,21.935811,0.000000
                    82.013886,21.935811,0.000000 82.013257,21.934758,0.000000
                    82.012718,21.933761,0.000000 82.012212,21.932810,0.000000
                    82.012212,21.932810,0.000000 82.011938,21.932346,0.000000
                    82.011866,21.932254,0.000000 82.011845,21.932213,0.000000
                    82.011845,21.932213,0.000000 82.011618,21.931822,0.000000
                    82.011362,21.931444,0.000000 82.011106,21.931019,0.000000
                    82.011106,21.931019,0.000000 82.010903,21.930759,0.000000
                    82.010733,21.930436,0.000000 82.010660,21.930268,0.000000
                    82.010660,21.930268,0.000000 82.010648,21.930249,0.000000
                    82.010648,21.930249,0.000000 82.010648,21.930249,0.000000
                    82.010648,21.930249,0.000000 82.010648,21.930249,0.000000
                    82.010648,21.930249,0.000000 82.010648,21.930249,0.000000
                    82.010648,21.930249,0.000000 82.010648,21.930249,0.000000
                    82.010648,21.930249,0.000000 82.010624,21.930205,0.000000
                    82.010624,21.930203,0.000000 82.010624,21.930205,0.000000
                    82.010626,21.930201,0.000000 82.010624,21.930205,0.000000
                    82.010626,21.930201,0.000000 82.010626,21.930201,0.000000
                    82.010626,21.930201,0.000000 82.010626,21.930201,0.000000
                    82.010626,21.930201,0.000000 82.010626,21.930201,0.000000
                    82.010625,21.930199,0.000000 82.010624,21.930198,0.000000
                    82.010624,21.930198,0.000000 82.010442,21.929923,0.000000
                    82.010142,21.929407,0.000000 82.009734,21.928710,0.000000
                    82.009206,21.927813,0.000000 82.008612,21.926808,0.000000
                    82.008612,21.926808,0.000000 82.007303,21.924522,0.000000
                    82.006829,21.923447,0.000000 82.006448,21.922438,0.000000
                    82.006083,21.921097,0.000000 82.005663,21.919579,0.000000
                    82.005663,21.919579,0.000000 82.004889,21.918287,0.000000
                    82.003755,21.917241,0.000000 82.002792,21.916507,0.000000
                    82.002195,21.916060,0.000000 82.001376,21.915424,0.000000
                    82.000402,21.914599,0.000000 82.000402,21.914599,0.000000
                    81.999379,21.913567,0.000000 81.998188,21.912473,0.000000
                    81.996857,21.911418,0.000000 81.995479,21.910357,0.000000
                    81.994098,21.909247,0.000000 81.992727,21.908168,0.000000
                    81.992727,21.908168,0.000000 81.991358,21.907072,0.000000
                    81.990076,21.906025,0.000000 81.990076,21.906025,0.000000
                    81.990076,21.906025,0.000000 81.990076,21.906025,0.000000
                    81.988779,21.904992,0.000000 81.988779,21.904992,0.000000
                    81.987140,21.903411,0.000000 81.987058,21.903276,0.000000
                    81.986642,21.902110,0.000000 81.986623,21.901958,0.000000
                    81.986688,21.900442,0.000000 81.986823,21.898949,0.000000
                    81.986576,21.897477,0.000000 81.985902,21.896110,0.000000
                    81.985902,21.896110,0.000000 81.984793,21.894949,0.000000
                    81.983341,21.894129,0.000000 81.981788,21.893757,0.000000
                    81.980246,21.893799,0.000000 81.978832,21.894210,0.000000
                    81.977421,21.895021,0.000000 81.977421,21.895021,0.000000
                    81.975952,21.895974,0.000000 81.974699,21.896373,0.000000
                    81.974549,21.896391,0.000000 81.973446,21.896331,0.000000
                    81.972571,21.896079,0.000000 81.971527,21.895494,0.000000
                    81.970390,21.894659,0.000000 81.970390,21.894659,0.000000
                    81.969071,21.893691,0.000000 81.967957,21.892731,0.000000
                    81.966963,21.891834,0.000000 81.965933,21.890943,0.000000
                    81.964926,21.890056,0.000000 81.963838,21.889124,0.000000
                    81.963838,21.889124,0.000000 81.962736,21.888149,0.000000
                    81.961638,21.887182,0.000000 81.960469,21.886138,0.000000
                    81.959318,21.885149,0.000000 81.959318,21.885149,0.000000
                    81.959318,21.885149,0.000000 81.958208,21.884154,0.000000
                    81.957048,21.883095,0.000000 81.956290,21.882431,0.000000
                    81.955623,21.881853,0.000000 81.954669,21.881031,0.000000
                    81.954669,21.881031,0.000000 81.952272,21.878919,0.000000
                    81.950876,21.877768,0.000000 81.949500,21.876618,0.000000
                    81.948252,21.875576,0.000000 81.948252,21.875576,0.000000
                    81.947082,21.874601,0.000000 81.945912,21.873616,0.000000
                    81.944768,21.872659,0.000000 81.943550,21.871634,0.000000
                    81.942313,21.870573,0.000000 81.941006,21.869483,0.000000
                    81.939666,21.868409,0.000000 81.939666,21.868409,0.000000
                    81.938435,21.867372,0.000000 81.937235,21.866326,0.000000
                    81.935970,21.865223,0.000000 81.934839,21.864261,0.000000
                    81.933646,21.863253,0.000000 81.932459,21.862257,0.000000
                    81.932459,21.862257,0.000000 81.931326,21.861283,0.000000
                    81.930147,21.860278,0.000000 81.929013,21.859313,0.000000
                    81.927867,21.858325,0.000000 81.926930,21.857304,0.000000
                    81.926348,21.856043,0.000000 81.926348,21.856043,0.000000
                    81.926110,21.854614,0.000000 81.925964,21.853501,0.000000
                    81.925802,21.852231,0.000000 81.925552,21.850891,0.000000
                    81.925073,21.849754,0.000000 81.924411,21.848896,0.000000
                    81.924411,21.848896,0.000000 81.923539,21.848169,0.000000
                    81.922334,21.847553,0.000000 81.920797,21.847230,0.000000
                    81.919133,21.847345,0.000000 81.917529,21.847629,0.000000
                    81.916246,21.847612,0.000000 81.916098,21.847583,0.000000
                    81.916098,21.847583,0.000000 81.914918,21.847132,0.000000
                    81.914777,21.847044,0.000000 81.913441,21.845983,0.000000
                    81.912070,21.844889,0.000000 81.910722,21.843843,0.000000
                    81.909488,21.842789,0.000000 81.908341,21.841814,0.000000
                    81.908341,21.841814,0.000000 81.907099,21.840786,0.000000
                    81.905787,21.839687,0.000000 81.904522,21.838637,0.000000
                    81.903259,21.837599,0.000000 81.902062,21.836618,0.000000
                    81.900733,21.835518,0.000000 81.900733,21.835518,0.000000
                    81.899335,21.834336,0.000000 81.897949,21.833160,0.000000
                    81.896571,21.831973,0.000000 81.895178,21.830752,0.000000
                    81.893866,21.829622,0.000000 81.892583,21.828491,0.000000
                    81.892583,21.828491,0.000000 81.891240,21.827232,0.000000
                    81.889862,21.825963,0.000000 81.889862,21.825963,0.000000
                    81.889862,21.825963,0.000000 81.888439,21.824698,0.000000
                    81.888439,21.824698,0.000000 81.885599,21.822141,0.000000
                    81.884179,21.820862,0.000000 81.882778,21.819582,0.000000
                    81.881391,21.818289,0.000000 81.880071,21.817004,0.000000
                    81.880071,21.817004,0.000000 81.878753,21.815756,0.000000
                    81.877387,21.814466,0.000000 81.876002,21.813163,0.000000
                    81.874666,21.811924,0.000000 81.873288,21.810644,0.000000
                    81.871959,21.809361,0.000000 81.871959,21.809361,0.000000
                    81.870635,21.808113,0.000000 81.869275,21.806830,0.000000
                    81.867896,21.805557,0.000000 81.866513,21.804320,0.000000
                    81.865182,21.803109,0.000000 81.863939,21.801944,0.000000
                    81.863939,21.801944,0.000000 81.862642,21.800735,0.000000
                    81.861357,21.799532,0.000000 81.860145,21.798402,0.000000
                    81.858843,21.797259,0.000000 81.857331,21.796218,0.000000
                    81.855772,21.795164,0.000000 81.855772,21.795164,0.000000
                    81.854192,21.794113,0.000000 81.852580,21.793071,0.000000
                    81.851007,21.791985,0.000000 81.849421,21.790917,0.000000
                    81.847958,21.789931,0.000000 81.846743,21.789122,0.000000
                    81.846743,21.789122,0.000000 81.846743,21.789122,0.000000
                    81.846743,21.789122,0.000000 81.845681,21.788432,0.000000
                    81.845681,21.788432,0.000000 81.842689,21.786421,0.000000
                    81.842689,21.786421,0.000000 81.842689,21.786421,0.000000
                    81.842689,21.786421,0.000000 81.841186,21.785378,0.000000
                    81.839600,21.784350,0.000000 81.837935,21.783235,0.000000
                    81.837935,21.783235,0.000000 81.837935,21.783235,0.000000
                    81.837935,21.783235,0.000000 81.837935,21.783235,0.000000
                    81.834694,21.781055,0.000000 81.834694,21.781055,0.000000
                    81.831463,21.778899,0.000000 81.830140,21.777973,0.000000
                    81.828773,21.777070,0.000000 81.827231,21.776100,0.000000
                    81.825670,21.775088,0.000000 81.825670,21.775088,0.000000
                    81.824083,21.774012,0.000000 81.822419,21.772950,0.000000
                    81.820793,21.771910,0.000000 81.819387,21.771006,0.000000
                    81.818258,21.770267,0.000000 81.816956,21.769401,0.000000
                    81.816956,21.769401,0.000000 81.815700,21.768583,0.000000
                    81.814673,21.768002,0.000000 81.813670,21.767438,0.000000
                    81.812503,21.766491,0.000000 81.811541,21.765734,0.000000
                    81.810362,21.764820,0.000000 81.810362,21.764820,0.000000
                    81.809160,21.763866,0.000000 81.808038,21.763012,0.000000
                    81.806950,21.762148,0.000000 81.806757,21.761923,0.000000
                    81.806762,21.761897,0.000000 81.806767,21.761858,0.000000
                    81.806757,21.761844,0.000000 81.806741,21.761839,0.000000
                    81.806741,21.761839,0.000000 81.806741,21.761839,0.000000
                    81.806741,21.761839,0.000000 81.806741,21.761839,0.000000
                    81.806741,21.761839,0.000000 81.806741,21.761839,0.000000
                    81.806732,21.761829,0.000000 81.806732,21.761826,0.000000
                    81.806732,21.761829,0.000000 81.806732,21.761829,0.000000
                    81.806732,21.761829,0.000000 81.806732,21.761829,0.000000
                    81.806733,21.761826,0.000000 81.806733,21.761826,0.000000
                    81.806733,21.761826,0.000000 81.806733,21.761826,0.000000
                    81.806733,21.761826,0.000000 81.806733,21.761826,0.000000
                    81.806733,21.761826,0.000000 81.806733,21.761826,0.000000
                    81.806733,21.761826,0.000000 81.806733,21.761826,0.000000
                    81.806733,21.761826,0.000000 81.806733,21.761826,0.000000
                    81.806733,21.761826,0.000000 81.806733,21.761826,0.000000
                    81.806733,21.761826,0.000000 81.806733,21.761826,0.000000
                    81.806733,21.761826,0.000000 81.806733,21.761826,0.000000
                    81.806733,21.761826,0.000000 81.806733,21.761826,0.000000
                    81.806733,21.761826,0.000000 81.806733,21.761826,0.000000
                    81.806733,21.761826,0.000000 81.806733,21.761826,0.000000
                    81.806733,21.761826,0.000000 81.806733,21.761826,0.000000
                    81.806733,21.761826,0.000000 81.806733,21.761826,0.000000
                    81.806733,21.761826,0.000000 81.806733,21.761826,0.000000
                    81.806733,21.761826,0.000000 81.806733,21.761826,0.000000
                    81.806733,21.761826,0.000000 81.806733,21.761826,0.000000
                    81.806733,21.761826,0.000000 81.806733,21.761826,0.000000
                    81.806733,21.761826,0.000000 81.806733,21.761826,0.000000
                    81.806733,21.761826,0.000000 81.806733,21.761826,0.000000
                    81.806733,21.761826,0.000000 81.806733,21.761826,0.000000
                    81.806733,21.761826,0.000000 81.806733,21.761826,0.000000
                    81.806733,21.761826,0.000000 81.806733,21.761826,0.000000
                    81.806733,21.761826,0.000000 81.806733,21.761826,0.000000
                    81.806733,21.761826,0.000000 81.806733,21.761826,0.000000
                    81.806733,21.761826,0.000000 81.806733,21.761826,0.000000
                    81.806733,21.761826,0.000000 81.806733,21.761826,0.000000
                    81.806733,21.761826,0.000000 81.806733,21.761826,0.000000
                    81.806733,21.761826,0.000000 81.806733,21.761826,0.000000
                    81.806733,21.761826,0.000000 81.806733,21.761826,0.000000
                    81.806733,21.761826,0.000000 81.806733,21.761826,0.000000
                    81.806733,21.761826,0.000000 81.806733,21.761826,0.000000
                    81.806733,21.761826,0.000000 81.806733,21.761826,0.000000
                    81.806733,21.761826,0.000000 81.806733,21.761826,0.000000
                    81.806733,21.761826,0.000000 81.806733,21.761826,0.000000
                    81.806733,21.761826,0.000000 81.806733,21.761826,0.000000
                    81.806733,21.761826,0.000000 81.806733,21.761826,0.000000
                    81.806733,21.761826,0.000000 81.806733,21.761826,0.000000
                    81.806733,21.761826,0.000000 81.806733,21.761826,0.000000
                    81.806733,21.761826,0.000000 81.806733,21.761826,0.000000
                    81.806733,21.761826,0.000000 81.806733,21.761826,0.000000
                    81.806733,21.761826,0.000000 81.806733,21.761826,0.000000
                    81.806733,21.761826,0.000000 81.806733,21.761826,0.000000
                    81.806733,21.761826,0.000000 81.806733,21.761826,0.000000
                    81.806733,21.761826,0.000000 81.806733,21.761826,0.000000
                    81.806733,21.761826,0.000000 81.806733,21.761826,0.000000
                    81.806733,21.761826,0.000000 81.806733,21.761826,0.000000
                    81.806733,21.761826,0.000000 81.806733,21.761826,0.000000
                    81.806733,21.761826,0.000000 81.806733,21.761826,0.000000
                    81.806733,21.761826,0.000000 81.806733,21.761826,0.000000
                    81.806733,21.761826,0.000000 81.806733,21.761826,0.000000
                    81.806733,21.761826,0.000000 81.806733,21.761826,0.000000
                    81.806733,21.761826,0.000000 81.806733,21.761826,0.000000
                    81.806733,21.761826,0.000000 81.806733,21.761826,0.000000
                    81.806733,21.761826,0.000000 81.806733,21.761826,0.000000
                    81.806733,21.761826,0.000000 81.806733,21.761826,0.000000
                    81.806733,21.761826,0.000000 81.806733,21.761826,0.000000
                    81.806733,21.761826,0.000000 81.806733,21.761826,0.000000
                    81.806733,21.761826,0.000000 81.806733,21.761826,0.000000
                    81.806733,21.761826,0.000000 81.806733,21.761826,0.000000
                    81.806733,21.761826,0.000000 81.806733,21.761826,0.000000
                    81.806733,21.761826,0.000000 81.806733,21.761826,0.000000
                    81.806733,21.761826,0.000000 81.806733,21.761826,0.000000
                    81.806733,21.761826,0.000000 81.806733,21.761826,0.000000
                    81.806733,21.761826,0.000000 81.806733,21.761826,0.000000
                    81.806733,21.761826,0.000000 81.806733,21.761826,0.000000
                    81.806733,21.761826,0.000000 81.806733,21.761826,0.000000
                    81.806733,21.761826,0.000000 81.806733,21.761826,0.000000
                    81.806733,21.761826,0.000000 81.806733,21.761826,0.000000
                    81.806733,21.761826,0.000000 81.806733,21.761826,0.000000
                    81.806733,21.761826,0.000000 81.806733,21.761826,0.000000
                    81.806733,21.761826,0.000000 81.806733,21.761826,0.000000
                    81.806733,21.761826,0.000000 81.806733,21.761826,0.000000
                    81.806733,21.761826,0.000000 81.806733,21.761826,0.000000
                    81.806733,21.761826,0.000000 81.806733,21.761826,0.000000
                    81.806733,21.761826,0.000000 81.806733,21.761826,0.000000
                    81.806733,21.761826,0.000000 81.806733,21.761826,0.000000
                    81.806733,21.761826,0.000000 81.806733,21.761826,0.000000
                    81.806733,21.761826,0.000000 81.806733,21.761826,0.000000
                    81.806733,21.761826,0.000000 81.806733,21.761826,0.000000
                    81.806733,21.761826,0.000000 81.806733,21.761826,0.000000
                    81.806733,21.761826,0.000000 81.806733,21.761826,0.000000
                    81.806733,21.761826,0.000000 81.806733,21.761826,0.000000
                    81.806733,21.761826,0.000000 81.806733,21.761826,0.000000
                    81.806733,21.761826,0.000000 81.806733,21.761826,0.000000
                    81.806733,21.761826,0.000000 81.806733,21.761826,0.000000
                    81.806733,21.761826,0.000000 81.806733,21.761826,0.000000
                    81.806733,21.761826,0.000000 81.806733,21.761826,0.000000
                    81.806733,21.761826,0.000000 81.806733,21.761826,0.000000
                    81.806733,21.761826,0.000000 81.806733,21.761826,0.000000
                    81.806733,21.761826,0.000000 81.806733,21.761826,0.000000
                    81.806733,21.761826,0.000000 81.806733,21.761826,0.000000
                    81.806733,21.761826,0.000000 81.806733,21.761826,0.000000
                    81.806733,21.761826,0.000000 81.806733,21.761826,0.000000
                    81.806733,21.761826,0.000000 81.806733,21.761826,0.000000
                    81.806733,21.761826,0.000000 81.806733,21.761826,0.000000
                    81.806733,21.761826,0.000000 81.806733,21.761826,0.000000
                    81.806733,21.761826,0.000000 81.806733,21.761826,0.000000
                    81.806733,21.761826,0.000000 81.806733,21.761826,0.000000
                    81.806733,21.761826,0.000000 81.806733,21.761826,0.000000
                    81.806733,21.761826,0.000000 81.806733,21.761826,0.000000
                    81.806733,21.761826,0.000000 81.806733,21.761826,0.000000
                    81.806733,21.761826,0.000000 81.806733,21.761826,0.000000
                    81.806733,21.761826,0.000000 81.806733,21.761826,0.000000
                    81.806733,21.761826,0.000000 81.806733,21.761826,0.000000
                    81.806733,21.761826,0.000000 81.806733,21.761826,0.000000
                    81.806733,21.761826,0.000000 81.806733,21.761826,0.000000
                    81.806733,21.761826,0.000000 81.806733,21.761826,0.000000
                    81.806733,21.761826,0.000000 81.806733,21.761826,0.000000
                    81.806733,21.761826,0.000000 81.806733,21.761826,0.000000
                    81.806733,21.761826,0.000000 81.806733,21.761826,0.000000
                    81.806733,21.761826,0.000000 81.806733,21.761826,0.000000
                    81.806733,21.761826,0.000000 81.806733,21.761826,0.000000
                    81.806733,21.761826,0.000000 81.806733,21.761826,0.000000
                    81.806733,21.761826,0.000000 81.806733,21.761826,0.000000
                    81.806733,21.761826,0.000000 81.806733,21.761826,0.000000
                    81.806733,21.761826,0.000000 81.806733,21.761826,0.000000
                    81.806733,21.761826,0.000000 81.806733,21.761826,0.000000
                    81.806733,21.761826,0.000000 81.806733,21.761826,0.000000
                    81.806733,21.761826,0.000000 81.806733,21.761826,0.000000
                    81.806733,21.761826,0.000000 81.806733,21.761826,0.000000
                    81.806733,21.761826,0.000000 81.806733,21.761826,0.000000
                    81.806733,21.761826,0.000000 81.806733,21.761826,0.000000
                    81.806733,21.761826,0.000000 81.806733,21.761826,0.000000
                    81.806733,21.761826,0.000000 81.806733,21.761826,0.000000
                    81.806733,21.761826,0.000000 81.806733,21.761826,0.000000
                    81.806733,21.761826,0.000000 81.806733,21.761826,0.000000
                    81.806733,21.761826,0.000000 81.806733,21.761826,0.000000
                    81.806733,21.761826,0.000000 81.806733,21.761826,0.000000
                    81.806733,21.761826,0.000000 81.806733,21.761826,0.000000
                    81.806733,21.761826,0.000000 81.806733,21.761826,0.000000
                    81.806733,21.761826,0.000000 81.806733,21.761826,0.000000
                    81.806733,21.761826,0.000000 81.806733,21.761826,0.000000
                    81.806733,21.761826,0.000000 81.806733,21.761826,0.000000
                    81.806733,21.761826,0.000000 81.806733,21.761826,0.000000
                    81.806733,21.761826,0.000000 81.806733,21.761826,0.000000
                    81.806733,21.761826,0.000000 81.806733,21.761826,0.000000
                    81.806733,21.761826,0.000000 81.806733,21.761826,0.000000
                    81.806733,21.761826,0.000000 81.806733,21.761826,0.000000
                    81.806733,21.761826,0.000000 81.806733,21.761826,0.000000
                    81.806733,21.761826,0.000000 81.806733,21.761826,0.000000
                    81.806733,21.761826,0.000000 81.806733,21.761826,0.000000
                    81.806733,21.761826,0.000000 81.806733,21.761826,0.000000
                    81.806733,21.761826,0.000000 81.806733,21.761826,0.000000
                    81.806733,21.761826,0.000000 81.806733,21.761826,0.000000
                    81.806733,21.761826,0.000000 81.806733,21.761826,0.000000
                    81.806733,21.761826,0.000000 81.806733,21.761826,0.000000
                    81.806733,21.761826,0.000000 81.806733,21.761826,0.000000
                    81.806733,21.761826,0.000000 81.806733,21.761826,0.000000
                    81.806733,21.761826,0.000000 81.806733,21.761826,0.000000
                    81.806733,21.761826,0.000000 81.806733,21.761826,0.000000
                    81.806733,21.761826,0.000000 81.806733,21.761826,0.000000
                    81.806733,21.761826,0.000000 81.806733,21.761826,0.000000
                    81.806733,21.761826,0.000000 81.806733,21.761826,0.000000
                    81.806733,21.761826,0.000000 81.806733,21.761826,0.000000
                    81.806733,21.761826,0.000000 81.806733,21.761826,0.000000
                    81.806733,21.761826,0.000000 81.806733,21.761826,0.000000
                    81.806733,21.761826,0.000000 81.806733,21.761826,0.000000
                    81.806733,21.761826,0.000000 81.806733,21.761826,0.000000
                    81.806733,21.761826,0.000000 81.806733,21.761826,0.000000
                    81.806733,21.761826,0.000000 81.806733,21.761826,0.000000
                    81.806733,21.761826,0.000000 81.806733,21.761826,0.000000
                    81.806733,21.761826,0.000000 81.806733,21.761826,0.000000
                    81.806733,21.761826,0.000000 81.806733,21.761826,0.000000
                    81.806733,21.761826,0.000000 81.806733,21.761826,0.000000
                    81.806733,21.761826,0.000000 81.806733,21.761826,0.000000
                    81.806733,21.761826,0.000000 81.806733,21.761826,0.000000
                    81.806733,21.761826,0.000000 81.806733,21.761826,0.000000
                    81.806733,21.761826,0.000000 81.806733,21.761826,0.000000
                    81.806733,21.761826,0.000000 81.806733,21.761826,0.000000
                    81.806733,21.761826,0.000000 81.806733,21.761826,0.000000
                    81.806733,21.761826,0.000000 81.806733,21.761826,0.000000
                    81.806733,21.761826,0.000000 81.806733,21.761826,0.000000
                    81.806733,21.761826,0.000000 81.806733,21.761826,0.000000
                    81.806733,21.761826,0.000000 81.806733,21.761826,0.000000
                    81.806733,21.761826,0.000000 81.806733,21.761826,0.000000
                    81.806733,21.761826,0.000000 81.806733,21.761826,0.000000
                    81.806733,21.761826,0.000000 81.806733,21.761826,0.000000
                    81.806733,21.761826,0.000000 81.806733,21.761826,0.000000
                    81.806733,21.761826,0.000000 81.806733,21.761826,0.000000
                    81.806733,21.761826,0.000000 81.806733,21.761826,0.000000
                    81.806733,21.761826,0.000000 81.806733,21.761826,0.000000
                    81.806733,21.761826,0.000000 81.806733,21.761826,0.000000
                    81.806733,21.761826,0.000000 81.806733,21.761826,0.000000
                    81.806733,21.761826,0.000000 81.806733,21.761826,0.000000
                    81.806733,21.761826,0.000000 81.806733,21.761826,0.000000
                    81.806733,21.761826,0.000000 81.806733,21.761826,0.000000
                    81.806733,21.761826,0.000000 81.806733,21.761826,0.000000
                    81.806733,21.761826,0.000000 81.806733,21.761826,0.000000
                    81.806733,21.761826,0.000000 81.806733,21.761826,0.000000
                    81.806733,21.761826,0.000000 81.806733,21.761826,0.000000
                    81.806733,21.761826,0.000000 81.806733,21.761826,0.000000
                    81.806733,21.761826,0.000000 81.806733,21.761826,0.000000
                    81.806733,21.761826,0.000000 81.806733,21.761826,0.000000
                    81.806733,21.761826,0.000000 81.806733,21.761826,0.000000
                    81.806733,21.761826,0.000000 81.806733,21.761826,0.000000
                    81.806733,21.761826,0.000000 81.806733,21.761826,0.000000
                    81.806733,21.761826,0.000000 81.806733,21.761826,0.000000
                    81.806733,21.761826,0.000000 81.806733,21.761826,0.000000
                    81.806733,21.761826,0.000000 81.806733,21.761826,0.000000
                    81.806733,21.761826,0.000000 81.806733,21.761826,0.000000
                    81.806733,21.761826,0.000000 81.806733,21.761826,0.000000
                    81.806733,21.761826,0.000000 81.806733,21.761826,0.000000
                    81.806733,21.761826,0.000000 81.806733,21.761826,0.000000
                    81.806733,21.761826,0.000000 81.806733,21.761826,0.000000
                    81.806733,21.761826,0.000000 81.806733,21.761826,0.000000
                    81.806733,21.761826,0.000000 81.806733,21.761826,0.000000
                    81.806733,21.761826,0.000000 81.806733,21.761826,0.000000
                    81.806733,21.761826,0.000000 81.806733,21.761826,0.000000
                    81.806733,21.761826,0.000000 81.806733,21.761826,0.000000
                    81.806733,21.761826,0.000000 81.806733,21.761826,0.000000
                    81.806733,21.761826,0.000000 81.806733,21.761826,0.000000
                    81.806733,21.761826,0.000000 81.806733,21.761826,0.000000
                    81.806733,21.761826,0.000000 81.806733,21.761826,0.000000
                    81.806733,21.761826,0.000000 81.806733,21.761826,0.000000
                    81.806733,21.761826,0.000000 81.806733,21.761826,0.000000
                    81.806733,21.761826,0.000000 81.806733,21.761826,0.000000
                    81.806733,21.761826,0.000000 81.806733,21.761826,0.000000
                    81.806733,21.761826,0.000000 81.806733,21.761826,0.000000
                    81.806733,21.761826,0.000000 81.806733,21.761826,0.000000
                    81.806733,21.761826,0.000000 81.806733,21.761826,0.000000
                    81.806733,21.761826,0.000000 81.806733,21.761826,0.000000
                    81.806733,21.761826,0.000000 81.806733,21.761826,0.000000
                    81.806733,21.761826,0.000000 81.806733,21.761826,0.000000
                    81.806733,21.761826,0.000000 81.806733,21.761826,0.000000
                    81.806733,21.761826,0.000000 81.806733,21.761826,0.000000
                    81.806733,21.761826,0.000000 81.806733,21.761826,0.000000
                    81.806733,21.761826,0.000000 81.806733,21.761826,0.000000
                    81.806733,21.761826,0.000000 81.806733,21.761826,0.000000
                    81.806733,21.761826,0.000000 81.806733,21.761826,0.000000
                    81.806733,21.761826,0.000000 81.806733,21.761826,0.000000
                    81.806733,21.761826,0.000000 81.806733,21.761826,0.000000
                    81.806733,21.761826,0.000000 81.806733,21.761826,0.000000
                    81.806733,21.761826,0.000000 81.806733,21.761826,0.000000
                    81.806733,21.761826,0.000000 81.806733,21.761826,0.000000
                    81.806734,21.761831,0.000000 81.806733,21.761826,0.000000
                    81.806728,21.761767,0.000000 81.806733,21.761826,0.000000
                    81.806733,21.761826,0.000000 81.806733,21.761826,0.000000
                    81.806733,21.761826,0.000000 81.806639,21.761804,0.000000
                    81.806617,21.761792,0.000000 81.806460,21.761602,0.000000
                    81.806436,21.761567,0.000000 81.806436,21.761567,0.000000
                    81.806117,21.761029,0.000000 81.805852,21.760257,0.000000
                    81.805764,21.759284,0.000000 81.805814,21.758322,0.000000
                    81.805776,21.757411,0.000000 81.805488,21.756470,0.000000
                    81.805488,21.756470,0.000000 81.804862,21.755551,0.000000
                    81.803833,21.754760,0.000000 81.802433,21.754075,0.000000
                    81.800875,21.753233,0.000000 81.799737,21.752125,0.000000
                    81.799636,21.751981,0.000000 81.798855,21.750459,0.000000
                    81.798855,21.750459,0.000000 81.798147,21.748923,0.000000
                    81.797419,21.747376,0.000000 81.796682,21.745831,0.000000
                    81.795907,21.744307,0.000000 81.795152,21.742784,0.000000
                    81.794409,21.741324,0.000000 81.794409,21.741324,0.000000
                    81.793686,21.739895,0.000000 81.792909,21.738414,0.000000
                    81.792084,21.736887,0.000000 81.791364,21.735336,0.000000
                    81.790741,21.733743,0.000000 81.790138,21.732142,0.000000
                    81.790138,21.732142,0.000000 81.789541,21.730554,0.000000
                    81.788936,21.728980,0.000000 81.788334,21.727399,0.000000
                    81.788334,21.727399,0.000000 81.788334,21.727399,0.000000
                    81.788334,21.727399,0.000000 81.788334,21.727399,0.000000
                    81.788334,21.727399,0.000000 81.788334,21.727399,0.000000
                    81.788334,21.727399,0.000000 81.788334,21.727399,0.000000
                    81.788334,21.727399,0.000000 81.788334,21.727399,0.000000
                    81.788334,21.727399,0.000000 81.787253,21.724653,0.000000
                    81.786606,21.723496,0.000000 81.786606,21.723496,0.000000
                    81.785141,21.720673,0.000000 81.785141,21.720673,0.000000
                    81.783741,21.718189,0.000000 81.783095,21.717038,0.000000
                    81.782298,21.715759,0.000000 81.781314,21.714312,0.000000
                    81.780250,21.712736,0.000000 81.780250,21.712736,0.000000
                    81.779144,21.711138,0.000000 81.778034,21.709534,0.000000
                    81.776957,21.707923,0.000000 81.776957,21.707923,0.000000
                    81.776957,21.707923,0.000000 81.775946,21.706319,0.000000
                    81.775008,21.704726,0.000000 81.775008,21.704726,0.000000
                    81.773284,21.701582,0.000000 81.772473,21.700071,0.000000
                    81.771643,21.698613,0.000000 81.770851,21.697214,0.000000
                    81.770012,21.695695,0.000000 81.770012,21.695695,0.000000
                    81.769085,21.694017,0.000000 81.768157,21.692328,0.000000
                    81.767133,21.690722,0.000000 81.766053,21.689189,0.000000
                    81.764996,21.687689,0.000000 81.764061,21.686139,0.000000
                    81.764061,21.686139,0.000000 81.763184,21.684562,0.000000
                    81.762334,21.683034,0.000000 81.761511,21.681539,0.000000
                    81.760713,21.680054,0.000000 81.759962,21.678601,0.000000
                    81.759103,21.677261,0.000000 81.759103,21.677261,0.000000
                    81.757849,21.676200,0.000000 81.756390,21.675148,0.000000
                    81.754942,21.674100,0.000000 81.753438,21.672936,0.000000
                    81.751912,21.671767,0.000000 81.750376,21.670589,0.000000
                    81.750376,21.670589,0.000000 81.748827,21.669402,0.000000
                    81.747277,21.668234,0.000000 81.745802,21.667096,0.000000
                    81.744323,21.665931,0.000000 81.742919,21.664773,0.000000
                    81.741517,21.663628,0.000000 81.741517,21.663628,0.000000
                    81.740163,21.662502,0.000000 81.738870,21.661391,0.000000
                    81.737728,21.660364,0.000000 81.736581,21.659313,0.000000
                    81.736581,21.659313,0.000000 81.736581,21.659313,0.000000
                    81.736581,21.659313,0.000000 81.736581,21.659313,0.000000
                    81.734228,21.657031,0.000000 81.734228,21.657031,0.000000
                    81.734228,21.657031,0.000000 81.734228,21.657031,0.000000
                    81.734228,21.657031,0.000000 81.732029,21.654938,0.000000
                    81.730950,21.653948,0.000000 81.729949,21.652953,0.000000
                    81.729949,21.652953,0.000000 81.729949,21.652953,0.000000
                    81.729949,21.652953,0.000000 81.728869,21.651964,0.000000
                    81.728869,21.651964,0.000000 81.726525,21.649983,0.000000
                    81.725353,21.648998,0.000000 81.724318,21.648142,0.000000
                    81.723214,21.647222,0.000000 81.721978,21.646191,0.000000
                    81.721978,21.646191,0.000000 81.720664,21.645076,0.000000
                    81.719293,21.643904,0.000000 81.718007,21.642757,0.000000
                    81.717275,21.641603,0.000000 81.717231,21.641478,0.000000
                    81.717049,21.640426,0.000000 81.717056,21.640287,0.000000
                    81.717378,21.638878,0.000000 81.717378,21.638878,0.000000
                    81.717940,21.637537,0.000000 81.718581,21.636067,0.000000
                    81.719180,21.634656,0.000000 81.719643,21.633263,0.000000
                    81.719592,21.631655,0.000000 81.718944,21.630132,0.000000
                    81.718944,21.630132,0.000000 81.718151,21.629006,0.000000
                    81.718151,21.629006,0.000000 81.718151,21.629006,0.000000
                    81.717201,21.627699,0.000000 81.717201,21.627699,0.000000
                    81.715406,21.625682,0.000000 81.714199,21.625039,0.000000
                    81.713138,21.624562,0.000000 81.712127,21.624113,0.000000
                    81.711068,21.623636,0.000000 81.711068,21.623636,0.000000
                    81.709993,21.623168,0.000000 81.708756,21.622611,0.000000
                    81.708756,21.622611,0.000000 81.708756,21.622611,0.000000
                    81.707358,21.621992,0.000000 81.705890,21.621118,0.000000
                    81.704941,21.619967,0.000000 81.704460,21.618741,0.000000
                    81.704460,21.618741,0.000000 81.704191,21.615641,0.000000
                    81.704056,21.614028,0.000000 81.703892,21.612388,0.000000
                    81.703728,21.610736,0.000000 81.703548,21.609251,0.000000
                    81.703548,21.609251,0.000000 81.703345,21.607743,0.000000
                    81.703143,21.606106,0.000000 81.702988,21.604416,0.000000
                    81.702604,21.602746,0.000000 81.701881,21.601082,0.000000
                    81.701102,21.599389,0.000000 81.701102,21.599389,0.000000
                    81.700380,21.597737,0.000000 81.699662,21.596113,0.000000
                    81.698947,21.594448,0.000000 81.698426,21.592775,0.000000
                    81.698161,21.591383,0.000000 81.698061,21.590026,0.000000
                    81.698061,21.590026,0.000000 81.698129,21.588514,0.000000
                    81.698331,21.586735,0.000000 81.698468,21.584965,0.000000
                    81.698501,21.583190,0.000000 81.698592,21.581420,0.000000
                    81.698694,21.579635,0.000000 81.698694,21.579635,0.000000
                    81.698802,21.577808,0.000000 81.698902,21.575966,0.000000
                    81.699008,21.574409,0.000000 81.699088,21.573111,0.000000
                    81.699197,21.571481,0.000000 81.699365,21.569599,0.000000
                    81.699365,21.569599,0.000000 81.699481,21.567693,0.000000
                    81.699597,21.565857,0.000000 81.699678,21.564174,0.000000
                    81.699605,21.562466,0.000000 81.699505,21.560714,0.000000
                    81.699442,21.558936,0.000000 81.699442,21.558936,0.000000
                    81.699377,21.557122,0.000000 81.699208,21.555315,0.000000
                    81.699047,21.553514,0.000000 81.698888,21.551804,0.000000
                    81.698735,21.550223,0.000000 81.698626,21.548575,0.000000
                    81.698626,21.548575,0.000000 81.698531,21.546874,0.000000
                    81.698371,21.545146,0.000000 81.698230,21.543456,0.000000
                    81.698063,21.541764,0.000000 81.697886,21.540070,0.000000
                    81.697736,21.538577,0.000000 81.697736,21.538577,0.000000
                    81.697505,21.536877,0.000000 81.697212,21.535017,0.000000
                    81.696931,21.533256,0.000000 81.696642,21.531442,0.000000
                    81.696361,21.529632,0.000000 81.696125,21.528130,0.000000
                    81.696125,21.528130,0.000000 81.695909,21.526531,0.000000
                    81.695669,21.524834,0.000000 81.695529,21.523369,0.000000
                    81.695443,21.521777,0.000000 81.695358,21.520197,0.000000
                    81.695271,21.518885,0.000000 81.695271,21.518885,0.000000
                    81.695271,21.518885,0.000000 81.695129,21.517522,0.000000
                    81.694767,21.516043,0.000000 81.694328,21.514487,0.000000
                    81.693986,21.512999,0.000000 81.693637,21.511482,0.000000
                    81.693311,21.509924,0.000000 81.693311,21.509924,0.000000
                    81.693055,21.508327,0.000000 81.692851,21.506888,0.000000
                    81.692662,21.505637,0.000000 81.692509,21.504252,0.000000
                    81.692745,21.503072,0.000000 81.692807,21.502928,0.000000
                    81.693421,21.502008,0.000000 81.693533,21.501894,0.000000
                    81.694747,21.500937,0.000000 81.694747,21.500937,0.000000
                    81.695818,21.500143,0.000000 81.696847,21.499382,0.000000
                    81.697903,21.498467,0.000000 81.698599,21.497399,0.000000
                    81.698902,21.496326,0.000000 81.698884,21.495216,0.000000
                    81.698884,21.495216,0.000000 81.698557,21.494128,0.000000
                    81.697991,21.493243,0.000000 81.697089,21.492428,0.000000
                    81.695986,21.491726,0.000000 81.694863,21.491031,0.000000
                    81.693631,21.490254,0.000000 81.693631,21.490254,0.000000
                    81.692494,21.489601,0.000000 81.691748,21.488914,0.000000
                    81.691654,21.488786,0.000000 81.691058,21.487646,0.000000
                    81.691018,21.487504,0.000000 81.690926,21.486180,0.000000
                    81.691008,21.484854,0.000000 81.691187,21.483591,0.000000
                    81.691187,21.483591,0.000000 81.691231,21.482484,0.000000
                    81.691220,21.481501,0.000000 81.691214,21.480813,0.000000
                    81.691214,21.480813,0.000000 81.691219,21.480227,0.000000
                    81.691181,21.479956,0.000000 81.691162,21.479903,0.000000
                    81.691092,21.479587,0.000000 81.691093,21.479527,0.000000
                    81.691093,21.479527,0.000000 81.691128,21.478796,0.000000
                    81.691160,21.477796,0.000000 81.690859,21.476647,0.000000
                    81.690117,21.475552,0.000000 81.690006,21.475441,0.000000
                    81.688978,21.474468,0.000000 81.687875,21.473439,0.000000
                    81.687875,21.473439,0.000000 81.686867,21.472460,0.000000
                    81.686079,21.471427,0.000000 81.685364,21.470099,0.000000
                    81.684935,21.468690,0.000000 81.684776,21.467305,0.000000
                    81.684893,21.465822,0.000000 81.684893,21.465822,0.000000
                    81.685349,21.464287,0.000000 81.686088,21.462798,0.000000
                    81.686774,21.461562,0.000000 81.687167,21.460412,0.000000
                    81.687162,21.459278,0.000000 81.687142,21.459168,0.000000
                    81.686872,21.458032,0.000000 81.686872,21.458032,0.000000
                    81.686544,21.456718,0.000000 81.686209,21.455376,0.000000
                    81.685912,21.454142,0.000000 81.685643,21.452994,0.000000
                    81.685643,21.452994,0.000000 81.685643,21.452994,0.000000
                    81.685324,21.451576,0.000000 81.685324,21.451576,0.000000
                    81.684610,21.448357,0.000000 81.684424,21.446847,0.000000
                    81.684424,21.446847,0.000000 81.684424,21.446847,0.000000
                    81.684424,21.446847,0.000000 81.684237,21.445529,0.000000
                    81.683899,21.444569,0.000000 81.683447,21.443703,0.000000
                    81.683447,21.443703,0.000000 81.682412,21.441744,0.000000
                    81.682026,21.440586,0.000000 81.681645,21.439251,0.000000
                    81.681230,21.437812,0.000000 81.680809,21.436395,0.000000
                    81.680809,21.436395,0.000000 81.680352,21.434867,0.000000
                    81.679962,21.433518,0.000000 81.679590,21.432353,0.000000
                    81.679173,21.431189,0.000000 81.678762,21.429998,0.000000
                    81.678762,21.429998,0.000000 81.678762,21.429998,0.000000
                    81.678762,21.429998,0.000000 81.678762,21.429998,0.000000
                    81.678762,21.429998,0.000000 81.678762,21.429998,0.000000
                    81.678762,21.429998,0.000000 81.678762,21.429998,0.000000
                    81.678762,21.429998,0.000000 81.678762,21.429998,0.000000
                    81.678762,21.429998,0.000000 81.678762,21.429998,0.000000
                    81.678432,21.429082,0.000000 81.678233,21.428526,0.000000
                    81.677922,21.427664,0.000000 81.677922,21.427664,0.000000
                    81.677504,21.426501,0.000000 81.677023,21.425139,0.000000
                    81.676499,21.423674,0.000000 81.675967,21.422180,0.000000
                    81.675438,21.420677,0.000000 81.674909,21.419190,0.000000
                    81.674909,21.419190,0.000000 81.674407,21.417747,0.000000
                    81.674171,21.416339,0.000000 81.674180,21.416180,0.000000
                    81.674582,21.414798,0.000000 81.674648,21.414652,0.000000
                    81.675346,21.413192,0.000000 81.676056,21.411712,0.000000
                    81.676056,21.411712,0.000000 81.676056,21.411712,0.000000
                    81.676752,21.410250,0.000000 81.676752,21.410250,0.000000
                    81.678278,21.407055,0.000000 81.679034,21.405438,0.000000
                    81.679034,21.405438,0.000000 81.679034,21.405438,0.000000
                    81.679034,21.405438,0.000000 81.679709,21.403908,0.000000
                    81.680029,21.402264,0.000000 81.679895,21.400516,0.000000
                    81.679895,21.400516,0.000000 81.679388,21.397027,0.000000
                    81.679018,21.395414,0.000000 81.678317,21.393993,0.000000
                    81.677302,21.392794,0.000000 81.676123,21.391854,0.000000
                    81.676123,21.391854,0.000000 81.674804,21.390899,0.000000
                    81.673371,21.389859,0.000000 81.672026,21.388875,0.000000
                    81.670746,21.387937,0.000000 81.669921,21.387014,0.000000
                    81.669843,21.386881,0.000000 81.669349,21.385410,0.000000
                    81.669349,21.385410,0.000000 81.668980,21.383809,0.000000
                    81.668599,21.382181,0.000000 81.668209,21.380497,0.000000
                    81.667825,21.378848,0.000000 81.667825,21.378848,0.000000
                    81.667825,21.378848,0.000000 81.667825,21.378848,0.000000
                    81.667507,21.377296,0.000000 81.667321,21.375810,0.000000
                    81.667321,21.375810,0.000000 81.667013,21.372888,0.000000
                    81.666864,21.371573,0.000000 81.666864,21.371573,0.000000
                    81.666864,21.371573,0.000000 81.666709,21.370296,0.000000
                    81.666709,21.370296,0.000000 81.666122,21.367747,0.000000
                    81.665578,21.366522,0.000000 81.664912,21.365324,0.000000
                    81.664200,21.364079,0.000000 81.663632,21.362819,0.000000
                    81.663632,21.362819,0.000000 81.663088,21.361636,0.000000
                    81.662527,21.360446,0.000000 81.661958,21.359203,0.000000
                    81.661287,21.358057,0.000000 81.660483,21.356949,0.000000
                    81.659795,21.355718,0.000000 81.659795,21.355718,0.000000
                    81.659303,21.354306,0.000000 81.659047,21.352762,0.000000
                    81.658838,21.351172,0.000000 81.658247,21.349724,0.000000
                    81.657540,21.348406,0.000000 81.656947,21.347089,0.000000
                    81.656947,21.347089,0.000000 81.656238,21.345905,0.000000
                    81.655214,21.344967,0.000000 81.654060,21.344369,0.000000
                    81.654060,21.344369,0.000000 81.654060,21.344369,0.000000
                    81.654060,21.344369,0.000000 81.652687,21.343770,0.000000
                    81.652687,21.343770,0.000000 81.649643,21.342429,0.000000
                    81.648141,21.341783,0.000000 81.646623,21.341207,0.000000
                    81.646623,21.341207,0.000000 81.646623,21.341207,0.000000
                    81.645114,21.340771,0.000000 81.643747,21.340508,0.000000
                    81.643747,21.340508,0.000000 81.641058,21.340254,0.000000
                    81.639514,21.340133,0.000000 81.637988,21.340016,0.000000
                    81.636740,21.339929,0.000000 81.635885,21.339883,0.000000
                    81.635885,21.339883,0.000000 81.635275,21.339840,0.000000
                    81.634684,21.339794,0.000000 81.634032,21.339746,0.000000
                    81.634032,21.339746,0.000000 81.634032,21.339746,0.000000
                    81.633264,21.339691,0.000000 81.633264,21.339691,0.000000
                    81.631490,21.339505,0.000000 81.630269,21.339287,0.000000
                    81.629002,21.338982,0.000000 81.627780,21.338603,0.000000
                    81.627780,21.338603,0.000000 81.627780,21.338603,0.000000
                    81.627780,21.338603,0.000000 81.626689,21.338178,0.000000
                    81.626689,21.338178,0.000000 81.624446,21.337062,0.000000
                    81.623358,21.336431,0.000000 81.622287,21.335849,0.000000
                    81.621022,21.335128,0.000000 81.619664,21.334372,0.000000
                    81.619664,21.334372,0.000000 81.618377,21.333676,0.000000
                    81.617074,21.333141,0.000000 81.615622,21.332767,0.000000
                    81.614051,21.332486,0.000000 81.612530,21.332198,0.000000
                    81.611089,21.331918,0.000000 81.611089,21.331918,0.000000
                    81.611089,21.331918,0.000000 81.611089,21.331918,0.000000
                    81.609806,21.331527,0.000000 81.609806,21.331527,0.000000
                    81.609806,21.331527,0.000000 81.609806,21.331527,0.000000
                    81.607190,21.330033,0.000000 81.607190,21.330033,0.000000
                    81.605199,21.327834,0.000000 81.604404,21.326667,0.000000
                    81.603538,21.325405,0.000000 81.602635,21.324119,0.000000
                    81.601744,21.322843,0.000000 81.601744,21.322843,0.000000
                    81.600868,21.321587,0.000000 81.600047,21.320394,0.000000
                    81.599219,21.319194,0.000000 81.598378,21.317993,0.000000
                    81.597639,21.316923,0.000000 81.596908,21.315867,0.000000
                    81.596908,21.315867,0.000000 81.596206,21.314821,0.000000
                    81.595792,21.313614,0.000000 81.595854,21.312302,0.000000
                    81.596190,21.310818,0.000000 81.596418,21.309319,0.000000
                    81.596427,21.307792,0.000000 81.596427,21.307792,0.000000
                    81.596194,21.306287,0.000000 81.595843,21.304892,0.000000
                    81.595843,21.304892,0.000000 81.595843,21.304892,0.000000
                    81.595448,21.303513,0.000000 81.594966,21.302203,0.000000
                    81.594343,21.300905,0.000000 81.593593,21.299624,0.000000
                    81.592714,21.298417,0.000000 81.591718,21.297287,0.000000
                    81.590590,21.296217,0.000000 81.589443,21.295290,0.000000
                    81.589443,21.295290,0.000000 81.586848,21.293428,0.000000
                    81.585592,21.292530,0.000000 81.584461,21.291729,0.000000
                    81.583279,21.290988,0.000000 81.581963,21.290417,0.000000
                    81.581963,21.290417,0.000000 81.580553,21.289993,0.000000
                    81.579050,21.289644,0.000000 81.577444,21.289266,0.000000
                    81.575643,21.288854,0.000000 81.573811,21.288431,0.000000
                    81.572123,21.287893,0.000000 81.572123,21.287893,0.000000
                    81.570700,21.287157,0.000000 81.569448,21.286215,0.000000
                    81.568317,21.285021,0.000000 81.567365,21.283703,0.000000
                    81.566435,21.282412,0.000000 81.565460,21.281047,0.000000
                    81.565460,21.281047,0.000000 81.564492,21.279700,0.000000
                    81.563623,21.278460,0.000000 81.562999,21.277251,0.000000
                    81.562625,21.276138,0.000000 81.562377,21.274698,0.000000
                    81.562486,21.273139,0.000000 81.562486,21.273139,0.000000
                    81.562486,21.273139,0.000000 81.562486,21.273139,0.000000
                    81.562805,21.271831,0.000000 81.562805,21.271831,0.000000
                    81.564057,21.269427,0.000000 81.564057,21.269427,0.000000
                    81.564057,21.269427,0.000000 81.564057,21.269427,0.000000
                    81.564807,21.268153,0.000000 81.565539,21.266823,0.000000
                    81.566032,21.265468,0.000000 81.566307,21.264128,0.000000
                    81.566528,21.262778,0.000000 81.566714,21.261636,0.000000
                    81.566946,21.260717,0.000000 81.567207,21.260095,0.000000
                    81.567245,21.260056,0.000000 81.567363,21.259986,0.000000
                    81.567399,21.259971,0.000000 81.567593,21.259861,0.000000
                    81.567614,21.259838,0.000000 81.567646,21.259790,0.000000
                    81.567664,21.259657,0.000000 81.567663,21.259613,0.000000
                    81.567686,21.259486,0.000000 81.567701,21.259446,0.000000
                    81.567793,21.259302,0.000000 81.567826,21.259278,0.000000
                    81.567940,21.259242,0.000000 81.567988,21.259242,0.000000
                    81.568543,21.259337,0.000000 81.568673,21.259299,0.000000
                    81.568711,21.259275,0.000000 81.568779,21.259198,0.000000
                    81.568803,21.259152,0.000000 81.568827,21.259054,0.000000
                    81.568827,21.259005,0.000000 81.568794,21.258871,0.000000
                    81.568772,21.258832,0.000000 81.568713,21.258781,0.000000
                    81.568687,21.258772,0.000000 81.568506,21.258751,0.000000
                    81.568472,21.258757,0.000000 81.568472,21.258757,0.000000
                    81.568028,21.258807,0.000000 81.567243,21.258796,0.000000
                    81.566310,21.258685,0.000000 81.565264,21.258428,0.000000
                    81.564160,21.258134,0.000000 81.563066,21.257846,0.000000
                    81.563066,21.257846,0.000000 81.562017,21.257584,0.000000
                    81.562017,21.257584,0.000000 81.562017,21.257584,0.000000
                    81.560932,21.257315,0.000000 81.560932,21.257315,0.000000
                    81.559426,21.256994,0.000000 81.558666,21.256824,0.000000
                    81.557744,21.256604,0.000000 81.556666,21.256332,0.000000
                    81.555490,21.256039,0.000000 81.555490,21.256039,0.000000
                    81.554378,21.255762,0.000000 81.553447,21.255531,0.000000
                    81.552552,21.255319,0.000000 81.551687,21.255097,0.000000
                    81.550747,21.254858,0.000000 81.549707,21.254595,0.000000
                    81.549707,21.254595,0.000000 81.548631,21.254327,0.000000
                    81.548631,21.254327,0.000000 81.548333,21.254228,0.000000
                    81.548333,21.254228,0.000000 81.548333,21.254228,0.000000
                    81.548333,21.254228,0.000000 81.548333,21.254228,0.000000
                    81.547727,21.254064,0.000000 81.547282,21.253934,0.000000
                    81.546559,21.253718,0.000000 81.545833,21.253471,0.000000
                    81.545191,21.253269,0.000000 81.544454,21.253125,0.000000
                    81.544454,21.253125,0.000000 81.543745,21.253114,0.000000
                    81.543221,21.253161,0.000000 81.542778,21.253217,0.000000
                    81.542778,21.253217,0.000000 81.542778,21.253217,0.000000
                    81.542312,21.253279,0.000000 81.541806,21.253344,0.000000
                    81.541252,21.253417,0.000000 81.541252,21.253417,0.000000
                    81.539802,21.253545,0.000000 81.539006,21.253426,0.000000
                    81.538401,21.253215,0.000000 81.538185,21.253127,0.000000
                    81.537982,21.253030,0.000000 81.537982,21.253030,0.000000
                    81.537982,21.253030,0.000000 81.537568,21.252883,0.000000
                    81.537568,21.252883,0.000000 81.537568,21.252883,0.000000
                    81.537568,21.252883,0.000000 81.537568,21.252883,0.000000
                    81.537568,21.252883,0.000000 81.536639,21.252523,0.000000
                    81.535908,21.252332,0.000000 81.534943,21.252163,0.000000
                    81.534943,21.252163,0.000000 81.532526,21.251791,0.000000
                    81.531282,21.251576,0.000000 81.530064,21.251136,0.000000
                    81.528884,21.250696,0.000000 81.527643,21.250365,0.000000
                    81.527643,21.250365,0.000000 81.526382,21.250044,0.000000
                    81.524949,21.249657,0.000000 81.523398,21.249251,0.000000
                    81.521829,21.248842,0.000000 81.520389,21.248470,0.000000
                    81.519038,21.248125,0.000000 81.519038,21.248125,0.000000
                    81.517637,21.247742,0.000000 81.516301,21.247384,0.000000
                    81.516301,21.247384,0.000000 81.516301,21.247384,0.000000
                    81.515226,21.247088,0.000000 81.515226,21.247088,0.000000
                    81.513068,21.246490,0.000000 81.511732,21.246112,0.000000
                    81.510272,21.245712,0.000000 81.508820,21.245308,0.000000
                    81.507358,21.244920,0.000000 81.507358,21.244920,0.000000
                    81.506011,21.244568,0.000000 81.504682,21.244227,0.000000
                    81.503460,21.243894,0.000000 81.502375,21.243607,0.000000
                    81.501256,21.243319,0.000000 81.500140,21.243032,0.000000
                    81.500140,21.243032,0.000000 81.498979,21.242714,0.000000
                    81.497797,21.242408,0.000000 81.496649,21.242110,0.000000
                    81.495514,21.241813,0.000000 81.494338,21.241508,0.000000
                    81.493023,21.241153,0.000000 81.493023,21.241153,0.000000
                    81.491599,21.240754,0.000000 81.490012,21.240324,0.000000
                    81.488307,21.239881,0.000000 81.486593,21.239427,0.000000
                    81.485043,21.239013,0.000000 81.483598,21.238633,0.000000
                    81.483598,21.238633,0.000000 81.482149,21.238249,0.000000
                    81.480603,21.237839,0.000000 81.479063,21.237434,0.000000
                    81.477531,21.237015,0.000000 81.475950,21.236579,0.000000
                    81.474411,21.236121,0.000000 81.474411,21.236121,0.000000
                    81.473161,21.235504,0.000000 81.472115,21.234901,0.000000
                    81.471094,21.234311,0.000000 81.470071,21.233701,0.000000
                    81.469098,21.233047,0.000000 81.468110,21.232310,0.000000
                    81.468110,21.232310,0.000000 81.467148,21.231571,0.000000
                    81.466176,21.230826,0.000000 81.465276,21.230153,0.000000
                    81.464416,21.229513,0.000000 81.463572,21.228884,0.000000
                    81.462659,21.228203,0.000000 81.462659,21.228203,0.000000
                    81.461802,21.227538,0.000000 81.461403,21.227212,0.000000
                    81.461403,21.227212,0.000000 81.460942,21.226844,0.000000
                    81.460460,21.226478,0.000000 81.459714,21.225910,0.000000
                    81.459714,21.225910,0.000000 81.458832,21.225227,0.000000
                    81.457839,21.224457,0.000000 81.456892,21.223730,0.000000
                    81.456038,21.223060,0.000000 81.455268,21.222459,0.000000
                    81.455268,21.222459,0.000000 81.455268,21.222459,0.000000
                    81.455268,21.222459,0.000000 81.455268,21.222459,0.000000
                    81.453433,21.221032,0.000000 81.452468,21.220286,0.000000
                    81.451475,21.219505,0.000000 81.450485,21.218746,0.000000
                    81.449504,21.217995,0.000000 81.449504,21.217995,0.000000
                    81.448561,21.217266,0.000000 81.447626,21.216552,0.000000
                    81.446702,21.215849,0.000000 81.445772,21.215157,0.000000
                    81.444888,21.214487,0.000000 81.444026,21.213843,0.000000
                    81.443146,21.213199,0.000000 81.443146,21.213199,0.000000
                    81.442207,21.212550,0.000000 81.441188,21.211876,0.000000
                    81.440155,21.211201,0.000000 81.439108,21.210513,0.000000
                    81.438099,21.209866,0.000000 81.438099,21.209866,0.000000
                    81.438099,21.209866,0.000000 81.437163,21.209279,0.000000
                    81.437163,21.209279,0.000000 81.435186,21.208365,0.000000
                    81.434190,21.208048,0.000000 81.433187,21.207786,0.000000
                    81.432188,21.207524,0.000000 81.431182,21.207270,0.000000
                    81.431182,21.207270,0.000000 81.430131,21.207001,0.000000
                    81.429028,21.206742,0.000000 81.428044,21.206514,0.000000
                    81.427160,21.206355,0.000000 81.426120,21.206213,0.000000
                    81.425023,21.206064,0.000000 81.425023,21.206064,0.000000
                    81.423916,21.205922,0.000000 81.422778,21.205843,0.000000
                    81.421591,21.205811,0.000000 81.420316,21.205841,0.000000
                    81.419023,21.205938,0.000000 81.419023,21.205938,0.000000
                    81.417777,21.206013,0.000000 81.416544,21.206091,0.000000
                    81.415336,21.206170,0.000000 81.414224,21.206229,0.000000
                    81.413218,21.206301,0.000000 81.412282,21.206364,0.000000
                    81.411538,21.206422,0.000000 81.411538,21.206422,0.000000
                    81.410893,21.206468,0.000000 81.410247,21.206502,0.000000
                    81.409352,21.206578,0.000000 81.408538,21.206639,0.000000
                    81.407825,21.206700,0.000000 81.407068,21.206746,0.000000
                    81.407068,21.206746,0.000000 81.406184,21.206807,0.000000
                    81.405253,21.206879,0.000000 81.404197,21.206962,0.000000
                    81.403070,21.207045,0.000000 81.401917,21.207123,0.000000
                    81.400724,21.207211,0.000000 81.400724,21.207211,0.000000
                    81.399462,21.207298,0.000000 81.398003,21.207381,0.000000
                    81.396466,21.207493,0.000000 81.394874,21.207608,0.000000
                    81.393373,21.207714,0.000000 81.391941,21.207816,0.000000
                    81.391941,21.207816,0.000000 81.390453,21.207928,0.000000
                    81.388924,21.208023,0.000000 81.387526,21.208126,0.000000
                    81.386284,21.208220,0.000000 81.385165,21.208302,0.000000
                    81.384170,21.208372,0.000000 81.384170,21.208372,0.000000
                    81.383324,21.208432,0.000000 81.382737,21.208473,0.000000
                    81.382276,21.208503,0.000000 81.381776,21.208532,0.000000
                    81.381352,21.208563,0.000000 81.380951,21.208586,0.000000
                    81.380951,21.208586,0.000000 81.380483,21.208620,0.000000
                    81.379962,21.208659,0.000000 81.379368,21.208702,0.000000
                    81.378799,21.208738,0.000000 81.378194,21.208780,0.000000
                    81.378194,21.208780,0.000000 81.378194,21.208780,0.000000
                    81.377591,21.208820,0.000000 81.376911,21.208871,0.000000
                    81.376093,21.208925,0.000000 81.375156,21.208977,0.000000
                    81.374037,21.208958,0.000000 81.372822,21.208854,0.000000
                    81.371574,21.208754,0.000000 81.371574,21.208754,0.000000
                    81.370319,21.208642,0.000000 81.369228,21.208514,0.000000
                    81.368267,21.208439,0.000000 81.367266,21.208356,0.000000
                    81.366142,21.208264,0.000000 81.365058,21.208174,0.000000
                    81.365058,21.208174,0.000000 81.363998,21.208092,0.000000
                    81.362963,21.208022,0.000000 81.361863,21.207938,0.000000
                    81.360776,21.207849,0.000000 81.359741,21.207767,0.000000
                    81.358780,21.207683,0.000000 81.358780,21.207683,0.000000
                    81.357831,21.207589,0.000000 81.356893,21.207503,0.000000
                    81.355853,21.207406,0.000000 81.354774,21.207302,0.000000
                    81.353707,21.207195,0.000000 81.352568,21.207068,0.000000
                    81.352568,21.207068,0.000000 81.351384,21.206931,0.000000
                    81.350206,21.206789,0.000000 81.349053,21.206650,0.000000
                    81.347961,21.206515,0.000000 81.346823,21.206372,0.000000
                    81.345576,21.206192,0.000000 81.345576,21.206192,0.000000
                    81.344271,21.205952,0.000000 81.343033,21.205698,0.000000
                    81.341953,21.205491,0.000000 81.340872,21.205288,0.000000
                    81.339717,21.205083,0.000000 81.338592,21.204893,0.000000
                    81.338592,21.204893,0.000000 81.337637,21.204704,0.000000
                    81.337036,21.204592,0.000000 81.336771,21.204593,0.000000
                    81.336287,21.204533,0.000000 81.335621,21.204319,0.000000
                    81.334802,21.204146,0.000000 81.334802,21.204146,0.000000
                    81.333996,21.203976,0.000000 81.333161,21.203744,0.000000
                    81.332216,21.203468,0.000000 81.331287,21.203208,0.000000
                    81.330231,21.202928,0.000000 81.328987,21.202598,0.000000
                    81.328987,21.202598,0.000000 81.327777,21.202273,0.000000
                    81.326581,21.201950,0.000000 81.325482,21.201658,0.000000
                    81.324458,21.201366,0.000000 81.323502,21.201103,0.000000
                    81.322418,21.200858,0.000000 81.322418,21.200858,0.000000
                    81.321398,21.200722,0.000000 81.321031,21.200739,0.000000
                    81.320970,21.200753,0.000000 81.320137,21.200974,0.000000
                    81.319089,21.201338,0.000000 81.318207,21.202033,0.000000
                    81.318207,21.202033,0.000000 81.318207,21.202033,0.000000
                    81.318207,21.202033,0.000000 81.318114,21.202125,0.000000
                    81.317126,21.203067,0.000000 81.317126,21.203067,0.000000
                    81.315018,21.205090,0.000000 81.313933,21.206153,0.000000
                    81.313076,21.206963,0.000000 81.312069,21.207934,0.000000
                    81.312069,21.207934,0.000000 81.310931,21.209014,0.000000
                    81.309783,21.210095,0.000000 81.308642,21.211171,0.000000
                    81.307476,21.212211,0.000000 81.306187,21.212998,0.000000
                    81.304760,21.213518,0.000000 81.303246,21.213742,0.000000
                    81.303246,21.213742,0.000000 81.301721,21.213817,0.000000
                    81.300283,21.213894,0.000000 81.298787,21.213951,0.000000
                    81.297194,21.214024,0.000000 81.295633,21.214093,0.000000
                    81.294179,21.214163,0.000000 81.294179,21.214163,0.000000
                    81.292848,21.214225,0.000000 81.291467,21.214288,0.000000
                    81.290106,21.214349,0.000000 81.289186,21.214392,0.000000
                    81.288633,21.214432,0.000000 81.288195,21.214454,0.000000
                    81.288195,21.214454,0.000000 81.288195,21.214454,0.000000
                    81.287860,21.214472,0.000000 81.287376,21.214487,0.000000
                    81.286844,21.214524,0.000000 81.286290,21.214544,0.000000
                    81.285831,21.214569,0.000000 81.285831,21.214569,0.000000
                    81.285301,21.214583,0.000000 81.284555,21.214557,0.000000
                    81.283603,21.214475,0.000000 81.282317,21.214307,0.000000
                    81.280914,21.214119,0.000000 81.279543,21.213938,0.000000
                    81.279543,21.213938,0.000000 81.278186,21.213770,0.000000
                    81.276872,21.213594,0.000000 81.275503,21.213401,0.000000
                    81.274124,21.213209,0.000000 81.272694,21.213006,0.000000
                    81.271323,21.212805,0.000000 81.271323,21.212805,0.000000
                    81.270113,21.212624,0.000000 81.268978,21.212448,0.000000
                    81.267616,21.212241,0.000000 81.266172,21.212018,0.000000
                    81.264758,21.211794,0.000000 81.263388,21.211580,0.000000
                    81.263388,21.211580,0.000000 81.262106,21.211384,0.000000
                    81.260838,21.211160,0.000000 81.259551,21.210938,0.000000
                    81.258267,21.210713,0.000000 81.256768,21.210457,0.000000
                    81.256768,21.210457,0.000000 81.255146,21.210177,0.000000
                    81.253553,21.209888,0.000000 81.252039,21.209641,0.000000
                    81.250539,21.209407,0.000000 81.250539,21.209407,0.000000
                    81.250539,21.209407,0.000000 81.250539,21.209407,0.000000
                    81.250539,21.209407,0.000000 81.246961,21.208874,0.000000
                    81.246961,21.208874,0.000000 81.246961,21.208874,0.000000
                    81.246961,21.208874,0.000000 81.245183,21.208908,0.000000
                    81.245183,21.208908,0.000000 81.245183,21.208908,0.000000
                    81.245183,21.208908,0.000000 81.245183,21.208908,0.000000
                    81.241994,21.209626,0.000000 81.241994,21.209626,0.000000
                    81.239391,21.210263,0.000000 81.238200,21.210563,0.000000
                    81.236894,21.210883,0.000000 81.235424,21.211266,0.000000
                    81.235424,21.211266,0.000000 81.235424,21.211266,0.000000
                    81.235424,21.211266,0.000000 81.233872,21.211672,0.000000
                    81.233872,21.211672,0.000000 81.230871,21.212393,0.000000
                    81.229413,21.212565,0.000000 81.227942,21.212484,0.000000
                    81.226476,21.212124,0.000000 81.225124,21.211518,0.000000
                    81.225124,21.211518,0.000000 81.223970,21.210725,0.000000
                    81.223970,21.210725,0.000000 81.223017,21.209818,0.000000
                    81.222293,21.208816,0.000000 81.221753,21.207721,0.000000
                    81.221405,21.206538,0.000000 81.221257,21.205441,0.000000
                    81.221150,21.204490,0.000000 81.221011,21.203352,0.000000
                    81.220839,21.202033,0.000000 81.220648,21.200604,0.000000
                    81.220493,21.199215,0.000000 81.220363,21.197973,0.000000
                    81.220363,21.197973,0.000000 81.220228,21.196856,0.000000
                    81.219995,21.195762,0.000000 81.219666,21.194774,0.000000
                    81.219162,21.193752,0.000000 81.218499,21.192739,0.000000
                    81.218499,21.192739,0.000000 81.218499,21.192739,0.000000
                    81.217808,21.191781,0.000000 81.217808,21.191781,0.000000
                    81.216259,21.189645,0.000000 81.215463,21.188552,0.000000
                    81.214678,21.187477,0.000000 81.213883,21.186376,0.000000
                    81.213037,21.185203,0.000000 81.213037,21.185203,0.000000
                    81.212193,21.184044,0.000000 81.211363,21.182904,0.000000
                    81.210543,21.181747,0.000000 81.209867,21.180497,0.000000
                    81.209389,21.179142,0.000000 81.209154,21.177735,0.000000
                    81.209154,21.177735,0.000000 81.209072,21.176343,0.000000
                    81.209006,21.175027,0.000000 81.208951,21.173727,0.000000
                    81.208889,21.172429,0.000000 81.208829,21.171151,0.000000
                    81.208763,21.169811,0.000000 81.208763,21.169811,0.000000
                    81.208701,21.168439,0.000000 81.208701,21.168439,0.000000
                    81.208701,21.168439,0.000000 81.208701,21.168439,0.000000
                    81.208638,21.167099,0.000000 81.208580,21.165759,0.000000
                    81.208515,21.164413,0.000000 81.208515,21.164413,0.000000
                    81.208397,21.161862,0.000000 81.208329,21.160494,0.000000
                    81.208252,21.159066,0.000000 81.208174,21.157656,0.000000
                    81.208111,21.156313,0.000000 81.208111,21.156313,0.000000
                    81.208036,21.155022,0.000000 81.207903,21.153784,0.000000
                    81.207528,21.152777,0.000000 81.207153,21.152176,0.000000
                    81.206721,21.151703,0.000000 81.206007,21.151123,0.000000
                    81.206007,21.151123,0.000000 81.205048,21.150638,0.000000
                    81.203870,21.150033,0.000000 81.202663,21.149421,0.000000
                    81.201442,21.148788,0.000000 81.200196,21.148146,0.000000
                    81.198928,21.147493,0.000000 81.198928,21.147493,0.000000
                    81.197714,21.146871,0.000000 81.196616,21.146307,0.000000
                    81.195674,21.145825,0.000000 81.194668,21.145312,0.000000
                    81.193553,21.144739,0.000000 81.192732,21.144305,0.000000
                    81.192732,21.144305,0.000000 81.192108,21.143955,0.000000
                    81.191043,21.143421,0.000000 81.189983,21.142888,0.000000
                    81.188999,21.142382,0.000000 81.188288,21.142004,0.000000
                    81.187849,21.141601,0.000000 81.187849,21.141601,0.000000
                    81.187594,21.141421,0.000000 81.187528,21.141390,0.000000
                    81.186747,21.141065,0.000000 81.185790,21.140647,0.000000
                    81.184802,21.140177,0.000000 81.183876,21.139727,0.000000
                    81.182988,21.139333,0.000000 81.182988,21.139333,0.000000
                    81.182008,21.138938,0.000000 81.180923,21.138514,0.000000
                    81.179968,21.138169,0.000000 81.179037,21.137831,0.000000
                    81.178154,21.137495,0.000000 81.177166,21.137122,0.000000
                    81.177166,21.137122,0.000000 81.175936,21.136657,0.000000
                    81.174718,21.136188,0.000000 81.173512,21.135732,0.000000
                    81.172322,21.135275,0.000000 81.171232,21.134845,0.000000
                    81.170113,21.134417,0.000000 81.170113,21.134417,0.000000
                    81.169019,21.134000,0.000000 81.167912,21.133567,0.000000
                    81.166720,21.133088,0.000000 81.165477,21.132607,0.000000
                    81.164301,21.132157,0.000000 81.163188,21.131737,0.000000
                    81.163188,21.131737,0.000000 81.162099,21.131307,0.000000
                    81.160966,21.130865,0.000000 81.159821,21.130324,0.000000
                    81.158508,21.129620,0.000000 81.157184,21.128914,0.000000
                    81.155979,21.128259,0.000000 81.155979,21.128259,0.000000
                    81.155979,21.128259,0.000000 81.154828,21.127636,0.000000
                    81.153712,21.127031,0.000000 81.152648,21.126453,0.000000
                    81.151591,21.125887,0.000000 81.150499,21.125430,0.000000
                    81.149445,21.125113,0.000000 81.149445,21.125113,0.000000
                    81.148363,21.124885,0.000000 81.147205,21.124654,0.000000
                    81.146011,21.124402,0.000000 81.144887,21.124032,0.000000
                    81.143717,21.123568,0.000000 81.142373,21.123136,0.000000
                    81.142373,21.123136,0.000000 81.140878,21.122769,0.000000
                    81.139466,21.122412,0.000000 81.138089,21.122036,0.000000
                    81.136769,21.121682,0.000000 81.135540,21.121347,0.000000
                    81.134416,21.121044,0.000000 81.134416,21.121044,0.000000
                    81.133313,21.120753,0.000000 81.132223,21.120444,0.000000
                    81.131198,21.120177,0.000000 81.130163,21.119907,0.000000
                    81.129197,21.119663,0.000000 81.128204,21.119395,0.000000
                    81.128204,21.119395,0.000000 81.127205,21.119113,0.000000
                    81.126201,21.118854,0.000000 81.125211,21.118589,0.000000
                    81.124317,21.118343,0.000000 81.123666,21.118157,0.000000
                    81.123666,21.118157,0.000000 81.123149,21.117993,0.000000
                    81.122793,21.117885,0.000000 81.122571,21.117825,0.000000
                    81.122571,21.117825,0.000000 81.122163,21.117726,0.000000
                    81.121723,21.117653,0.000000 81.121252,21.117552,0.000000
                    81.121252,21.117552,0.000000 81.120707,21.117404,0.000000
                    81.120147,21.117248,0.000000 81.119651,21.117099,0.000000
                    81.119499,21.117020,0.000000 81.119499,21.117020,0.000000
                    81.119499,21.117020,0.000000 81.119460,21.117007,0.000000
                    81.119459,21.117007,0.000000 81.119460,21.117007,0.000000
                    81.119460,21.117007,0.000000 81.119460,21.117007,0.000000
                    81.119456,21.117006,0.000000 81.119456,21.117006,0.000000
                    81.119456,21.117006,0.000000 81.119456,21.117006,0.000000
                    81.119456,21.117006,0.000000 81.119456,21.117006,0.000000
                    81.119456,21.117006,0.000000 81.119456,21.117006,0.000000
                    81.119456,21.117006,0.000000 81.119456,21.117006,0.000000
                    81.119456,21.117006,0.000000 81.119456,21.117006,0.000000
                    81.119456,21.117006,0.000000 81.119456,21.117006,0.000000
                    81.119456,21.117006,0.000000 81.119456,21.117006,0.000000
                    81.119456,21.117006,0.000000 81.119456,21.117006,0.000000
                    81.119456,21.117006,0.000000 81.119456,21.117006,0.000000
                    81.119456,21.117006,0.000000 81.119456,21.117006,0.000000
                    81.119456,21.117006,0.000000 81.119456,21.117006,0.000000
                    81.119456,21.117006,0.000000 81.119456,21.117006,0.000000
                    81.119456,21.117006,0.000000 81.119456,21.117006,0.000000
                    81.119456,21.117006,0.000000 81.119456,21.117006,0.000000
                    81.119456,21.117006,0.000000 81.119456,21.117006,0.000000
                    81.119456,21.117006,0.000000 81.119456,21.117006,0.000000
                    81.119456,21.117006,0.000000 81.119456,21.117006,0.000000
                    81.119456,21.117006,0.000000 81.119456,21.117006,0.000000
                    81.119456,21.117006,0.000000 81.119456,21.117006,0.000000
                    81.119456,21.117006,0.000000 81.119456,21.117006,0.000000
                    81.119456,21.117006,0.000000 81.119456,21.117006,0.000000
                    81.119456,21.117006,0.000000 81.119456,21.117006,0.000000
                    81.119456,21.117006,0.000000 81.119456,21.117006,0.000000
                    81.119456,21.117006,0.000000 81.119456,21.117006,0.000000
                    81.119456,21.117006,0.000000 81.119456,21.117006,0.000000
                    81.119456,21.117006,0.000000 81.119456,21.117006,0.000000
                    81.119456,21.117006,0.000000 81.119456,21.117006,0.000000
                    81.119456,21.117006,0.000000 81.119456,21.117006,0.000000
                    81.119456,21.117006,0.000000 81.119456,21.117006,0.000000
                    81.119456,21.117006,0.000000 81.119456,21.117006,0.000000
                    81.119456,21.117006,0.000000 81.119456,21.117006,0.000000
                    81.119456,21.117006,0.000000 81.119456,21.117006,0.000000
                    81.119456,21.117006,0.000000 81.119456,21.117006,0.000000
                    81.119456,21.117006,0.000000 81.119456,21.117006,0.000000
                    81.119456,21.117006,0.000000 81.119456,21.117006,0.000000
                    81.119456,21.117006,0.000000 81.119456,21.117006,0.000000
                    81.119456,21.117006,0.000000 81.119456,21.117006,0.000000
                    81.119456,21.117006,0.000000 81.119456,21.117006,0.000000
                    81.119456,21.117006,0.000000 81.119456,21.117006,0.000000
                    81.119456,21.117006,0.000000 81.119456,21.117006,0.000000
                    81.119456,21.117006,0.000000 81.119456,21.117006,0.000000
                    81.119456,21.117006,0.000000 81.119456,21.117006,0.000000
                    81.119456,21.117006,0.000000 81.119456,21.117006,0.000000
                    81.119456,21.117006,0.000000 81.119456,21.117006,0.000000
                    81.119456,21.117006,0.000000 81.119456,21.117006,0.000000
                    81.119456,21.117006,0.000000 81.119456,21.117006,0.000000
                    81.119456,21.117006,0.000000 81.119456,21.117006,0.000000
                    81.119456,21.117006,0.000000 81.119456,21.117006,0.000000
                    81.119456,21.117006,0.000000 81.119456,21.117006,0.000000
                    81.119456,21.117006,0.000000 81.119456,21.117006,0.000000
                    81.119456,21.117006,0.000000 81.119456,21.117006,0.000000
                    81.119456,21.117006,0.000000 81.119456,21.117006,0.000000
                    81.119456,21.117006,0.000000 81.119456,21.117006,0.000000
                    81.119456,21.117006,0.000000 81.119456,21.117006,0.000000
                    81.119456,21.117006,0.000000 81.119456,21.117006,0.000000
                    81.119456,21.117006,0.000000 81.119456,21.117006,0.000000
                    81.119456,21.117006,0.000000 81.119456,21.117006,0.000000
                    81.119456,21.117006,0.000000 81.119456,21.117006,0.000000
                    81.119456,21.117006,0.000000 81.119456,21.117006,0.000000
                    81.119456,21.117006,0.000000 81.119456,21.117006,0.000000
                    81.119456,21.117006,0.000000 81.119456,21.117006,0.000000
                    81.119456,21.117006,0.000000 81.119456,21.117006,0.000000
                    81.119456,21.117006,0.000000 81.119456,21.117006,0.000000
                    81.119456,21.117006,0.000000 81.119456,21.117006,0.000000
                    81.119456,21.117006,0.000000 81.119456,21.117006,0.000000
                    81.119456,21.117006,0.000000 81.119456,21.117006,0.000000
                    81.119456,21.117006,0.000000 81.119456,21.117006,0.000000
                    81.119456,21.117006,0.000000 81.119456,21.117006,0.000000
                    81.119456,21.117006,0.000000 81.119456,21.117006,0.000000
                    81.119456,21.117006,0.000000 81.119456,21.117006,0.000000
                    81.119456,21.117006,0.000000 81.119456,21.117006,0.000000
                    81.119456,21.117006,0.000000 81.119456,21.117006,0.000000
                    81.119456,21.117006,0.000000 81.119456,21.117006,0.000000
                    81.119456,21.117006,0.000000 81.119456,21.117006,0.000000
                    81.119456,21.117006,0.000000 81.119456,21.117006,0.000000
                    81.119456,21.117006,0.000000 81.119456,21.117006,0.000000
                    81.119456,21.117006,0.000000 81.119456,21.117006,0.000000
                    81.119456,21.117006,0.000000 81.119456,21.117006,0.000000
                    81.119456,21.117006,0.000000 81.119456,21.117006,0.000000
                    81.119456,21.117006,0.000000 81.119456,21.117006,0.000000
                    81.119456,21.117006,0.000000 81.119456,21.117006,0.000000
                    81.119456,21.117006,0.000000 81.119456,21.117006,0.000000
                    81.119456,21.117006,0.000000 81.119456,21.117006,0.000000
                    81.119456,21.117006,0.000000 81.119456,21.117006,0.000000
                    81.119456,21.117006,0.000000 81.119456,21.117006,0.000000
                    81.119456,21.117006,0.000000 81.119456,21.117006,0.000000
                    81.119456,21.117006,0.000000 81.119456,21.117006,0.000000
                    81.119456,21.117006,0.000000 81.119456,21.117006,0.000000
                    81.119456,21.117006,0.000000 81.119456,21.117006,0.000000
                    81.119456,21.117006,0.000000 81.119456,21.117006,0.000000
                    81.119456,21.117006,0.000000 81.119456,21.117006,0.000000
                    81.119456,21.117006,0.000000 81.119456,21.117006,0.000000
                    81.119456,21.117006,0.000000 81.119456,21.117006,0.000000
                    81.119456,21.117006,0.000000 81.119456,21.117006,0.000000
                    81.119456,21.117006,0.000000 81.119456,21.117006,0.000000
                    81.119456,21.117006,0.000000 81.119456,21.117006,0.000000
                    81.119456,21.117006,0.000000 81.119456,21.117006,0.000000
                    81.119456,21.117006,0.000000 81.119456,21.117006,0.000000
                    81.119456,21.117006,0.000000 81.119456,21.117006,0.000000
                    81.119456,21.117006,0.000000 81.119456,21.117006,0.000000
                    81.119456,21.117006,0.000000 81.119456,21.117006,0.000000
                    81.119456,21.117006,0.000000 81.119456,21.117006,0.000000
                    81.119456,21.117006,0.000000 81.119456,21.117006,0.000000
                    81.119456,21.117006,0.000000 81.119456,21.117006,0.000000
                    81.119456,21.117006,0.000000 81.119456,21.117006,0.000000
                    81.119456,21.117006,0.000000 81.119456,21.117006,0.000000
                    81.119456,21.117006,0.000000 81.119456,21.117006,0.000000
                    81.119456,21.117006,0.000000 81.119456,21.117006,0.000000
                    81.119456,21.117006,0.000000 81.119456,21.117006,0.000000
                    81.119456,21.117006,0.000000 81.119456,21.117006,0.000000
                    81.119456,21.117006,0.000000 81.119456,21.117006,0.000000
                    81.119456,21.117006,0.000000 81.119456,21.117006,0.000000
                    81.119456,21.117006,0.000000 81.119456,21.117006,0.000000
                    81.119456,21.117006,0.000000 81.119456,21.117006,0.000000
                    81.119456,21.117006,0.000000 81.119456,21.117006,0.000000
                    81.119456,21.117006,0.000000 81.119456,21.117006,0.000000
                    81.119456,21.117006,0.000000 81.119456,21.117006,0.000000
                    81.119456,21.117006,0.000000 81.119456,21.117006,0.000000
                    81.119456,21.117006,0.000000 81.119456,21.117006,0.000000
                    81.119456,21.117006,0.000000 81.119456,21.117006,0.000000
                    81.119456,21.117006,0.000000 81.119456,21.117006,0.000000
                    81.119456,21.117006,0.000000 81.119456,21.117006,0.000000
                    81.119456,21.117006,0.000000 81.119456,21.117006,0.000000
                    81.119456,21.117006,0.000000 81.119456,21.117006,0.000000
                    81.119456,21.117006,0.000000 81.119456,21.117006,0.000000
                    81.119456,21.117006,0.000000 81.119456,21.117006,0.000000
                    81.119456,21.117006,0.000000 81.119456,21.117006,0.000000
                    81.119456,21.117006,0.000000 81.119456,21.117006,0.000000
                    81.119456,21.117006,0.000000 81.119456,21.117006,0.000000
                    81.119456,21.117006,0.000000 81.119456,21.117006,0.000000
                    81.119456,21.117006,0.000000 81.119456,21.117006,0.000000
                    81.119456,21.117006,0.000000 81.119456,21.117006,0.000000
                    81.119456,21.117006,0.000000 81.119456,21.117006,0.000000
                    81.119456,21.117006,0.000000 81.119456,21.117006,0.000000
                    81.119456,21.117006,0.000000 81.119456,21.117006,0.000000
                    81.119456,21.117006,0.000000 81.119456,21.117006,0.000000
                    81.119456,21.117006,0.000000 81.119456,21.117006,0.000000
                    81.119456,21.117006,0.000000 81.119456,21.117006,0.000000
                    81.119456,21.117006,0.000000 81.119456,21.117006,0.000000
                    81.119456,21.117006,0.000000 81.119456,21.117006,0.000000
                    81.119456,21.117006,0.000000 81.119456,21.117006,0.000000
                    81.119456,21.117006,0.000000 81.119456,21.117006,0.000000
                    81.119456,21.117006,0.000000 81.119456,21.117006,0.000000
                    81.119456,21.117006,0.000000 81.119456,21.117006,0.000000
                    81.119456,21.117006,0.000000 81.119456,21.117006,0.000000
                    81.119456,21.117006,0.000000 81.119456,21.117006,0.000000
                    81.119456,21.117006,0.000000 81.119456,21.117006,0.000000
                    81.119456,21.117006,0.000000 81.119456,21.117006,0.000000
                    81.119456,21.117006,0.000000 81.119456,21.117006,0.000000
                    81.119456,21.117006,0.000000 81.119456,21.117006,0.000000
                    81.119456,21.117006,0.000000 81.119456,21.117006,0.000000
                    81.119456,21.117006,0.000000 81.119456,21.117006,0.000000
                    81.119456,21.117006,0.000000 81.119456,21.117006,0.000000
                    81.119456,21.117006,0.000000 81.119456,21.117006,0.000000
                    81.119456,21.117006,0.000000 81.119456,21.117006,0.000000
                    81.119456,21.117006,0.000000 81.119456,21.117006,0.000000
                    81.119456,21.117006,0.000000 81.119456,21.117006,0.000000
                    81.119456,21.117006,0.000000 81.119456,21.117006,0.000000
                    81.119456,21.117006,0.000000 81.119456,21.117006,0.000000
                    81.119456,21.117006,0.000000 81.119456,21.117006,0.000000
                    81.119456,21.117006,0.000000 81.119456,21.117006,0.000000
                    81.119456,21.117006,0.000000 81.119456,21.117006,0.000000
                    81.119456,21.117006,0.000000 81.119456,21.117006,0.000000
                    81.119456,21.117006,0.000000 81.119456,21.117006,0.000000
                    81.119456,21.117006,0.000000 81.119456,21.117006,0.000000
                    81.119456,21.117006,0.000000 81.119456,21.117006,0.000000
                    81.119456,21.117006,0.000000 81.119456,21.117006,0.000000
                    81.119456,21.117006,0.000000 81.119456,21.117006,0.000000
                    81.119456,21.117006,0.000000 81.119456,21.117006,0.000000
                    81.119456,21.117006,0.000000 81.119456,21.117006,0.000000
                    81.119456,21.117006,0.000000 81.119456,21.117006,0.000000
                    81.119456,21.117006,0.000000 81.119456,21.117006,0.000000
                    81.119456,21.117006,0.000000 81.119456,21.117006,0.000000
                    81.119456,21.117006,0.000000 81.119456,21.117006,0.000000
                    81.119456,21.117006,0.000000 81.119456,21.117006,0.000000
                    81.119456,21.117006,0.000000 81.119456,21.117006,0.000000
                    81.119456,21.117006,0.000000 81.119456,21.117006,0.000000
                    81.119456,21.117006,0.000000 81.119456,21.117006,0.000000
                    81.119456,21.117006,0.000000 81.119456,21.117006,0.000000
                    81.119456,21.117006,0.000000 81.119456,21.117006,0.000000
                    81.119456,21.117006,0.000000 81.119456,21.117006,0.000000
                    81.119456,21.117006,0.000000 81.119456,21.117006,0.000000
                    81.119456,21.117006,0.000000 81.119456,21.117006,0.000000
                    81.119456,21.117006,0.000000 81.119456,21.117006,0.000000
                    81.119456,21.117006,0.000000 81.119456,21.117006,0.000000
                    81.119456,21.117006,0.000000 81.119456,21.117006,0.000000
                    81.119456,21.117006,0.000000 81.119456,21.117006,0.000000
                    81.119456,21.117006,0.000000 81.119456,21.117006,0.000000
                    81.119456,21.117006,0.000000 81.119456,21.117006,0.000000
                    81.119456,21.117006,0.000000 81.119456,21.117006,0.000000
                    81.119456,21.117006,0.000000 81.119456,21.117006,0.000000
                    81.119456,21.117006,0.000000 81.119456,21.117006,0.000000
                    81.119456,21.117006,0.000000 81.119456,21.117006,0.000000
                    81.119456,21.117006,0.000000 81.119456,21.117006,0.000000
                    81.119456,21.117006,0.000000 81.119456,21.117006,0.000000
                    81.119456,21.117006,0.000000 81.119456,21.117006,0.000000
                    81.119456,21.117006,0.000000 81.119456,21.117006,0.000000
                    81.119456,21.117006,0.000000 81.119456,21.117006,0.000000
                    81.119456,21.117006,0.000000 81.119456,21.117006,0.000000
                    81.119456,21.117006,0.000000 81.119456,21.117006,0.000000
                    81.119456,21.117006,0.000000 81.119456,21.117006,0.000000
                    81.119456,21.117006,0.000000 81.119456,21.117006,0.000000
                    81.119456,21.117006,0.000000 81.119456,21.117006,0.000000
                    81.119456,21.117006,0.000000 81.119456,21.117006,0.000000
                    81.119456,21.117006,0.000000 81.119456,21.117006,0.000000
                    81.119456,21.117006,0.000000 81.119456,21.117006,0.000000
                    81.119456,21.117006,0.000000 81.119456,21.117006,0.000000
                    81.119456,21.117006,0.000000 81.119456,21.117006,0.000000
                    81.119456,21.117006,0.000000 81.119456,21.117006,0.000000
                    81.119456,21.117006,0.000000 81.119456,21.117006,0.000000
                    81.119456,21.117006,0.000000 81.119456,21.117006,0.000000
                    81.119456,21.117006,0.000000 81.119456,21.117006,0.000000
                    81.119456,21.117006,0.000000 81.119456,21.117006,0.000000
                    81.119456,21.117006,0.000000 81.119456,21.117006,0.000000
                    81.119456,21.117006,0.000000 81.119456,21.117006,0.000000
                    81.119456,21.117006,0.000000 81.119456,21.117006,0.000000
                    81.119456,21.117006,0.000000 81.119456,21.117006,0.000000
                    81.119456,21.117006,0.000000 81.119456,21.117006,0.000000
                    81.119456,21.117006,0.000000 81.119456,21.117006,0.000000
                    81.119456,21.117006,0.000000 81.119456,21.117006,0.000000
                    81.119456,21.117006,0.000000 81.119456,21.117006,0.000000
                    81.119456,21.117006,0.000000 81.119456,21.117006,0.000000
                    81.119456,21.117006,0.000000 81.119456,21.117006,0.000000
                    81.119456,21.117006,0.000000 81.119456,21.117006,0.000000
                    81.119456,21.117006,0.000000 81.119456,21.117006,0.000000
                    81.119456,21.117006,0.000000 81.119456,21.117006,0.000000
                    81.119456,21.117006,0.000000 81.119456,21.117006,0.000000
                    81.119456,21.117006,0.000000 81.119456,21.117006,0.000000
                    81.119456,21.117006,0.000000 81.119456,21.117006,0.000000
                    81.119456,21.117006,0.000000 81.119456,21.117006,0.000000
                    81.119456,21.117006,0.000000 81.119456,21.117006,0.000000
                    81.119456,21.117006,0.000000 81.119456,21.117006,0.000000
                    81.119456,21.117006,0.000000 81.119456,21.117006,0.000000
                    81.119456,21.117006,0.000000 81.119456,21.117006,0.000000
                    81.119456,21.117006,0.000000 81.119456,21.117006,0.000000
                    81.119456,21.117006,0.000000 81.119456,21.117006,0.000000
                    81.119456,21.117006,0.000000 81.119456,21.117006,0.000000
                    81.119456,21.117006,0.000000 81.119456,21.117006,0.000000
                    81.119456,21.117006,0.000000 81.119456,21.117006,0.000000
                    81.119456,21.117006,0.000000 81.119456,21.117006,0.000000
                    81.119456,21.117006,0.000000 81.119456,21.117006,0.000000
                    81.119456,21.117006,0.000000 81.119456,21.117006,0.000000
                    81.119456,21.117006,0.000000 81.119456,21.117006,0.000000
                    81.119456,21.117006,0.000000 81.119456,21.117006,0.000000
                    81.119456,21.117006,0.000000 81.119456,21.117006,0.000000
                    81.119456,21.117006,0.000000 81.119456,21.117006,0.000000
                    81.119456,21.117006,0.000000 81.119456,21.117006,0.000000
                    81.119456,21.117006,0.000000 81.119456,21.117006,0.000000
                    81.119456,21.117006,0.000000 81.119456,21.117006,0.000000
                    81.119456,21.117006,0.000000 81.119456,21.117006,0.000000
                    81.119456,21.117006,0.000000 81.119456,21.117006,0.000000
                    81.119456,21.117006,0.000000 81.119456,21.117006,0.000000
                    81.119456,21.117006,0.000000 81.119456,21.117006,0.000000
                    81.119456,21.117006,0.000000 81.119456,21.117006,0.000000
                    81.119456,21.117006,0.000000 81.119456,21.117006,0.000000
                    81.119456,21.117006,0.000000 81.119456,21.117006,0.000000
                    81.119456,21.117006,0.000000 81.119456,21.117006,0.000000
                    81.119456,21.117006,0.000000 81.119456,21.117006,0.000000
                    81.119456,21.117006,0.000000 81.119456,21.117006,0.000000
                    81.119456,21.117006,0.000000 81.119456,21.117006,0.000000
                    81.119456,21.117006,0.000000 81.119456,21.117006,0.000000
                    81.119456,21.117006,0.000000 81.119456,21.117006,0.000000
                    81.119456,21.117006,0.000000 81.119456,21.117006,0.000000
                    81.119456,21.117006,0.000000 81.119456,21.117006,0.000000
                    81.119456,21.117006,0.000000 81.119456,21.117006,0.000000
                    81.119456,21.117006,0.000000 81.119456,21.117006,0.000000
                    81.119456,21.117006,0.000000 81.119456,21.117006,0.000000
                    81.119456,21.117006,0.000000 81.119456,21.117006,0.000000
                    81.119456,21.117006,0.000000 81.119456,21.117006,0.000000
                    81.119456,21.117006,0.000000 81.119456,21.117006,0.000000
                    81.119456,21.117006,0.000000 81.119456,21.117006,0.000000
                    81.119456,21.117006,0.000000 81.119456,21.117006,0.000000
                    81.119456,21.117006,0.000000 81.119456,21.117006,0.000000
                    81.119456,21.117006,0.000000 81.119456,21.117006,0.000000
                    81.119456,21.117006,0.000000 81.119456,21.117006,0.000000
                    81.119456,21.117006,0.000000 81.119456,21.117006,0.000000
                    81.119456,21.117006,0.000000 81.119456,21.117006,0.000000
                    81.119456,21.117006,0.000000 81.119456,21.117006,0.000000
                    81.119456,21.117006,0.000000 81.119456,21.117006,0.000000
                    81.119456,21.117006,0.000000 81.119456,21.117006,0.000000
                    81.119456,21.117006,0.000000 81.119456,21.117006,0.000000
                    81.119456,21.117006,0.000000 81.119456,21.117006,0.000000
                    81.119456,21.117006,0.000000 81.119456,21.117006,0.000000
                    81.119456,21.117006,0.000000 81.119456,21.117006,0.000000
                    81.119456,21.117006,0.000000 81.119456,21.117006,0.000000
                    81.119456,21.117006,0.000000 81.119456,21.117006,0.000000
                    81.119456,21.117006,0.000000 81.119456,21.117006,0.000000
                    81.119456,21.117006,0.000000 81.119456,21.117006,0.000000
                    81.119456,21.117006,0.000000 81.119456,21.117006,0.000000
                    81.119456,21.117006,0.000000 81.119456,21.117006,0.000000
                    81.119456,21.117006,0.000000 81.119456,21.117006,0.000000
                    81.119456,21.117006,0.000000 81.119456,21.117006,0.000000
                    81.119456,21.117006,0.000000 81.119456,21.117006,0.000000
                    81.119456,21.117006,0.000000 81.119456,21.117006,0.000000
                    81.119456,21.117006,0.000000 81.119456,21.117006,0.000000
                    81.119456,21.117006,0.000000 81.119456,21.117006,0.000000
                    81.119456,21.117006,0.000000 81.119456,21.117006,0.000000
                    81.119456,21.117006,0.000000 81.119456,21.117006,0.000000
                    81.119456,21.117006,0.000000 81.119456,21.117006,0.000000
                    81.119456,21.117006,0.000000 81.119456,21.117006,0.000000
                    81.119456,21.117006,0.000000 81.119456,21.117006,0.000000
                    81.119456,21.117006,0.000000 81.119456,21.117006,0.000000
                    81.119456,21.117006,0.000000 81.119456,21.117006,0.000000
                    81.119456,21.117006,0.000000 81.119456,21.117006,0.000000
                    81.119456,21.117006,0.000000 81.119456,21.117006,0.000000
                    81.119456,21.117006,0.000000 81.119456,21.117006,0.000000
                    81.119456,21.117006,0.000000 81.119456,21.117006,0.000000
                    81.119456,21.117006,0.000000 81.119456,21.117006,0.000000
                    81.119456,21.117006,0.000000 81.119456,21.117006,0.000000
                    81.119456,21.117006,0.000000 81.119456,21.117006,0.000000
                    81.119456,21.117006,0.000000 81.119456,21.117006,0.000000
                    81.119456,21.117006,0.000000 81.119456,21.117006,0.000000
                    81.119456,21.117006,0.000000 81.119456,21.117006,0.000000
                    81.119456,21.117006,0.000000 81.119456,21.117006,0.000000
                    81.119456,21.117006,0.000000 81.119456,21.117006,0.000000
                    81.119456,21.117006,0.000000 81.119456,21.117006,0.000000
                    81.119456,21.117006,0.000000 81.119456,21.117006,0.000000
                    81.119456,21.117006,0.000000 81.119456,21.117006,0.000000
                    81.119456,21.117006,0.000000 81.119456,21.117006,0.000000
                    81.119456,21.117006,0.000000 81.119456,21.117006,0.000000
                    81.119456,21.117006,0.000000 81.119456,21.117006,0.000000
                    81.119456,21.117006,0.000000 81.119456,21.117006,0.000000
                    81.119456,21.117006,0.000000 81.119456,21.117006,0.000000
                    81.119456,21.117006,0.000000 81.119456,21.117006,0.000000
                    81.119456,21.117006,0.000000 81.119456,21.117006,0.000000
                    81.119456,21.117006,0.000000 81.119456,21.117006,0.000000
                    81.119456,21.117006,0.000000 81.119456,21.117006,0.000000
                    81.119456,21.117006,0.000000 81.119456,21.117006,0.000000
                    81.119456,21.117006,0.000000 81.119456,21.117006,0.000000
                    81.119456,21.117006,0.000000 81.119456,21.117006,0.000000
                    81.119456,21.117006,0.000000 81.119456,21.117006,0.000000
                    81.119456,21.117006,0.000000 81.119456,21.117006,0.000000
                    81.119456,21.117006,0.000000 81.119456,21.117006,0.000000
                    81.119456,21.117006,0.000000 81.119456,21.117006,0.000000
                    81.119456,21.117006,0.000000 81.119456,21.117006,0.000000
                    81.119456,21.117006,0.000000 81.119456,21.117006,0.000000
                    81.119456,21.117006,0.000000 81.119456,21.117006,0.000000
                    81.119456,21.117006,0.000000 81.119456,21.117006,0.000000
                    81.119456,21.117006,0.000000 81.119456,21.117006,0.000000
                    81.119456,21.117006,0.000000 81.119456,21.117006,0.000000
                    81.119456,21.117006,0.000000 81.119456,21.117006,0.000000
                    81.119456,21.117006,0.000000 81.119456,21.117006,0.000000
                    81.119456,21.117006,0.000000 81.119456,21.117006,0.000000
                    81.119456,21.117006,0.000000 81.119456,21.117006,0.000000
                    81.119456,21.117006,0.000000 81.119456,21.117006,0.000000
                    81.119456,21.117006,0.000000 81.119456,21.117006,0.000000
                    81.119456,21.117006,0.000000 81.119456,21.117006,0.000000
                    81.119456,21.117006,0.000000 81.119456,21.117006,0.000000
                    81.119456,21.117006,0.000000 81.119456,21.117006,0.000000
                    81.119456,21.117006,0.000000 81.119456,21.117006,0.000000
                    81.119456,21.117006,0.000000 81.119456,21.117006,0.000000
                    81.119456,21.117006,0.000000 81.119456,21.117006,0.000000
                    81.119456,21.117006,0.000000 81.119456,21.117006,0.000000
                    81.119456,21.117006,0.000000 81.119456,21.117006,0.000000
                    81.119456,21.117006,0.000000 81.119456,21.117006,0.000000
                    81.119456,21.117006,0.000000 81.119456,21.117006,0.000000
                    81.119456,21.117006,0.000000 81.119456,21.117006,0.000000
                    81.119456,21.117006,0.000000 81.119456,21.117006,0.000000
                    81.119456,21.117006,0.000000 81.119456,21.117006,0.000000
                    81.119456,21.117006,0.000000 81.119456,21.117006,0.000000
                    81.119456,21.117006,0.000000 81.119456,21.117006,0.000000
                    81.119456,21.117006,0.000000 81.119456,21.117006,0.000000
                    81.119456,21.117006,0.000000 81.119456,21.117006,0.000000
                    81.119456,21.117006,0.000000 81.119456,21.117006,0.000000
                    81.119456,21.117006,0.000000 81.119456,21.117006,0.000000
                    81.119456,21.117006,0.000000 81.119456,21.117006,0.000000
                    81.119456,21.117006,0.000000 81.119456,21.117006,0.000000
                    81.119456,21.117006,0.000000 81.119456,21.117006,0.000000
                    81.119456,21.117006,0.000000 81.119456,21.117006,0.000000
                    81.119456,21.117006,0.000000 81.119456,21.117006,0.000000
                    81.119456,21.117006,0.000000 81.119456,21.117006,0.000000
                    81.119456,21.117006,0.000000 81.119456,21.117006,0.000000
                    81.119456,21.117006,0.000000 81.119456,21.117006,0.000000
                    81.119456,21.117006,0.000000 81.119456,21.117006,0.000000
                    81.119456,21.117006,0.000000 81.119456,21.117006,0.000000
                    81.119456,21.117006,0.000000 81.119456,21.117006,0.000000
                    81.119456,21.117006,0.000000 81.119456,21.117006,0.000000
                    81.119456,21.117006,0.000000 81.119456,21.117006,0.000000
                    81.119456,21.117006,0.000000 81.119456,21.117006,0.000000
                    81.119456,21.117006,0.000000 81.119456,21.117006,0.000000
                    81.119456,21.117006,0.000000 81.119456,21.117006,0.000000
                    81.119456,21.117006,0.000000 81.119456,21.117006,0.000000
                    81.119456,21.117006,0.000000 81.119456,21.117006,0.000000
                    81.119456,21.117006,0.000000 81.119456,21.117006,0.000000
                    81.119456,21.117006,0.000000 81.119456,21.117006,0.000000
                    81.119456,21.117006,0.000000 81.119456,21.117006,0.000000
                    81.119456,21.117006,0.000000 81.119456,21.117006,0.000000
                    81.119456,21.117006,0.000000 81.119456,21.117006,0.000000
                    81.119456,21.117006,0.000000 81.119456,21.117006,0.000000
                    81.119456,21.117006,0.000000 81.119456,21.117006,0.000000
                    81.119456,21.117006,0.000000 81.119456,21.117006,0.000000
                    81.119456,21.117006,0.000000 81.119456,21.117006,0.000000
                    81.119456,21.117006,0.000000 81.119456,21.117006,0.000000
                    81.119456,21.117006,0.000000 81.119456,21.117006,0.000000
                    81.119456,21.117006,0.000000 81.119456,21.117006,0.000000
                    81.119456,21.117006,0.000000 81.119456,21.117006,0.000000
                    81.119456,21.117006,0.000000 81.119456,21.117006,0.000000
                    81.119456,21.117006,0.000000 81.119456,21.117006,0.000000
                    81.119456,21.117006,0.000000 81.119456,21.117006,0.000000
                    81.119456,21.117006,0.000000 81.119456,21.117006,0.000000
                    81.119456,21.117006,0.000000 81.119456,21.117006,0.000000
                    81.119456,21.117006,0.000000 81.119456,21.117006,0.000000
                    81.119456,21.117006,0.000000 81.119456,21.117006,0.000000
                    81.119456,21.117006,0.000000 81.119456,21.117006,0.000000
                    81.119456,21.117006,0.000000 81.119456,21.117006,0.000000
                    81.119456,21.117006,0.000000 81.119456,21.117006,0.000000
                    81.119456,21.117006,0.000000 81.119456,21.117006,0.000000
                    81.119456,21.117006,0.000000 81.119456,21.117006,0.000000
                    81.119456,21.117006,0.000000 81.119456,21.117006,0.000000
                    81.119456,21.117006,0.000000 81.119456,21.117006,0.000000
                    81.119456,21.117006,0.000000 81.119456,21.117006,0.000000
                    81.119456,21.117006,0.000000 81.119456,21.117006,0.000000
                    81.119456,21.117006,0.000000 81.119456,21.117006,0.000000
                    81.119456,21.117006,0.000000 81.119456,21.117006,0.000000
                    81.119456,21.117006,0.000000 81.119456,21.117006,0.000000
                    81.119456,21.117006,0.000000 81.119456,21.117006,0.000000
                    81.119456,21.117006,0.000000 81.119456,21.117006,0.000000
                    81.119456,21.117006,0.000000 81.119456,21.117006,0.000000
                    81.119456,21.117006,0.000000 81.119456,21.117006,0.000000
                    81.119456,21.117006,0.000000 81.119456,21.117006,0.000000
                    81.119456,21.117006,0.000000 81.119456,21.117006,0.000000
                    81.119456,21.117006,0.000000 81.119456,21.117006,0.000000
                    81.119456,21.117006,0.000000 81.119456,21.117006,0.000000
                    81.119456,21.117006,0.000000 81.119456,21.117006,0.000000
                    81.119456,21.117006,0.000000 81.119456,21.117006,0.000000
                    81.119456,21.117006,0.000000 81.119456,21.117006,0.000000
                    81.119456,21.117006,0.000000 81.119456,21.117006,0.000000
                    81.119456,21.117006,0.000000 81.119456,21.117006,0.000000
                    81.119456,21.117006,0.000000 81.119456,21.117006,0.000000
                    81.119456,21.117006,0.000000 81.119456,21.117006,0.000000
                    81.119456,21.117006,0.000000 81.119456,21.117006,0.000000
                    81.119456,21.117006,0.000000 81.119456,21.117006,0.000000
                    81.119456,21.117006,0.000000 81.119456,21.117006,0.000000
                    81.119456,21.117006,0.000000 81.119456,21.117006,0.000000
                    81.119456,21.117006,0.000000 81.119456,21.117006,0.000000
                    81.119456,21.117006,0.000000 81.119456,21.117006,0.000000
                    81.119456,21.117006,0.000000 81.119456,21.117006,0.000000
                    81.119456,21.117006,0.000000 81.119456,21.117006,0.000000
                    81.119456,21.117006,0.000000 81.119456,21.117006,0.000000
                    81.119456,21.117006,0.000000 81.119456,21.117006,0.000000
                    81.119456,21.117006,0.000000 81.119456,21.117006,0.000000
                    81.119456,21.117006,0.000000 81.119456,21.117006,0.000000
                    81.119456,21.117006,0.000000 81.119456,21.117006,0.000000
                    81.119456,21.117006,0.000000 81.119456,21.117006,0.000000
                    81.119456,21.117006,0.000000 81.119456,21.117006,0.000000
                    81.119456,21.117006,0.000000 81.119456,21.117006,0.000000
                    81.119456,21.117006,0.000000 81.119456,21.117006,0.000000
                    81.119456,21.117006,0.000000 81.119456,21.117006,0.000000
                    81.119456,21.117006,0.000000 81.119456,21.117006,0.000000
                    81.119456,21.117006,0.000000 81.119456,21.117006,0.000000
                    81.119456,21.117006,0.000000 81.119456,21.117006,0.000000
                    81.119456,21.117006,0.000000 81.119456,21.117006,0.000000
                    81.119456,21.117006,0.000000 81.119456,21.117006,0.000000
                    81.119456,21.117006,0.000000 81.119456,21.117006,0.000000
                    81.119456,21.117006,0.000000 81.119456,21.117006,0.000000
                    81.119456,21.117006,0.000000 81.119456,21.117006,0.000000
                    81.119456,21.117006,0.000000 81.119456,21.117006,0.000000
                    81.119456,21.117006,0.000000 81.119456,21.117006,0.000000
                    81.119456,21.117006,0.000000 81.119456,21.117006,0.000000
                    81.119456,21.117006,0.000000 81.119456,21.117006,0.000000
                    81.119456,21.117006,0.000000 81.119456,21.117006,0.000000
                    81.119456,21.117006,0.000000 81.119456,21.117006,0.000000
                    81.119456,21.117006,0.000000 81.119456,21.117006,0.000000
                    81.119456,21.117006,0.000000 81.119456,21.117006,0.000000
                    81.119456,21.117006,0.000000 81.119456,21.117006,0.000000
                    81.119456,21.117006,0.000000 81.119456,21.117006,0.000000
                    81.119456,21.117006,0.000000 81.119456,21.117006,0.000000
                    81.119456,21.117006,0.000000 81.119456,21.117006,0.000000
                    81.119456,21.117006,0.000000 81.119456,21.117006,0.000000
                    81.119456,21.117006,0.000000 81.119456,21.117006,0.000000
                    81.119456,21.117006,0.000000 81.119456,21.117006,0.000000
                    81.119456,21.117006,0.000000 81.119456,21.117006,0.000000
                    81.119456,21.117006,0.000000 81.119456,21.117006,0.000000
                    81.119456,21.117006,0.000000 81.119456,21.117006,0.000000
                    81.119456,21.117006,0.000000 81.119456,21.117006,0.000000
                    81.119456,21.117006,0.000000 81.119456,21.117006,0.000000
                    81.119456,21.117006,0.000000 81.119456,21.117006,0.000000
                    81.119456,21.117006,0.000000 81.119456,21.117006,0.000000
                    81.119456,21.117006,0.000000 81.119456,21.117006,0.000000
                    81.119456,21.117006,0.000000 81.119456,21.117006,0.000000
                    81.119456,21.117006,0.000000 81.119456,21.117006,0.000000
                    81.119456,21.117006,0.000000 81.119456,21.117006,0.000000
                    81.119456,21.117006,0.000000 81.119456,21.117006,0.000000
                    81.119456,21.117006,0.000000 81.119456,21.117006,0.000000
                    81.119456,21.117006,0.000000 81.119456,21.117006,0.000000
                    81.119456,21.117006,0.000000 81.119456,21.117006,0.000000
                    81.119456,21.117006,0.000000 81.119456,21.117006,0.000000
                    81.119456,21.117006,0.000000 81.119456,21.117006,0.000000
                    81.119456,21.117006,0.000000 81.119456,21.117006,0.000000
                    81.119456,21.117006,0.000000 81.119456,21.117006,0.000000
                    81.119456,21.117006,0.000000 81.119456,21.117006,0.000000
                    81.119456,21.117006,0.000000 81.119456,21.117006,0.000000
                    81.119456,21.117006,0.000000 81.119456,21.117006,0.000000
                    81.119456,21.117006,0.000000 81.119456,21.117006,0.000000
                    81.119456,21.117006,0.000000 81.119456,21.117006,0.000000
                    81.119456,21.117006,0.000000 81.119456,21.117006,0.000000
                    81.119456,21.117006,0.000000 81.119456,21.117006,0.000000
                    81.119456,21.117006,0.000000 81.119456,21.117006,0.000000
                    81.119456,21.117006,0.000000 81.119456,21.117006,0.000000
                    81.119456,21.117006,0.000000 81.119456,21.117006,0.000000
                    81.119456,21.117006,0.000000 81.119456,21.117006,0.000000
                    81.119456,21.117006,0.000000 81.119456,21.117006,0.000000
                    81.119456,21.117006,0.000000 81.119456,21.117006,0.000000
                    81.119456,21.117006,0.000000 81.119456,21.117006,0.000000
                    81.119456,21.117006,0.000000 81.119456,21.117006,0.000000
                    81.119456,21.117006,0.000000 81.119456,21.117006,0.000000
                    81.119456,21.117006,0.000000 81.119456,21.117006,0.000000
                    81.119456,21.117006,0.000000 81.119456,21.117006,0.000000
                    81.119456,21.117006,0.000000 81.119456,21.117006,0.000000
                    81.119456,21.117006,0.000000 81.119456,21.117006,0.000000
                    81.119456,21.117006,0.000000 81.119456,21.117006,0.000000
                    81.119456,21.117006,0.000000 81.119456,21.117006,0.000000
                    81.119456,21.117006,0.000000 81.119456,21.117006,0.000000
                    81.119456,21.117006,0.000000 81.119456,21.117006,0.000000
                    81.119456,21.117006,0.000000 81.119456,21.117006,0.000000
                    81.119456,21.117006,0.000000 81.119456,21.117006,0.000000
                    81.119456,21.117006,0.000000 81.119456,21.117006,0.000000
                    81.119456,21.117006,0.000000 81.119456,21.117006,0.000000
                    81.119456,21.117006,0.000000 81.119456,21.117006,0.000000
                    81.119456,21.117006,0.000000 81.119456,21.117006,0.000000
                    81.119456,21.117006,0.000000 81.119456,21.117006,0.000000
                    81.119456,21.117006,0.000000 81.119456,21.117006,0.000000
                    81.119456,21.117006,0.000000 81.119456,21.117006,0.000000
                    81.119456,21.117006,0.000000 81.119456,21.117006,0.000000
                    81.119456,21.117006,0.000000 81.119456,21.117006,0.000000
                    81.119456,21.117006,0.000000 81.119456,21.117006,0.000000
                    81.119456,21.117006,0.000000 81.119456,21.117006,0.000000
                    81.119456,21.117006,0.000000 81.119456,21.117006,0.000000
                    81.119456,21.117006,0.000000 81.119456,21.117006,0.000000
                    81.119456,21.117006,0.000000 81.119456,21.117006,0.000000
                    81.119456,21.117006,0.000000 81.119456,21.117006,0.000000
                    81.119456,21.117006,0.000000 81.119456,21.117006,0.000000
                    81.119456,21.117006,0.000000 81.119456,21.117006,0.000000
                    81.119456,21.117006,0.000000 81.119456,21.117006,0.000000
                    81.119456,21.117006,0.000000 81.119456,21.117006,0.000000
                    81.119456,21.117006,0.000000 81.119456,21.117006,0.000000
                    81.119456,21.117006,0.000000 81.119456,21.117006,0.000000
                    81.119456,21.117006,0.000000 81.119456,21.117006,0.000000
                    81.119456,21.117006,0.000000 81.119456,21.117006,0.000000
                    81.119456,21.117006,0.000000 81.119456,21.117006,0.000000
                    81.119456,21.117006,0.000000 81.119456,21.117006,0.000000
                    81.119456,21.117006,0.000000 81.119456,21.117006,0.000000
                    81.119456,21.117006,0.000000 81.119456,21.117006,0.000000
                    81.119456,21.117006,0.000000 81.119456,21.117006,0.000000
                    81.119456,21.117006,0.000000 81.119456,21.117006,0.000000
                    81.119456,21.117006,0.000000 81.119456,21.117006,0.000000
                    81.119456,21.117006,0.000000 81.119456,21.117006,0.000000
                    81.119456,21.117006,0.000000 81.119456,21.117006,0.000000
                    81.119456,21.117006,0.000000 81.119456,21.117006,0.000000
                    81.119456,21.117006,0.000000 81.119456,21.117006,0.000000
                    81.119456,21.117006,0.000000 81.119456,21.117006,0.000000
                    81.119456,21.117006,0.000000 81.119456,21.117006,0.000000
                    81.119456,21.117006,0.000000 81.119456,21.117006,0.000000
                    81.119456,21.117006,0.000000 81.119456,21.117006,0.000000
                    81.119456,21.117006,0.000000 81.119456,21.117006,0.000000
                    81.119456,21.117006,0.000000 81.119456,21.117006,0.000000
                    81.119456,21.117006,0.000000 81.119456,21.117006,0.000000
                    81.119456,21.117006,0.000000 81.119456,21.117006,0.000000
                    81.119456,21.117006,0.000000 81.119456,21.117006,0.000000
                    81.119456,21.117006,0.000000 81.119456,21.117006,0.000000
                    81.119456,21.117006,0.000000 81.119456,21.117006,0.000000
                    81.119456,21.117006,0.000000 81.119456,21.117006,0.000000
                    81.119456,21.117006,0.000000 81.119456,21.117006,0.000000
                    81.119456,21.117006,0.000000 81.119456,21.117006,0.000000
                    81.119456,21.117006,0.000000 81.119456,21.117006,0.000000
                    81.119456,21.117006,0.000000 81.119456,21.117006,0.000000
                    81.119456,21.117006,0.000000 81.119456,21.117006,0.000000
                    81.119456,21.117006,0.000000 81.119456,21.117006,0.000000
                    81.119456,21.117006,0.000000 81.119456,21.117006,0.000000
                    81.119456,21.117006,0.000000 81.119456,21.117006,0.000000
                    81.119456,21.117006,0.000000 81.119456,21.117006,0.000000
                    81.119456,21.117006,0.000000 81.119456,21.117006,0.000000
                    81.119456,21.117006,0.000000 81.119456,21.117006,0.000000
                    81.119456,21.117006,0.000000 81.119456,21.117006,0.000000
                    81.119456,21.117006,0.000000 81.119456,21.117006,0.000000
                    81.119456,21.117006,0.000000 81.119456,21.117006,0.000000
                    81.119456,21.117006,0.000000 81.119456,21.117006,0.000000
                    81.119456,21.117006,0.000000 81.119456,21.117006,0.000000
                    81.119456,21.117006,0.000000 81.119456,21.117006,0.000000
                    81.119456,21.117006,0.000000 81.119456,21.117006,0.000000
                    81.119456,21.117006,0.000000 81.119456,21.117006,0.000000
                    81.119456,21.117006,0.000000 81.119456,21.117006,0.000000
                    81.119456,21.117006,0.000000 81.119456,21.117006,0.000000
                    81.119456,21.117006,0.000000 81.119456,21.117006,0.000000
                    81.119456,21.117006,0.000000 81.119456,21.117006,0.000000
                    81.119456,21.117006,0.000000 81.119456,21.117006,0.000000
                    81.119456,21.117006,0.000000 81.119456,21.117006,0.000000
                    81.119456,21.117006,0.000000 81.119456,21.117006,0.000000
                    81.119456,21.117006,0.000000 81.119456,21.117006,0.000000
                    81.119456,21.117006,0.000000 81.119456,21.117006,0.000000
                    81.119456,21.117006,0.000000 81.119456,21.117006,0.000000
                    81.119456,21.117006,0.000000 81.119456,21.117006,0.000000
                    81.119456,21.117006,0.000000 81.119456,21.117006,0.000000
                    81.119456,21.117006,0.000000 81.119456,21.117006,0.000000
                    81.119456,21.117006,0.000000 81.119456,21.117006,0.000000
                    81.119456,21.117006,0.000000 81.119456,21.117006,0.000000
                    81.119456,21.117006,0.000000 81.119456,21.117006,0.000000
                    81.119456,21.117006,0.000000 81.119456,21.117006,0.000000
                    81.119456,21.117006,0.000000 81.119456,21.117006,0.000000
                    81.119456,21.117006,0.000000 81.119456,21.117006,0.000000
                    81.119456,21.117006,0.000000 81.119456,21.117006,0.000000
                    81.119456,21.117006,0.000000 81.119456,21.117006,0.000000
                    81.119456,21.117006,0.000000 81.119456,21.117006,0.000000
                    81.119456,21.117006,0.000000 81.119456,21.117006,0.000000
                    81.119456,21.117006,0.000000 81.119456,21.117006,0.000000
                    81.119456,21.117006,0.000000 81.119456,21.117006,0.000000
                    81.119456,21.117006,0.000000 81.119456,21.117006,0.000000
                    81.119456,21.117006,0.000000 81.119456,21.117006,0.000000
                    81.119456,21.117006,0.000000 81.119456,21.117006,0.000000
                    81.119456,21.117006,0.000000 81.119456,21.117006,0.000000
                    81.119456,21.117006,0.000000 81.119456,21.117006,0.000000
                    81.119456,21.117006,0.000000 81.119456,21.117006,0.000000
                    81.119456,21.117006,0.000000 81.119456,21.117006,0.000000
                    81.119456,21.117006,0.000000 81.119456,21.117006,0.000000
                    81.119456,21.117006,0.000000 81.119456,21.117006,0.000000
                    81.119456,21.117006,0.000000 81.119456,21.117006,0.000000
                    81.119456,21.117006,0.000000 81.119456,21.117006,0.000000
                    81.119456,21.117006,0.000000 81.119456,21.117006,0.000000
                    81.119456,21.117006,0.000000 81.119456,21.117006,0.000000
                    81.119456,21.117006,0.000000 81.119456,21.117006,0.000000
                    81.119456,21.117006,0.000000 81.119456,21.117006,0.000000
                    81.119456,21.117006,0.000000 81.119456,21.117006,0.000000
                    81.119456,21.117006,0.000000 81.119456,21.117006,0.000000
                    81.119456,21.117006,0.000000 81.119456,21.117006,0.000000
                    81.119456,21.117006,0.000000 81.119456,21.117006,0.000000
                    81.119456,21.117006,0.000000 81.119456,21.117006,0.000000
                    81.119456,21.117006,0.000000 81.119456,21.117006,0.000000
                    81.119456,21.117006,0.000000 81.119456,21.117006,0.000000
                    81.119456,21.117006,0.000000 81.119456,21.117006,0.000000
                    81.119456,21.117006,0.000000 81.119456,21.117006,0.000000
                    81.119456,21.117006,0.000000 81.119456,21.117006,0.000000
                    81.119456,21.117006,0.000000 81.119456,21.117006,0.000000
                    81.119456,21.117006,0.000000 81.119456,21.117006,0.000000
                    81.119456,21.117006,0.000000 81.119456,21.117006,0.000000
                    81.119456,21.117006,0.000000 81.119456,21.117006,0.000000
                    81.119456,21.117006,0.000000 81.119456,21.117006,0.000000
                    81.119456,21.117006,0.000000 81.119456,21.117006,0.000000
                    81.119456,21.117006,0.000000 81.119456,21.117006,0.000000
                    81.119456,21.117006,0.000000 81.119423,21.117001,0.000000
                    81.119456,21.117006,0.000000 81.119423,21.117001,0.000000
                    81.119456,21.117006,0.000000 81.119456,21.117006,0.000000
                    81.119456,21.117006,0.000000 81.119456,21.117006,0.000000
                    81.119456,21.117006,0.000000 81.119456,21.117006,0.000000
                    81.119456,21.117006,0.000000 81.119456,21.117006,0.000000
                    81.119456,21.117006,0.000000 81.119456,21.117006,0.000000
                    81.119456,21.117006,0.000000 81.119456,21.117006,0.000000
                    81.119261,21.116944,0.000000 81.118839,21.116853,0.000000
                    81.118129,21.116672,0.000000 81.117319,21.116490,0.000000
                    81.116239,21.116364,0.000000 81.115011,21.116369,0.000000
                    81.115011,21.116369,0.000000 81.113811,21.116536,0.000000
                    81.112573,21.116866,0.000000 81.111308,21.117270,0.000000
                    81.109959,21.117568,0.000000 81.108814,21.117440,0.000000
                    81.108677,21.117397,0.000000 81.107497,21.116874,0.000000
                    81.107497,21.116874,0.000000 81.106616,21.116437,0.000000
                    81.105601,21.115927,0.000000 81.104394,21.115330,0.000000
                    81.103100,21.114689,0.000000 81.101822,21.114056,0.000000
                    81.100568,21.113430,0.000000 81.100568,21.113430,0.000000
                    81.099350,21.112827,0.000000 81.098180,21.112241,0.000000
                    81.097493,21.111900,0.000000 81.096721,21.111542,0.000000
                    81.095759,21.111063,0.000000 81.094829,21.110608,0.000000
                    81.094829,21.110608,0.000000 81.093817,21.110154,0.000000
                    81.092621,21.109792,0.000000 81.091374,21.109454,0.000000
                    81.091374,21.109454,0.000000 81.090029,21.109094,0.000000
                    81.088597,21.108712,0.000000 81.087415,21.108383,0.000000
                    81.087415,21.108383,0.000000 81.086569,21.108156,0.000000
                    81.085622,21.107912,0.000000 81.084470,21.107604,0.000000
                    81.083253,21.107263,0.000000 81.082003,21.106942,0.000000
                    81.080616,21.106548,0.000000 81.080616,21.106548,0.000000
                    81.079462,21.106220,0.000000 81.078746,21.106002,0.000000
                    81.077924,21.105759,0.000000 81.077033,21.105502,0.000000
                    81.076086,21.105239,0.000000 81.075087,21.104969,0.000000
                    81.075087,21.104969,0.000000 81.073977,21.104664,0.000000
                    81.072837,21.104352,0.000000 81.071801,21.104071,0.000000
                    81.071288,21.103944,0.000000 81.070538,21.103719,0.000000
                    81.069742,21.103498,0.000000 81.069742,21.103498,0.000000
                    81.069742,21.103498,0.000000 81.069742,21.103498,0.000000
                    81.068899,21.103279,0.000000 81.067842,21.102998,0.000000
                    81.067842,21.102998,0.000000 81.065459,21.102373,0.000000
                    81.064104,21.102051,0.000000 81.062593,21.101791,0.000000
                    81.062593,21.101791,0.000000 81.062593,21.101791,0.000000
                    81.061026,21.101562,0.000000 81.061026,21.101562,0.000000
                    81.057879,21.101103,0.000000 81.056339,21.100874,0.000000
                    81.056339,21.100874,0.000000 81.056339,21.100874,0.000000
                    81.054829,21.100657,0.000000 81.054829,21.100657,0.000000
                    81.052441,21.100261,0.000000 81.052342,21.100209,0.000000
                    81.052323,21.100207,0.000000 81.051988,21.100158,0.000000
                    81.051244,21.100043,0.000000 81.050268,21.099886,0.000000
                    81.050268,21.099886,0.000000 81.049181,21.099727,0.000000
                    81.048150,21.099576,0.000000 81.047116,21.099418,0.000000
                    81.046095,21.099268,0.000000 81.045173,21.099129,0.000000
                    81.044738,21.099052,0.000000 81.044738,21.099052,0.000000
                    81.044034,21.098954,0.000000 81.043157,21.098825,0.000000
                    81.043157,21.098825,0.000000 81.043157,21.098825,0.000000
                    81.042042,21.098671,0.000000 81.040925,21.098507,0.000000
                    81.040925,21.098507,0.000000 81.040925,21.098507,0.000000
                    81.040925,21.098507,0.000000 81.039844,21.098349,0.000000
                    81.039844,21.098349,0.000000 81.038299,21.098115,0.000000
                    81.037484,21.097995,0.000000 81.037484,21.097995,0.000000
                    81.037484,21.097995,0.000000 81.037484,21.097995,0.000000
                    81.037484,21.097995,0.000000 81.037484,21.097995,0.000000
                    81.037484,21.097995,0.000000 81.037484,21.097995,0.000000
                    81.037484,21.097995,0.000000 81.037484,21.097995,0.000000
                    81.037484,21.097995,0.000000 81.037484,21.097995,0.000000
                    81.037484,21.097995,0.000000 81.037484,21.097995,0.000000
                    81.037484,21.097995,0.000000 81.037484,21.097995,0.000000
                    81.037484,21.097995,0.000000 81.037484,21.097995,0.000000
                    81.037484,21.097995,0.000000 81.037484,21.097995,0.000000
                    81.037143,21.098105,0.000000 81.037178,21.098066,0.000000
                    81.037153,21.098048,0.000000 81.037134,21.098041,0.000000
                    81.037116,21.098037,0.000000 81.037096,21.098034,0.000000
                    81.037078,21.098025,0.000000 81.037061,21.098015,0.000000
                    81.036945,21.097986,0.000000 81.036905,21.097979,0.000000
                    81.036463,21.097877,0.000000 81.036463,21.097877,0.000000
                    81.035817,21.097823,0.000000 81.035817,21.097823,0.000000
                    81.035817,21.097823,0.000000 81.035162,21.097674,0.000000
                    81.034493,21.097567,0.000000 81.034124,21.097487,0.000000
                    81.033943,21.097473,0.000000 81.033911,21.097484,0.000000
                    81.033911,21.097484,0.000000 81.033798,21.097553,0.000000
                    81.033786,21.097570,0.000000 81.033770,21.097649,0.000000
                    81.033767,21.097683,0.000000 81.033779,21.098146,0.000000
                    81.033807,21.098602,0.000000 81.033851,21.098963,0.000000
                    81.033859,21.099202,0.000000 81.033849,21.099219,0.000000
                    81.033849,21.099219,0.000000 81.033849,21.099219,0.000000
                    81.033849,21.099219,0.000000 81.033849,21.099219,0.000000
                    81.033661,21.099256,0.000000 81.033637,21.099249,0.000000
                    81.033481,21.099233,0.000000 81.033449,21.099235,0.000000
                    81.033250,21.099221,0.000000 81.033218,21.099215,0.000000
                    81.033218,21.099215,0.000000 81.033218,21.099215,0.000000
                    81.032957,21.099189,0.000000 81.032931,21.099192,0.000000
                    81.032760,21.099183,0.000000 81.032728,21.099171,0.000000
                    81.032677,21.099133,0.000000 81.032659,21.099106,0.000000
                    81.032641,21.099041,0.000000 81.032636,21.099006,0.000000
                    81.032616,21.098656,0.000000 81.032650,21.098534,0.000000
                    81.032661,21.098513,0.000000 81.032661,21.098513,0.000000
                    81.032666,21.098500,0.000000 81.032661,21.098500,0.000000
                    81.032666,21.098500,0.000000 81.032666,21.098500,0.000000
                    81.032666,21.098500,0.000000 81.032669,21.098497,0.000000
                    81.032669,21.098497,0.000000 81.032669,21.098497,0.000000
                    81.032669,21.098497,0.000000 81.032669,21.098497,0.000000
                    81.032669,21.098497,0.000000 81.032669,21.098497,0.000000
                    81.032669,21.098497,0.000000 81.032669,21.098497,0.000000
                    81.032669,21.098497,0.000000 81.032669,21.098497,0.000000
                    81.032669,21.098497,0.000000 81.032669,21.098497,0.000000
                    81.032669,21.098497,0.000000 81.032669,21.098497,0.000000
                    81.032669,21.098497,0.000000 81.032669,21.098497,0.000000
                    81.032669,21.098497,0.000000 81.032669,21.098497,0.000000
                    81.032669,21.098497,0.000000 81.032669,21.098497,0.000000
                    81.032669,21.098497,0.000000 81.032669,21.098497,0.000000
                    81.032669,21.098497,0.000000 81.032669,21.098497,0.000000
                    81.032669,21.098497,0.000000 81.032669,21.098497,0.000000
                    81.032669,21.098497,0.000000 81.032669,21.098497,0.000000
                    81.032669,21.098497,0.000000 81.032669,21.098497,0.000000
                    81.032669,21.098497,0.000000 81.032669,21.098497,0.000000
                    81.032669,21.098497,0.000000 81.032669,21.098497,0.000000
                    81.032669,21.098497,0.000000 81.032669,21.098497,0.000000
                    81.032669,21.098497,0.000000 81.032669,21.098497,0.000000
                    81.032669,21.098497,0.000000 81.032669,21.098497,0.000000
                    81.032669,21.098497,0.000000 81.032669,21.098497,0.000000
                    81.032669,21.098497,0.000000 81.032669,21.098497,0.000000
                    81.032669,21.098497,0.000000 81.032669,21.098497,0.000000
                    81.032669,21.098497,0.000000 81.032669,21.098497,0.000000
                    81.032669,21.098497,0.000000 81.032669,21.098497,0.000000
                    81.032669,21.098497,0.000000 81.032669,21.098497,0.000000
                    81.032669,21.098497,0.000000 81.032669,21.098497,0.000000
                    81.032669,21.098497,0.000000 81.032669,21.098497,0.000000
                    81.032669,21.098497,0.000000 81.032669,21.098497,0.000000
                    81.032669,21.098497,0.000000 81.032669,21.098497,0.000000
                    81.032669,21.098497,0.000000 81.032669,21.098497,0.000000
                    81.032669,21.098497,0.000000 81.032669,21.098497,0.000000
                    81.032669,21.098497,0.000000 81.032669,21.098497,0.000000
                    81.032669,21.098497,0.000000 81.032669,21.098497,0.000000
                    81.032669,21.098497,0.000000 81.032669,21.098497,0.000000
                    81.032669,21.098497,0.000000 81.032669,21.098497,0.000000
                    81.032669,21.098497,0.000000 81.032669,21.098497,0.000000
                    81.032669,21.098497,0.000000 81.032669,21.098497,0.000000
                    81.032669,21.098497,0.000000 81.032669,21.098497,0.000000
                    81.032669,21.098497,0.000000 81.032669,21.098497,0.000000
                    81.032669,21.098497,0.000000 81.032669,21.098497,0.000000
                    81.032669,21.098497,0.000000 81.032669,21.098497,0.000000
                    81.032669,21.098497,0.000000 81.032669,21.098497,0.000000
                    81.032669,21.098497,0.000000 81.032669,21.098497,0.000000
                    81.032669,21.098497,0.000000 81.032669,21.098497,0.000000
                    81.032669,21.098497,0.000000 81.032669,21.098497,0.000000
                    81.032669,21.098497,0.000000 81.032669,21.098497,0.000000
                    81.032669,21.098497,0.000000 81.032669,21.098497,0.000000
                    81.032669,21.098497,0.000000 81.032669,21.098497,0.000000
                    81.032669,21.098497,0.000000 81.032669,21.098497,0.000000
                    81.032669,21.098497,0.000000 81.032669,21.098497,0.000000
                    81.032669,21.098497,0.000000 81.032669,21.098497,0.000000
                    81.032669,21.098497,0.000000 81.032669,21.098497,0.000000
                    81.032669,21.098497,0.000000 81.032669,21.098497,0.000000
                    81.032669,21.098497,0.000000 81.032669,21.098497,0.000000
                    81.032669,21.098497,0.000000 81.032669,21.098497,0.000000
                    81.032669,21.098497,0.000000 81.032669,21.098497,0.000000
                    81.032669,21.098497,0.000000 81.032669,21.098497,0.000000
                    81.032669,21.098497,0.000000 81.032669,21.098497,0.000000
                    81.032669,21.098497,0.000000 81.032669,21.098497,0.000000
                    81.032669,21.098497,0.000000 81.032669,21.098497,0.000000
                    81.032669,21.098497,0.000000 81.032669,21.098497,0.000000
                    81.032669,21.098497,0.000000 81.032669,21.098497,0.000000
                    81.032669,21.098497,0.000000 81.032669,21.098497,0.000000
                    81.032669,21.098497,0.000000 81.032669,21.098497,0.000000
                    81.032669,21.098497,0.000000 81.032669,21.098497,0.000000
                    81.032669,21.098497,0.000000 81.032669,21.098497,0.000000
                    81.032669,21.098497,0.000000 81.032669,21.098497,0.000000
                    81.032669,21.098497,0.000000 81.032669,21.098497,0.000000
                    81.032669,21.098497,0.000000 81.032669,21.098497,0.000000
                    81.032669,21.098497,0.000000 81.032669,21.098497,0.000000
                    81.032669,21.098497,0.000000 81.032669,21.098497,0.000000
                    81.032669,21.098497,0.000000 81.032669,21.098497,0.000000
                    81.032669,21.098497,0.000000 81.032669,21.098497,0.000000
                    81.032669,21.098497,0.000000 81.032669,21.098497,0.000000
                    81.032669,21.098497,0.000000 81.032669,21.098497,0.000000
                    81.032669,21.098497,0.000000 81.032669,21.098497,0.000000
                    81.032669,21.098497,0.000000 81.032669,21.098497,0.000000
                    81.032669,21.098497,0.000000 81.032669,21.098497,0.000000
                    81.032669,21.098497,0.000000 81.032669,21.098497,0.000000
                    81.032669,21.098497,0.000000 81.032669,21.098497,0.000000
                    81.032669,21.098497,0.000000 81.032669,21.098497,0.000000
                    81.032669,21.098497,0.000000 81.032669,21.098497,0.000000
                    81.032669,21.098497,0.000000 81.032669,21.098497,0.000000
                    81.032669,21.098497,0.000000 81.032669,21.098497,0.000000
                    81.032669,21.098497,0.000000 81.032669,21.098497,0.000000
                    81.032669,21.098497,0.000000 81.032669,21.098497,0.000000
                    81.032669,21.098497,0.000000 81.032669,21.098497,0.000000
                    81.032669,21.098497,0.000000 81.032669,21.098497,0.000000
                    81.032669,21.098497,0.000000 81.032669,21.098497,0.000000
                    81.032669,21.098497,0.000000 81.032669,21.098497,0.000000
                    81.032669,21.098497,0.000000 81.032669,21.098497,0.000000
                    81.032669,21.098497,0.000000 81.032669,21.098497,0.000000
                    81.032669,21.098497,0.000000 81.032669,21.098497,0.000000
                    81.032669,21.098497,0.000000 81.032669,21.098497,0.000000
                    81.032669,21.098497,0.000000 81.032669,21.098497,0.000000
                    81.032669,21.098497,0.000000 81.032669,21.098497,0.000000
                    81.032669,21.098497,0.000000 81.032669,21.098497,0.000000
                    81.032669,21.098497,0.000000 81.032669,21.098497,0.000000
                    81.032669,21.098497,0.000000 81.032669,21.098497,0.000000
                    81.032669,21.098497,0.000000 81.032669,21.098497,0.000000
                    81.032669,21.098497,0.000000 81.032669,21.098497,0.000000
                    81.032669,21.098497,0.000000 81.032669,21.098497,0.000000
                    81.032669,21.098497,0.000000 81.032669,21.098497,0.000000
                    81.032669,21.098497,0.000000 81.032669,21.098497,0.000000
                    81.032669,21.098497,0.000000 81.032669,21.098497,0.000000
                    81.032669,21.098497,0.000000 81.032669,21.098497,0.000000
                    81.032669,21.098497,0.000000 81.032669,21.098497,0.000000
                    81.032669,21.098497,0.000000 81.032669,21.098497,0.000000
                    81.032669,21.098497,0.000000 81.032669,21.098497,0.000000
                    81.032669,21.098497,0.000000 81.032669,21.098497,0.000000
                    81.032669,21.098497,0.000000 81.032669,21.098497,0.000000
                    81.032669,21.098497,0.000000 81.032669,21.098497,0.000000
                    81.032669,21.098497,0.000000 81.032669,21.098497,0.000000
                    81.032669,21.098497,0.000000 81.032669,21.098497,0.000000
                    81.032669,21.098497,0.000000 81.032669,21.098497,0.000000
                    81.032669,21.098497,0.000000 81.032669,21.098497,0.000000
                    81.032669,21.098497,0.000000 81.032669,21.098497,0.000000
                    81.032669,21.098497,0.000000 81.032669,21.098497,0.000000
                    81.032669,21.098497,0.000000 81.032669,21.098497,0.000000
                    81.032669,21.098497,0.000000 81.032669,21.098497,0.000000
                    81.032669,21.098497,0.000000 81.032669,21.098497,0.000000
                    81.032669,21.098497,0.000000 81.032669,21.098497,0.000000
                    81.032669,21.098497,0.000000 81.032669,21.098497,0.000000
                    81.032669,21.098497,0.000000 81.032669,21.098497,0.000000
                    81.032669,21.098497,0.000000 81.032669,21.098497,0.000000
                    81.032669,21.098497,0.000000 81.032669,21.098497,0.000000
                    81.032669,21.098497,0.000000 81.032669,21.098497,0.000000
                    81.032669,21.098497,0.000000 81.032669,21.098497,0.000000
                    81.032669,21.098497,0.000000 81.032669,21.098497,0.000000
                    81.032669,21.098497,0.000000 81.032669,21.098497,0.000000
                    81.032669,21.098497,0.000000 81.032669,21.098497,0.000000
                    81.032669,21.098497,0.000000 81.032669,21.098497,0.000000
                    81.032669,21.098497,0.000000 81.032669,21.098497,0.000000
                    81.032669,21.098497,0.000000 81.032669,21.098497,0.000000
                    81.032669,21.098497,0.000000 81.032669,21.098497,0.000000
                    81.032669,21.098497,0.000000 81.032669,21.098497,0.000000
                    81.032669,21.098497,0.000000 81.032669,21.098497,0.000000
                    81.032669,21.098497,0.000000 81.032669,21.098497,0.000000
                    81.032669,21.098497,0.000000 81.032669,21.098497,0.000000
                    81.032669,21.098497,0.000000 81.032669,21.098497,0.000000
                    81.032669,21.098497,0.000000 81.032669,21.098497,0.000000
                    81.032669,21.098497,0.000000 81.032669,21.098497,0.000000
                    81.032669,21.098497,0.000000 81.032669,21.098497,0.000000
                    81.032669,21.098497,0.000000 81.032669,21.098497,0.000000
                    81.032669,21.098497,0.000000 81.032669,21.098497,0.000000
                    81.032669,21.098497,0.000000 81.032669,21.098497,0.000000
                    81.032669,21.098497,0.000000 81.032669,21.098497,0.000000
                    81.032669,21.098497,0.000000 81.032669,21.098497,0.000000
                    81.032669,21.098497,0.000000 81.032669,21.098497,0.000000
                    81.032669,21.098497,0.000000 81.032669,21.098497,0.000000
                    81.032669,21.098497,0.000000 81.032669,21.098497,0.000000
                    81.032669,21.098497,0.000000 81.032669,21.098497,0.000000
                    81.032669,21.098497,0.000000 81.032669,21.098497,0.000000
                    81.032669,21.098497,0.000000 81.032669,21.098497,0.000000
                    81.032669,21.098497,0.000000 81.032669,21.098497,0.000000
                    81.032669,21.098497,0.000000 81.032669,21.098497,0.000000
                    81.032669,21.098497,0.000000 81.032669,21.098497,0.000000
                    81.032669,21.098497,0.000000 81.032669,21.098497,0.000000
                    81.032669,21.098497,0.000000 81.032669,21.098497,0.000000
                    81.032669,21.098497,0.000000 81.032669,21.098497,0.000000
                    81.032669,21.098497,0.000000 81.032669,21.098497,0.000000
                    81.032669,21.098497,0.000000 81.032669,21.098497,0.000000
                    81.032669,21.098497,0.000000 81.032669,21.098497,0.000000
                    81.032669,21.098497,0.000000 81.032669,21.098497,0.000000
                    81.032669,21.098497,0.000000 81.032669,21.098497,0.000000
                    81.032669,21.098497,0.000000 81.032669,21.098497,0.000000
                    81.032669,21.098497,0.000000 81.032669,21.098497,0.000000
                    81.032669,21.098497,0.000000 81.032669,21.098497,0.000000
                    81.032669,21.098497,0.000000 81.032658,21.098492,0.000000
                    81.032669,21.098497,0.000000 81.032658,21.098492,0.000000
                    81.032669,21.098497,0.000000 81.032669,21.098497,0.000000
                    81.032669,21.098497,0.000000 81.032669,21.098497,0.000000
                    81.032669,21.098497,0.000000 81.032669,21.098497,0.000000
                    81.032669,21.098497,0.000000 81.032669,21.098497,0.000000
                    81.032669,21.098497,0.000000 81.032669,21.098497,0.000000
                    81.032669,21.098497,0.000000 81.032669,21.098497,0.000000
                    81.032669,21.098497,0.000000 81.032669,21.098497,0.000000
                    81.033222,21.098450,0.000000 81.033224,21.098444,0.000000
                    81.033222,21.098450,0.000000 81.033222,21.098450,0.000000
                    81.033222,21.098450,0.000000 81.033222,21.098450,0.000000
                    81.033222,21.098450,0.000000 81.033222,21.098450,0.000000
                    81.033222,21.098450,0.000000 81.033222,21.098450,0.000000
                    81.033222,21.098450,0.000000 81.033222,21.098450,0.000000
                    81.033222,21.098450,0.000000 81.033222,21.098450,0.000000
                    81.033222,21.098450,0.000000 81.033222,21.098450,0.000000
                    81.033222,21.098450,0.000000 81.033222,21.098450,0.000000
                    81.033222,21.098450,0.000000 81.033222,21.098450,0.000000
                    81.033222,21.098450,0.000000 81.033222,21.098450,0.000000
                    81.033222,21.098450,0.000000 81.033222,21.098450,0.000000
                    81.033222,21.098450,0.000000 81.033222,21.098450,0.000000
                    81.033222,21.098450,0.000000 81.033222,21.098450,0.000000
                    81.033222,21.098450,0.000000 81.033222,21.098450,0.000000
                    81.033222,21.098450,0.000000 81.033222,21.098450,0.000000
                    81.033222,21.098450,0.000000 81.033222,21.098450,0.000000
                    81.033222,21.098450,0.000000 81.033222,21.098450,0.000000
                    81.033222,21.098450,0.000000 81.033222,21.098450,0.000000
                    81.033222,21.098450,0.000000 81.033222,21.098450,0.000000
                    81.033222,21.098450,0.000000 81.033222,21.098450,0.000000
                    81.033222,21.098450,0.000000 81.033222,21.098450,0.000000
                    81.033222,21.098450,0.000000 81.033222,21.098450,0.000000
                    81.033222,21.098450,0.000000 81.033222,21.098450,0.000000
                    81.033222,21.098450,0.000000 81.033222,21.098450,0.000000
                    81.033222,21.098450,0.000000 81.033222,21.098450,0.000000
                    81.033222,21.098450,0.000000 81.033222,21.098450,0.000000
                    81.033222,21.098450,0.000000 81.033222,21.098450,0.000000
                    81.033222,21.098450,0.000000 81.033222,21.098450,0.000000
                    81.033222,21.098450,0.000000 81.033222,21.098450,0.000000
                    81.033222,21.098450,0.000000 81.033222,21.098450,0.000000
                    81.033222,21.098450,0.000000 81.033222,21.098450,0.000000
                    81.033222,21.098450,0.000000 81.033222,21.098450,0.000000
                    81.033222,21.098450,0.000000 81.033222,21.098450,0.000000
                    81.033222,21.098450,0.000000 81.033222,21.098450,0.000000
                    81.033222,21.098450,0.000000 81.033222,21.098450,0.000000
                    81.033222,21.098450,0.000000 81.033222,21.098450,0.000000
                    81.033222,21.098450,0.000000 81.033222,21.098450,0.000000
                    81.033222,21.098450,0.000000 81.033222,21.098450,0.000000
                    81.033222,21.098450,0.000000 81.033222,21.098450,0.000000
                    81.033222,21.098450,0.000000 81.033222,21.098450,0.000000
                    81.033222,21.098450,0.000000 81.033222,21.098450,0.000000
                    81.033222,21.098450,0.000000 81.033222,21.098450,0.000000
                    81.033222,21.098450,0.000000 81.033222,21.098450,0.000000
                    81.033222,21.098450,0.000000 81.033222,21.098450,0.000000
                    81.033222,21.098450,0.000000 81.033222,21.098450,0.000000
                    81.033222,21.098450,0.000000 81.033222,21.098450,0.000000
                    81.033222,21.098450,0.000000 81.033222,21.098450,0.000000
                    81.033222,21.098450,0.000000 81.033222,21.098450,0.000000
                    81.033222,21.098450,0.000000 81.033222,21.098450,0.000000
                    81.033222,21.098450,0.000000 81.033222,21.098450,0.000000
                    81.033222,21.098450,0.000000 81.033222,21.098450,0.000000
                    81.033222,21.098450,0.000000 81.033222,21.098450,0.000000
                    81.033222,21.098450,0.000000 81.033222,21.098450,0.000000
                    81.033222,21.098450,0.000000 81.033222,21.098450,0.000000
                    81.033222,21.098450,0.000000 81.033222,21.098450,0.000000
                    81.033222,21.098450,0.000000 81.033222,21.098450,0.000000
                    81.033222,21.098450,0.000000 81.033222,21.098450,0.000000
                    81.033222,21.098450,0.000000 81.033222,21.098450,0.000000
                    81.033222,21.098450,0.000000 81.033222,21.098450,0.000000
                    81.033222,21.098450,0.000000 81.033222,21.098450,0.000000
                    81.033222,21.098450,0.000000 81.033222,21.098450,0.000000
                    81.033222,21.098450,0.000000 81.033222,21.098450,0.000000
                    81.033222,21.098450,0.000000 81.033222,21.098450,0.000000
                    81.033222,21.098450,0.000000 81.033222,21.098450,0.000000
                    81.033222,21.098450,0.000000 81.033222,21.098450,0.000000
                    81.033222,21.098450,0.000000 81.033222,21.098450,0.000000
                    81.033222,21.098450,0.000000 81.033222,21.098450,0.000000
                    81.033222,21.098450,0.000000 81.033222,21.098450,0.000000
                    81.033222,21.098450,0.000000 81.033222,21.098450,0.000000
                    81.033222,21.098450,0.000000 81.033222,21.098450,0.000000
                    81.033222,21.098450,0.000000 81.033222,21.098450,0.000000
                    81.033222,21.098450,0.000000 81.033222,21.098450,0.000000
                    81.033222,21.098450,0.000000 81.033222,21.098450,0.000000
                    81.033222,21.098450,0.000000 81.033222,21.098450,0.000000
                    81.033222,21.098450,0.000000 81.033222,21.098450,0.000000
                    81.033222,21.098450,0.000000 81.033222,21.098450,0.000000
                    81.033222,21.098450,0.000000 81.033222,21.098450,0.000000
                    81.033222,21.098450,0.000000 81.033222,21.098450,0.000000
                    81.033222,21.098450,0.000000 81.033222,21.098450,0.000000
                    81.033222,21.098450,0.000000 81.033222,21.098450,0.000000
                    81.033222,21.098450,0.000000 81.033222,21.098450,0.000000
                    81.033222,21.098450,0.000000 81.033222,21.098450,0.000000
                    81.033222,21.098450,0.000000 81.033222,21.098450,0.000000
                    81.033222,21.098450,0.000000 81.033222,21.098450,0.000000
                    81.033222,21.098450,0.000000 81.033222,21.098450,0.000000
                    81.033222,21.098450,0.000000 81.033222,21.098450,0.000000
                    81.033222,21.098450,0.000000 81.033222,21.098450,0.000000
                    81.033222,21.098450,0.000000 81.033222,21.098450,0.000000
                    81.033222,21.098450,0.000000 81.033222,21.098450,0.000000
                    81.033222,21.098450,0.000000 81.033222,21.098450,0.000000
                    81.033222,21.098450,0.000000 81.033222,21.098450,0.000000
                    81.033222,21.098450,0.000000 81.033222,21.098450,0.000000
                    81.033222,21.098450,0.000000 81.033222,21.098450,0.000000
                    81.033222,21.098450,0.000000 81.033222,21.098450,0.000000
                    81.033222,21.098450,0.000000 81.033222,21.098450,0.000000
                    81.033222,21.098450,0.000000 81.033222,21.098450,0.000000
                    81.033222,21.098450,0.000000 81.033222,21.098450,0.000000
                    81.033222,21.098450,0.000000 81.033222,21.098450,0.000000
                    81.033222,21.098450,0.000000 81.033222,21.098450,0.000000
                    81.033222,21.098450,0.000000 81.033222,21.098450,0.000000
                    81.033222,21.098450,0.000000 81.033222,21.098450,0.000000
                    81.033222,21.098450,0.000000 81.033222,21.098450,0.000000
                    81.033222,21.098450,0.000000 81.033222,21.098450,0.000000
                    81.033222,21.098450,0.000000 81.033222,21.098450,0.000000
                    81.033222,21.098450,0.000000 81.033222,21.098450,0.000000
                    81.033222,21.098450,0.000000 81.033222,21.098450,0.000000
                    81.033222,21.098450,0.000000 81.033222,21.098450,0.000000
                    81.033222,21.098450,0.000000 81.033222,21.098450,0.000000
                    81.033222,21.098450,0.000000 81.033222,21.098450,0.000000
                    81.033222,21.098450,0.000000 81.033222,21.098450,0.000000
                    81.033222,21.098450,0.000000 81.033222,21.098450,0.000000
                    81.033222,21.098450,0.000000 81.033222,21.098450,0.000000
                    81.033222,21.098450,0.000000 81.033222,21.098450,0.000000
                    81.033222,21.098450,0.000000 81.033222,21.098450,0.000000
                    81.033222,21.098450,0.000000 81.033222,21.098450,0.000000
                    81.033222,21.098450,0.000000 81.033222,21.098450,0.000000
                    81.033222,21.098450,0.000000 81.033222,21.098450,0.000000
                    81.033222,21.098450,0.000000 81.033222,21.098450,0.000000
                    81.033222,21.098450,0.000000 81.033222,21.098450,0.000000
                    81.033222,21.098450,0.000000 81.033222,21.098450,0.000000
                    81.033222,21.098450,0.000000 81.033222,21.098450,0.000000
                    81.033222,21.098450,0.000000 81.033222,21.098450,0.000000
                    81.033222,21.098450,0.000000 81.033222,21.098450,0.000000
                    81.033222,21.098450,0.000000 81.033222,21.098450,0.000000
                    81.033222,21.098450,0.000000 81.033222,21.098450,0.000000
                    81.033222,21.098450,0.000000 81.033233,21.098444,0.000000
                    81.033222,21.098450,0.000000 81.033233,21.098444,0.000000
                    81.033048,21.098484,0.000000 81.033022,21.098488,0.000000
                    81.032831,21.098502,0.000000 81.032831,21.098502,0.000000
                    81.032831,21.098502,0.000000 81.032831,21.098502,0.000000
                    81.032831,21.098502,0.000000 81.032831,21.098502,0.000000
                    81.032831,21.098502,0.000000 81.032831,21.098502,0.000000
                    81.032831,21.098502,0.000000 81.032831,21.098502,0.000000
                    81.032831,21.098502,0.000000 81.032831,21.098502,0.000000
                    81.032831,21.098502,0.000000 81.032658,21.098356,0.000000
                    81.032831,21.098502,0.000000 81.032655,21.098332,0.000000
                    81.032559,21.097934,0.000000 81.032559,21.097934,0.000000
                    81.032559,21.097934,0.000000 81.032501,21.097661,0.000000
                    81.032556,21.097561,0.000000 81.032581,21.097561,0.000000
                    81.032976,21.097611,0.000000 81.033432,21.097668,0.000000
                    81.033492,21.097658,0.000000 81.033517,21.097645,0.000000
                    81.033537,21.097622,0.000000 81.033551,21.097590,0.000000
                    81.033573,21.097479,0.000000 81.033554,21.097464,0.000000
                    81.033525,21.097451,0.000000 81.032957,21.097370,0.000000
                    81.032957,21.097370,0.000000 81.032248,21.097282,0.000000
                    81.031551,21.097183,0.000000 81.030884,21.097090,0.000000
                    81.030511,21.097051,0.000000 81.030076,21.096976,0.000000
                    81.029629,21.096899,0.000000 81.029629,21.096899,0.000000
                    81.029243,21.096831,0.000000 81.028780,21.096753,0.000000
                    81.028780,21.096753,0.000000 81.028780,21.096753,0.000000
                    81.028780,21.096753,0.000000 81.028780,21.096753,0.000000
                    81.028780,21.096753,0.000000 81.028631,21.096591,0.000000
                    81.028654,21.096592,0.000000 81.029069,21.096650,0.000000
                    81.029447,21.096698,0.000000 81.029748,21.096722,0.000000
                    81.029832,21.096682,0.000000 81.029840,21.096664,0.000000
                    81.029840,21.096664,0.000000 81.029907,21.096329,0.000000
                    81.029907,21.096329,0.000000 81.029962,21.096043,0.000000
                    81.029972,21.095742,0.000000 81.030033,21.095307,0.000000
                    81.030259,21.094959,0.000000 81.030419,21.094696,0.000000
                    81.030524,21.094357,0.000000 81.030524,21.094357,0.000000
                    81.030641,21.093888,0.000000 81.030641,21.093888,0.000000
                    81.030641,21.093888,0.000000 81.030773,21.093498,0.000000
                    81.030795,21.093492,0.000000 81.030821,21.093492,0.000000
                    81.031018,21.093506,0.000000 81.031103,21.093468,0.000000
                    81.031119,21.093453,0.000000 81.031178,21.093348,0.000000
                    81.031189,21.093322,0.000000 81.031232,21.093140,0.000000
                    81.031232,21.093140,0.000000 81.031233,21.093101,0.000000
                    81.031183,21.092749,0.000000 81.031168,21.092703,0.000000
                    81.031073,21.092336,0.000000 81.031066,21.091783,0.000000
                    81.031073,21.091472,0.000000 81.031086,21.091444,0.000000
                    81.031103,21.091423,0.000000 81.031121,21.091410,0.000000
                    81.031121,21.091410,0.000000 81.031121,21.091410,0.000000
                    81.031121,21.091410,0.000000 81.031317,21.091309,0.000000
                    81.031337,21.091302,0.000000 81.031403,21.091269,0.000000
                    81.031420,21.091253,0.000000 81.031480,21.091208,0.000000
                    81.031506,21.091201,0.000000 81.031846,21.091202,0.000000
                    81.032127,21.091199,0.000000 81.032540,21.091201,0.000000
                    81.032540,21.091201,0.000000 81.032918,21.091154,0.000000
                    81.032918,21.091154,0.000000 81.032918,21.091154,0.000000
                    81.032918,21.091154,0.000000 81.033417,21.091037,0.000000
                    81.033781,21.090948,0.000000 81.033781,21.090948,0.000000
                    81.034369,21.090853,0.000000 81.034929,21.090721,0.000000
                    81.035176,21.090663,0.000000 81.035209,21.090641,0.000000
                    81.035444,21.090527,0.000000 81.035484,21.090516,0.000000
                    81.035586,21.090468,0.000000 81.035612,21.090441,0.000000
                    81.035622,21.090417,0.000000 81.035637,21.090382,0.000000
                    81.035643,21.090364,0.000000 81.035720,21.090071,0.000000
                    81.035746,21.090030,0.000000 81.035746,21.090030,0.000000
                    81.036108,21.089676,0.000000 81.036404,21.089369,0.000000
                    81.036429,21.089329,0.000000 81.036597,21.089043,0.000000
                    81.036648,21.088921,0.000000 81.036657,21.088889,0.000000
                    81.036696,21.088509,0.000000 81.036691,21.088451,0.000000
                    81.036581,21.087921,0.000000 81.036428,21.087516,0.000000
                    81.036428,21.087516,0.000000 81.036398,21.087399,0.000000
                    81.036292,21.087020,0.000000 81.036072,21.086439,0.000000
                    81.035829,21.085831,0.000000 81.035511,21.085027,0.000000
                    81.035102,21.083975,0.000000 81.035102,21.083975,0.000000
                    81.034687,21.082945,0.000000 81.034451,21.082367,0.000000
                    81.034202,21.081718,0.000000 81.033839,21.080711,0.000000
                    81.033668,21.079620,0.000000 81.033795,21.078707,0.000000
                    81.033795,21.078707,0.000000 81.033999,21.078075,0.000000
                    81.034333,21.077437,0.000000 81.035005,21.076652,0.000000
                    81.035768,21.075938,0.000000 81.036288,21.075424,0.000000
                    81.036288,21.075424,0.000000 81.036598,21.075059,0.000000
                    81.036598,21.075059,0.000000 81.037042,21.074483,0.000000
                    81.037493,21.073775,0.000000 81.037906,21.072841,0.000000
                    81.038156,21.072062,0.000000 81.038404,21.071178,0.000000
                    81.038697,21.070114,0.000000 81.038697,21.070114,0.000000
                    81.038983,21.069088,0.000000 81.039283,21.068009,0.000000
                    81.039603,21.066863,0.000000 81.039832,21.066053,0.000000
                    81.039933,21.065698,0.000000 81.040034,21.065310,0.000000
                    81.040034,21.065310,0.000000 81.040212,21.064665,0.000000
                    81.040421,21.063931,0.000000 81.040767,21.062970,0.000000
                    81.041334,21.062149,0.000000 81.041415,21.062072,0.000000
                    81.042079,21.061608,0.000000 81.042189,21.061561,0.000000
                    81.042866,21.061177,0.000000 81.042920,21.061091,0.000000
                    81.042961,21.060904,0.000000 81.042950,21.060810,0.000000
                    81.042950,21.060810,0.000000 81.042767,21.060063,0.000000
                    81.042566,21.059242,0.000000 81.042362,21.058429,0.000000
                    81.042186,21.057786,0.000000 81.041984,21.056971,0.000000
                    81.041809,21.056318,0.000000 81.041804,21.056027,0.000000
                    81.041827,21.055957,0.000000 81.041827,21.055957,0.000000
                    81.042003,21.055724,0.000000 81.042055,21.055673,0.000000
                    81.042653,21.055123,0.000000 81.043316,21.054516,0.000000
                    81.043818,21.054031,0.000000 81.043908,21.053821,0.000000
                    81.043915,21.053764,0.000000 81.043910,21.053019,0.000000
                    81.043910,21.053019,0.000000 81.043910,21.053019,0.000000
                    81.043918,21.052174,0.000000 81.043918,21.052174,0.000000
                    81.043918,21.052174,0.000000 81.043918,21.052174,0.000000
                    81.043918,21.052174,0.000000 81.043913,21.051820,0.000000
                    81.043913,21.051820,0.000000 81.043902,21.051414,0.000000
                    81.043887,21.050616,0.000000 81.043874,21.049444,0.000000
                    81.043825,21.047974,0.000000 81.043814,21.046237,0.000000
                    81.043791,21.044425,0.000000 81.043791,21.044425,0.000000
                    81.043741,21.042655,0.000000 81.043718,21.040914,0.000000
                    81.043696,21.039214,0.000000 81.043660,21.038131,0.000000
                    81.043656,21.037257,0.000000 81.043647,21.036094,0.000000
                    81.043647,21.036094,0.000000 81.043628,21.034720,0.000000
                    81.043593,21.033268,0.000000 81.043565,21.031911,0.000000
                    81.043522,21.030634,0.000000 81.043511,21.029228,0.000000
                    81.043498,21.027682,0.000000 81.043498,21.027682,0.000000
                    81.043481,21.026041,0.000000 81.043442,21.024334,0.000000
                    81.043406,21.022613,0.000000 81.043534,21.020897,0.000000
                    81.043964,21.019221,0.000000 81.043964,21.019221,0.000000
                    81.044369,21.017558,0.000000 81.044369,21.017558,0.000000
                    81.044667,21.016368,0.000000 81.044978,21.015173,0.000000
                    81.045358,21.013688,0.000000 81.045774,21.012050,0.000000
                    81.046216,21.010328,0.000000 81.046654,21.008561,0.000000
                    81.046654,21.008561,0.000000 81.047103,21.006791,0.000000
                    81.047532,21.005071,0.000000 81.047969,21.003393,0.000000
                    81.048564,21.001973,0.000000 81.048664,21.001829,0.000000
                    81.049862,21.000580,0.000000 81.051138,20.999403,0.000000
                    81.051138,20.999403,0.000000 81.052290,20.998359,0.000000
                    81.052730,20.997890,0.000000 81.053015,20.997365,0.000000
                    81.053228,20.996784,0.000000 81.053646,20.996267,0.000000
                    81.053723,20.996192,0.000000 81.054435,20.995337,0.000000
                    81.054435,20.995337,0.000000 81.054602,20.994143,0.000000
                    81.054611,20.992848,0.000000 81.054415,20.991261,0.000000
                    81.054204,20.989500,0.000000 81.053978,20.987655,0.000000
                    81.053746,20.985789,0.000000 81.053746,20.985789,0.000000
                    81.053507,20.983964,0.000000 81.053310,20.982528,0.000000
                    81.053148,20.981144,0.000000 81.052932,20.979474,0.000000
                    81.052718,20.977887,0.000000 81.052599,20.976897,0.000000
                    81.052599,20.976897,0.000000 81.052642,20.975950,0.000000
                    81.052671,20.975844,0.000000 81.053151,20.974705,0.000000
                    81.053863,20.973347,0.000000 81.054571,20.971967,0.000000
                    81.055224,20.970712,0.000000 81.056020,20.969196,0.000000
                    81.056020,20.969196,0.000000 81.056825,20.967592,0.000000
                    81.056991,20.966367,0.000000 81.056983,20.966190,0.000000
                    81.056882,20.964422,0.000000 81.056783,20.962679,0.000000
                    81.056688,20.961343,0.000000 81.056278,20.959766,0.000000
                    81.056278,20.959766,0.000000 81.055809,20.958014,0.000000
                    81.055336,20.956241,0.000000 81.054854,20.954471,0.000000
                    81.054383,20.952724,0.000000 81.053917,20.950994,0.000000
                    81.053473,20.949364,0.000000 81.053473,20.949364,0.000000
                    81.053473,20.949364,0.000000 81.053473,20.949364,0.000000
                    81.053473,20.949364,0.000000 81.053473,20.949364,0.000000
                    81.053473,20.949364,0.000000 81.053259,20.948523,0.000000
                    81.053259,20.948523,0.000000 81.053102,20.947907,0.000000
                    81.052812,20.946914,0.000000 81.052493,20.945662,0.000000
                    81.052091,20.944138,0.000000 81.051637,20.942497,0.000000
                    81.051637,20.942497,0.000000 81.051182,20.940822,0.000000
                    81.051182,20.940822,0.000000 81.050731,20.939133,0.000000
                    81.050277,20.937461,0.000000 81.049852,20.935773,0.000000
                    81.049449,20.934055,0.000000 81.049061,20.932342,0.000000
                    81.048677,20.930642,0.000000 81.048677,20.930642,0.000000
                    81.048399,20.929427,0.000000 81.048261,20.928166,0.000000
                    81.048742,20.926865,0.000000 81.049098,20.925679,0.000000
                    81.049537,20.924302,0.000000 81.050053,20.922788,0.000000
                    81.050053,20.922788,0.000000 81.050540,20.921387,0.000000
                    81.051213,20.920098,0.000000 81.051408,20.919244,0.000000
                    81.051412,20.919103,0.000000 81.051308,20.917909,0.000000
                    81.051188,20.916536,0.000000 81.051250,20.915559,0.000000
                    81.051276,20.915476,0.000000 81.051573,20.914887,0.000000
                    81.051573,20.914887,0.000000 81.052160,20.914306,0.000000
                    81.052253,20.914246,0.000000 81.053256,20.913757,0.000000
                    81.053843,20.913477,0.000000 81.054237,20.913199,0.000000
                    81.054289,20.913138,0.000000 81.054518,20.912782,0.000000
                    81.054543,20.912698,0.000000 81.054762,20.911691,0.000000
                    81.054762,20.911691,0.000000 81.054750,20.910547,0.000000
                    81.054731,20.909368,0.000000 81.054747,20.908535,0.000000
                    81.054739,20.908459,0.000000 81.054730,20.908431,0.000000
                    81.054712,20.907823,0.000000 81.054700,20.906904,0.000000
                    81.054676,20.906047,0.000000 81.054676,20.906047,0.000000
                    81.054676,20.906047,0.000000 81.054656,20.905498,0.000000
                    81.054637,20.904803,0.000000 81.054637,20.904803,0.000000
                    81.054637,20.904803,0.000000 81.054616,20.903991,0.000000
                    81.054616,20.903991,0.000000 81.054562,20.901783,0.000000
                    81.054527,20.900427,0.000000 81.054492,20.898919,0.000000
                    81.054492,20.898919,0.000000 81.054492,20.898919,0.000000
                    81.054492,20.898919,0.000000 81.054449,20.897412,0.000000
                    81.054449,20.897412,0.000000 81.054372,20.894572,0.000000
                    81.054333,20.893093,0.000000 81.054303,20.891586,0.000000
                    81.054284,20.890124,0.000000 81.054284,20.890124,0.000000
                    81.054284,20.890124,0.000000 81.054284,20.890124,0.000000
                    81.054271,20.888923,0.000000 81.054273,20.887830,0.000000
                    81.054273,20.887830,0.000000 81.054273,20.887830,0.000000
                    81.054273,20.887830,0.000000 81.054287,20.885305,0.000000
                    81.054287,20.885305,0.000000 81.054288,20.882491,0.000000
                    81.054283,20.880983,0.000000 81.054281,20.879469,0.000000
                    81.054287,20.877933,0.000000 81.054290,20.876370,0.000000
                    81.054290,20.876370,0.000000 81.054281,20.874818,0.000000
                    81.054281,20.874818,0.000000 81.054281,20.874818,0.000000
                    81.054276,20.873608,0.000000 81.054284,20.872861,0.000000
                    81.054294,20.871799,0.000000 81.054294,20.871799,0.000000
                    81.054302,20.870578,0.000000 81.054305,20.869199,0.000000
                    81.054303,20.867752,0.000000 81.054313,20.866259,0.000000
                    81.054316,20.864713,0.000000 81.054327,20.863521,0.000000
                    81.054327,20.863521,0.000000 81.054327,20.863521,0.000000
                    81.054323,20.863369,0.000000 81.054320,20.862830,0.000000
                    81.054324,20.861906,0.000000 81.054328,20.860594,0.000000
                    81.054328,20.859126,0.000000 81.054328,20.859126,0.000000
                    81.054300,20.857487,0.000000 81.054269,20.855764,0.000000
                    81.054236,20.854018,0.000000 81.054209,20.852281,0.000000
                    81.054179,20.850532,0.000000 81.054227,20.848773,0.000000
                    81.054227,20.848773,0.000000 81.054378,20.846986,0.000000
                    81.054523,20.845188,0.000000 81.054667,20.843395,0.000000
                    81.054779,20.841706,0.000000 81.054911,20.840102,0.000000
                    81.055046,20.838460,0.000000 81.055046,20.838460,0.000000
                    81.055167,20.836807,0.000000 81.055287,20.835230,0.000000
                    81.055482,20.833585,0.000000 81.055732,20.831823,0.000000
                    81.056003,20.830042,0.000000 81.056291,20.828282,0.000000
                    81.056291,20.828282,0.000000 81.056574,20.826496,0.000000
                    81.056853,20.824709,0.000000 81.057130,20.822942,0.000000
                    81.057436,20.821198,0.000000 81.057697,20.819677,0.000000
                    81.057664,20.818266,0.000000 81.057664,20.818266,0.000000
                    81.057664,20.818266,0.000000 81.057353,20.816996,0.000000
                    81.057143,20.816199,0.000000 81.056906,20.815197,0.000000
                    81.056617,20.814086,0.000000 81.056273,20.812774,0.000000
                    81.056273,20.812774,0.000000 81.055993,20.811638,0.000000
                    81.055713,20.810572,0.000000 81.055359,20.809209,0.000000
                    81.054934,20.807591,0.000000 81.054573,20.806240,0.000000
                    81.054242,20.804985,0.000000 81.054242,20.804985,0.000000
                    81.054242,20.804985,0.000000 81.053848,20.803598,0.000000
                    81.053494,20.802182,0.000000 81.053240,20.801183,0.000000
                    81.053016,20.800335,0.000000 81.052753,20.799329,0.000000
                    81.052443,20.798242,0.000000 81.052443,20.798242,0.000000
                    81.052151,20.797172,0.000000 81.052050,20.796080,0.000000
                    81.052149,20.794998,0.000000 81.052472,20.793962,0.000000
                    81.052847,20.793271,0.000000 81.052847,20.793271,0.000000
                    81.052847,20.793271,0.000000 81.052847,20.793271,0.000000
                    81.052847,20.793271,0.000000 81.053058,20.792929,0.000000
                    81.053338,20.792458,0.000000 81.053732,20.791782,0.000000
                    81.054147,20.791088,0.000000 81.054147,20.791088,0.000000
                    81.054528,20.790561,0.000000 81.055028,20.789897,0.000000
                    81.055623,20.789215,0.000000 81.055939,20.788694,0.000000
                    81.056479,20.787718,0.000000 81.056991,20.786673,0.000000
                    81.056991,20.786673,0.000000 81.057303,20.785646,0.000000
                    81.057550,20.784467,0.000000 81.057841,20.783110,0.000000
                    81.058184,20.781563,0.000000 81.058590,20.780075,0.000000
                    81.058897,20.779036,0.000000 81.058897,20.779036,0.000000
                    81.058926,20.778963,0.000000 81.058944,20.778943,0.000000
                    81.058974,20.778923,0.000000 81.059018,20.778906,0.000000
                    81.059124,20.778898,0.000000 81.059176,20.778906,0.000000
                    81.059905,20.779188,0.000000 81.060968,20.779632,0.000000
                    81.062274,20.780117,0.000000 81.063467,20.780537,0.000000
                    81.064850,20.781041,0.000000 81.064850,20.781041,0.000000
                    81.066270,20.781611,0.000000 81.067706,20.782314,0.000000
                    81.069094,20.782991,0.000000 81.070441,20.783661,0.000000
                    81.071783,20.784306,0.000000 81.072982,20.784877,0.000000
                    81.072982,20.784877,0.000000 81.072982,20.784877,0.000000
                    81.072982,20.784877,0.000000 81.074280,20.785246,0.000000
                    81.074280,20.785246,0.000000 81.074280,20.785246,0.000000
                    81.074280,20.785246,0.000000 81.077095,20.785893,0.000000
                    81.077095,20.785893,0.000000 81.080016,20.786263,0.000000
                    81.081471,20.786243,0.000000 81.082804,20.786171,0.000000
                    81.084281,20.785970,0.000000 81.085705,20.785739,0.000000
                    81.085705,20.785739,0.000000 81.087162,20.785584,0.000000
                    81.088636,20.785413,0.000000 81.090093,20.785225,0.000000
                    81.091511,20.785056,0.000000 81.093001,20.784809,0.000000
                    81.094471,20.784500,0.000000 81.094471,20.784500,0.000000
                    81.095823,20.784088,0.000000 81.097347,20.783376,0.000000
                    81.098576,20.782812,0.000000 81.099714,20.782287,0.000000
                    81.101148,20.781647,0.000000 81.102632,20.781032,0.000000
                    81.102632,20.781032,0.000000 81.104034,20.780702,0.000000
                    81.105373,20.780383,0.000000 81.106442,20.780131,0.000000
                    81.107586,20.779854,0.000000 81.108913,20.779543,0.000000
                    81.110277,20.779221,0.000000 81.110277,20.779221,0.000000
                    81.111181,20.779000,0.000000 81.111699,20.778828,0.000000
                    81.112598,20.778477,0.000000 81.113841,20.777987,0.000000
                    81.114784,20.777591,0.000000 81.115868,20.777158,0.000000
                    81.115868,20.777158,0.000000 81.117234,20.776601,0.000000
                    81.118451,20.776113,0.000000 81.119614,20.775644,0.000000
                    81.120941,20.775106,0.000000 81.122340,20.774571,0.000000
                    81.123690,20.774064,0.000000 81.123690,20.774064,0.000000
                    81.124902,20.773573,0.000000 81.126210,20.773077,0.000000
                    81.127821,20.772491,0.000000 81.129577,20.771853,0.000000
                    81.131324,20.771162,0.000000 81.132991,20.770391,0.000000
                    81.132991,20.770391,0.000000 81.134596,20.769625,0.000000
                    81.135876,20.769016,0.000000 81.137314,20.768299,0.000000
                    81.138913,20.767519,0.000000 81.140479,20.766828,0.000000
                    81.142032,20.766250,0.000000 81.142032,20.766250,0.000000
                    81.142981,20.765907,0.000000 81.143673,20.765655,0.000000
                    81.144582,20.765317,0.000000 81.145356,20.765031,0.000000
                    81.146137,20.764749,0.000000 81.147263,20.764329,0.000000
                    81.147263,20.764329,0.000000 81.148361,20.763924,0.000000
                    81.149367,20.763521,0.000000 81.150457,20.762845,0.000000
                    81.151631,20.762102,0.000000 81.152690,20.761440,0.000000
                    81.153912,20.760795,0.000000 81.154184,20.760786,0.000000
                    81.154311,20.760814,0.000000 81.154311,20.760814,0.000000
                    81.154311,20.760814,0.000000 81.155534,20.761303,0.000000
                    81.156495,20.761603,0.000000 81.157434,20.761660,0.000000
                    81.157612,20.761627,0.000000 81.157687,20.761591,0.000000
                    81.157808,20.761493,0.000000 81.157852,20.761434,0.000000
                    81.158291,20.760833,0.000000 81.158932,20.759888,0.000000
                    81.158932,20.759888,0.000000 81.159312,20.759139,0.000000
                    81.159331,20.759024,0.000000 81.159259,20.757972,0.000000
                    81.159191,20.756799,0.000000 81.159297,20.756534,0.000000
                    81.159354,20.756454,0.000000 81.160191,20.755663,0.000000
                    81.160191,20.755663,0.000000 81.160191,20.755663,0.000000
                    81.161105,20.754808,0.000000 81.162056,20.753910,0.000000
                    81.163026,20.752993,0.000000 81.163879,20.752173,0.000000
                    81.164679,20.751416,0.000000 81.165493,20.750633,0.000000
                    81.166090,20.750160,0.000000 81.166175,20.750117,0.000000
                    81.166738,20.749876,0.000000 81.167651,20.749486,0.000000
                    81.168669,20.749091,0.000000 81.169678,20.748761,0.000000
                    81.170756,20.748382,0.000000 81.171904,20.747987,0.000000
                    81.171904,20.747987,0.000000 81.174112,20.747184,0.000000
                    81.175172,20.746801,0.000000 81.176312,20.746388,0.000000
                    81.177462,20.745983,0.000000 81.178542,20.745591,0.000000
                    81.178542,20.745591,0.000000 81.179696,20.745192,0.000000
                    81.180477,20.744898,0.000000 81.181483,20.744533,0.000000
                    81.182486,20.744146,0.000000 81.183604,20.743713,0.000000
                    81.184820,20.743247,0.000000 81.184820,20.743247,0.000000
                    81.186086,20.742755,0.000000 81.187270,20.742281,0.000000
                    81.188338,20.741978,0.000000 81.189585,20.741770,0.000000
                    81.190852,20.741482,0.000000 81.190852,20.741482,0.000000
                    81.192089,20.741211,0.000000 81.193323,20.741009,0.000000
                    81.194307,20.740693,0.000000 81.194391,20.740648,0.000000
                    81.194947,20.740318,0.000000 81.195397,20.740073,0.000000
                    81.196011,20.739646,0.000000 81.196428,20.739332,0.000000
                    81.196428,20.739332,0.000000 81.196651,20.739166,0.000000
                    81.196966,20.738954,0.000000 81.197560,20.738736,0.000000
                    81.198092,20.738571,0.000000 81.198092,20.738571,0.000000
                    81.198092,20.738571,0.000000 81.198092,20.738571,0.000000
                    81.198092,20.738571,0.000000 81.198092,20.738571,0.000000
                    81.198092,20.738571,0.000000 81.198092,20.738571,0.000000
                    81.198092,20.738571,0.000000 81.198092,20.738571,0.000000
                    81.198092,20.738571,0.000000 81.198092,20.738571,0.000000
                    81.198092,20.738571,0.000000 81.198092,20.738571,0.000000
                    81.198092,20.738571,0.000000 81.198092,20.738571,0.000000
                    81.198092,20.738571,0.000000 81.198092,20.738571,0.000000
                    81.198092,20.738571,0.000000 81.198092,20.738571,0.000000
                    81.198092,20.738571,0.000000 81.198092,20.738571,0.000000
                    81.198092,20.738571,0.000000 81.198092,20.738571,0.000000
                    81.198092,20.738571,0.000000 81.198092,20.738571,0.000000
                    81.198092,20.738571,0.000000 81.198092,20.738571,0.000000
                    81.198092,20.738571,0.000000 81.198092,20.738571,0.000000
                    81.198092,20.738571,0.000000 81.198092,20.738571,0.000000
                    81.198092,20.738571,0.000000 81.198092,20.738571,0.000000
                    81.198092,20.738571,0.000000 81.198092,20.738571,0.000000
                    81.198092,20.738571,0.000000 81.198092,20.738571,0.000000
                    81.198092,20.738571,0.000000 81.198092,20.738571,0.000000
                    81.198092,20.738571,0.000000 81.198092,20.738571,0.000000
                    81.198092,20.738571,0.000000 81.198512,20.738403,0.000000
                    81.198512,20.738403,0.000000 81.198995,20.738209,0.000000
                    81.198995,20.738209,0.000000 81.199334,20.738080,0.000000
                    81.199964,20.737855,0.000000 81.200733,20.737534,0.000000
                    81.201520,20.737167,0.000000 81.202144,20.736858,0.000000
                    81.202826,20.736478,0.000000 81.202826,20.736478,0.000000
                    81.203497,20.736036,0.000000 81.204084,20.735607,0.000000
                    81.204568,20.735297,0.000000 81.204727,20.735059,0.000000
                    81.204727,20.735059,0.000000 81.204676,20.734940,0.000000
                    81.204666,20.734921,0.000000 81.204540,20.734655,0.000000
                    81.204362,20.734249,0.000000 81.204101,20.733649,0.000000
                    81.203760,20.732976,0.000000 81.203351,20.732267,0.000000
                    81.202995,20.731516,0.000000 81.202842,20.730889,0.000000
                    81.202842,20.730889,0.000000 81.202824,20.730281,0.000000
                    81.202835,20.730213,0.000000 81.202898,20.730028,0.000000
                    81.202939,20.729976,0.000000 81.203046,20.729901,0.000000
                    81.203102,20.729888,0.000000 81.203217,20.729893,0.000000
                    81.203278,20.729907,0.000000 81.203847,20.730072,0.000000
                    81.204224,20.730146,0.000000 81.204262,20.730140,0.000000
                    81.204330,20.730108,0.000000 81.204358,20.730084,0.000000
                    81.204394,20.730020,0.000000 81.204402,20.729981,0.000000
                    81.204423,20.729577,0.000000 81.204451,20.729536,0.000000
                    81.204470,20.729526,0.000000 81.204470,20.729526,0.000000
                    81.204848,20.729438,0.000000 81.204848,20.729438,0.000000
                    81.205144,20.729313,0.000000 81.205147,20.729311,0.000000
                    81.205144,20.729313,0.000000 81.205144,20.729313,0.000000
                    81.205152,20.729310,0.000000 81.205152,20.729310,0.000000
                    81.205152,20.729310,0.000000 81.205152,20.729310,0.000000
                    81.205152,20.729310,0.000000 81.205152,20.729310,0.000000
                    81.205152,20.729310,0.000000 81.205152,20.729310,0.000000
                    81.205152,20.729310,0.000000 81.205152,20.729310,0.000000
                    81.205152,20.729310,0.000000 81.205152,20.729310,0.000000
                    81.205152,20.729310,0.000000 81.205152,20.729310,0.000000
                    81.205152,20.729310,0.000000 81.205152,20.729310,0.000000
                    81.205152,20.729310,0.000000 81.205152,20.729310,0.000000
                    81.205152,20.729310,0.000000 81.205152,20.729310,0.000000
                    81.205152,20.729310,0.000000 81.205152,20.729310,0.000000
                    81.205152,20.729310,0.000000 81.205152,20.729310,0.000000
                    81.205152,20.729310,0.000000 81.205152,20.729310,0.000000
                    81.205152,20.729310,0.000000 81.205152,20.729310,0.000000
                    81.205152,20.729310,0.000000 81.205152,20.729310,0.000000
                    81.205152,20.729310,0.000000 81.205152,20.729310,0.000000
                    81.205152,20.729310,0.000000 81.205152,20.729310,0.000000
                    81.205152,20.729310,0.000000 81.205152,20.729310,0.000000
                    81.205152,20.729310,0.000000 81.205152,20.729310,0.000000
                    81.205152,20.729310,0.000000 81.205152,20.729310,0.000000
                    81.205152,20.729310,0.000000 81.205152,20.729310,0.000000
                    81.205152,20.729310,0.000000 81.205152,20.729310,0.000000
                    81.205152,20.729310,0.000000 81.205152,20.729310,0.000000
                    81.205152,20.729310,0.000000 81.205152,20.729310,0.000000
                    81.205152,20.729310,0.000000 81.205152,20.729310,0.000000
                    81.205152,20.729310,0.000000 81.205152,20.729310,0.000000
                    81.205152,20.729310,0.000000 81.205152,20.729310,0.000000
                    81.205152,20.729310,0.000000 81.205152,20.729310,0.000000
                    81.205152,20.729310,0.000000 81.205152,20.729310,0.000000
                    81.205152,20.729310,0.000000 81.205152,20.729310,0.000000
                    81.205152,20.729310,0.000000 81.205152,20.729310,0.000000
                    81.205152,20.729310,0.000000 81.205152,20.729310,0.000000
                    81.205152,20.729310,0.000000 81.205152,20.729310,0.000000
                    81.205152,20.729310,0.000000 81.205152,20.729310,0.000000
                    81.205152,20.729310,0.000000 81.205152,20.729310,0.000000
                    81.205152,20.729310,0.000000 81.205152,20.729310,0.000000
                    81.205152,20.729310,0.000000 81.205152,20.729310,0.000000
                    81.205152,20.729310,0.000000 81.205152,20.729310,0.000000
                    81.205152,20.729310,0.000000 81.205152,20.729310,0.000000
                    81.205152,20.729310,0.000000 81.205152,20.729310,0.000000
                    81.205152,20.729310,0.000000 81.205152,20.729310,0.000000
                    81.205152,20.729310,0.000000 81.205152,20.729310,0.000000
                    81.205152,20.729310,0.000000 81.205152,20.729310,0.000000
                    81.205152,20.729310,0.000000 81.205152,20.729310,0.000000
                    81.205152,20.729310,0.000000 81.205152,20.729310,0.000000
                    81.205152,20.729310,0.000000 81.205152,20.729310,0.000000
                    81.205152,20.729310,0.000000 81.205152,20.729310,0.000000
                    81.205152,20.729310,0.000000 81.205152,20.729310,0.000000
                    81.205152,20.729310,0.000000 81.205152,20.729310,0.000000
                    81.205152,20.729310,0.000000 81.205152,20.729310,0.000000
                    81.205152,20.729310,0.000000 81.205152,20.729310,0.000000
                    81.205152,20.729310,0.000000 81.205152,20.729310,0.000000
                    81.205152,20.729310,0.000000 81.205152,20.729310,0.000000
                    81.205152,20.729310,0.000000 81.205152,20.729310,0.000000
                    81.205152,20.729310,0.000000 81.205152,20.729310,0.000000
                    81.205152,20.729310,0.000000 81.205152,20.729310,0.000000
                    81.205152,20.729310,0.000000 81.205152,20.729310,0.000000
                    81.205152,20.729310,0.000000 81.205152,20.729310,0.000000
                    81.205152,20.729310,0.000000 81.205152,20.729310,0.000000
                    81.205152,20.729310,0.000000 81.205152,20.729310,0.000000
                    81.205152,20.729310,0.000000 81.205152,20.729310,0.000000
                    81.205152,20.729310,0.000000 81.205152,20.729310,0.000000
                    81.205152,20.729310,0.000000 81.205152,20.729310,0.000000
                    81.205152,20.729310,0.000000 81.205152,20.729310,0.000000
                    81.205152,20.729310,0.000000 81.205152,20.729310,0.000000
                    81.205152,20.729310,0.000000 81.205152,20.729310,0.000000
                    81.205152,20.729310,0.000000 81.205152,20.729310,0.000000
                    81.205152,20.729310,0.000000 81.205152,20.729310,0.000000
                    81.205152,20.729310,0.000000 81.205152,20.729310,0.000000
                    81.205152,20.729310,0.000000 81.205152,20.729310,0.000000
                    81.205152,20.729310,0.000000 81.205152,20.729310,0.000000
                    81.205152,20.729310,0.000000 81.205152,20.729310,0.000000
                    81.205152,20.729310,0.000000 81.205152,20.729310,0.000000
                    81.205152,20.729310,0.000000 81.205152,20.729310,0.000000
                    81.205152,20.729310,0.000000 81.205152,20.729310,0.000000
                    81.205152,20.729310,0.000000 81.205152,20.729310,0.000000
                    81.205152,20.729310,0.000000 81.205152,20.729310,0.000000
                    81.205152,20.729310,0.000000 81.205152,20.729310,0.000000
                    81.205152,20.729310,0.000000 81.205152,20.729310,0.000000
                    81.205152,20.729310,0.000000 81.205152,20.729310,0.000000
                    81.205152,20.729310,0.000000 81.205152,20.729310,0.000000
                    81.205152,20.729310,0.000000 81.205152,20.729310,0.000000
                    81.205152,20.729310,0.000000 81.205152,20.729310,0.000000
                    81.205152,20.729310,0.000000 81.205152,20.729310,0.000000
                    81.205152,20.729310,0.000000 81.205152,20.729310,0.000000
                    81.205152,20.729310,0.000000 81.205152,20.729310,0.000000
                    81.205152,20.729310,0.000000 81.205152,20.729310,0.000000
                    81.205152,20.729310,0.000000 81.205152,20.729310,0.000000
                    81.205152,20.729310,0.000000 81.205152,20.729310,0.000000
                    81.205152,20.729310,0.000000 81.205152,20.729310,0.000000
                    81.205152,20.729310,0.000000 81.205152,20.729310,0.000000
                    81.205152,20.729310,0.000000 81.205152,20.729310,0.000000
                    81.205152,20.729310,0.000000 81.205152,20.729310,0.000000
                    81.205152,20.729310,0.000000 81.205152,20.729310,0.000000
                    81.205152,20.729310,0.000000 81.205152,20.729310,0.000000
                    81.205152,20.729310,0.000000 81.205152,20.729310,0.000000
                    81.205152,20.729310,0.000000 81.205152,20.729310,0.000000
                    81.205152,20.729310,0.000000 81.205152,20.729310,0.000000
                    81.205152,20.729310,0.000000 81.205152,20.729310,0.000000
                    81.205152,20.729310,0.000000 81.205152,20.729310,0.000000
                    81.205152,20.729310,0.000000 81.205152,20.729310,0.000000
                    81.205152,20.729310,0.000000 81.205152,20.729310,0.000000
                    81.205152,20.729310,0.000000 81.205152,20.729310,0.000000
                    81.205152,20.729310,0.000000 81.205152,20.729310,0.000000
                    81.205152,20.729310,0.000000 81.205152,20.729310,0.000000
                    81.205152,20.729310,0.000000 81.205152,20.729310,0.000000
                    81.205152,20.729310,0.000000 81.205152,20.729310,0.000000
                    81.205152,20.729310,0.000000 81.205152,20.729310,0.000000
                    81.205152,20.729310,0.000000 81.205152,20.729310,0.000000
                    81.205152,20.729310,0.000000 81.205152,20.729310,0.000000
                    81.205152,20.729310,0.000000 81.205152,20.729310,0.000000
                    81.205152,20.729310,0.000000 81.205152,20.729310,0.000000
                    81.205152,20.729310,0.000000 81.205152,20.729310,0.000000
                    81.205152,20.729310,0.000000 81.205152,20.729310,0.000000
                    81.205152,20.729310,0.000000 81.205152,20.729310,0.000000
                    81.205152,20.729310,0.000000 81.205152,20.729310,0.000000
                    81.205152,20.729310,0.000000 81.205152,20.729310,0.000000
                    81.205152,20.729310,0.000000 81.205152,20.729310,0.000000
                    81.205152,20.729310,0.000000 81.205152,20.729310,0.000000
                    81.205152,20.729310,0.000000 81.205152,20.729310,0.000000
                    81.205152,20.729310,0.000000 81.205152,20.729310,0.000000
                    81.205152,20.729310,0.000000 81.205228,20.729297,0.000000
                    81.204199,20.729071,0.000000 81.205152,20.729310,0.000000
                    81.204229,20.729154,0.000000 81.204218,20.729156,0.000000
                    81.204206,20.729165,0.000000 81.204193,20.729180,0.000000
                    81.204109,20.729387,0.000000 81.204101,20.729442,0.000000
                    81.204097,20.729447,0.000000 81.204105,20.729452,0.000000
                    81.204110,20.729452,0.000000 81.204120,20.729440,0.000000
                    81.204144,20.729418,0.000000 81.204273,20.729380,0.000000
                    81.204339,20.729349,0.000000 81.204541,20.728872,0.000000
                    81.204541,20.728872,0.000000 81.204654,20.728207,0.000000
                    81.204783,20.727564,0.000000 81.204889,20.727135,0.000000
                    81.204955,20.727000,0.000000 81.204991,20.726981,0.000000
                    81.205034,20.726974,0.000000 81.205601,20.726953,0.000000
                    81.205891,20.726831,0.000000 81.205933,20.726801,0.000000
                    81.205933,20.726801,0.000000 81.206352,20.726423,0.000000
                    81.206773,20.725996,0.000000 81.207270,20.725514,0.000000
                    81.207819,20.724933,0.000000 81.208309,20.724226,0.000000
                    81.208721,20.723537,0.000000 81.208721,20.723537,0.000000
                    81.209127,20.722899,0.000000 81.209582,20.722207,0.000000
                    81.210073,20.721491,0.000000 81.210525,20.720980,0.000000
                    81.210608,20.720923,0.000000 81.211106,20.720701,0.000000
                    81.211221,20.720686,0.000000 81.212448,20.720807,0.000000
                    81.213706,20.720949,0.000000 81.213706,20.720949,0.000000
                    81.214472,20.720948,0.000000 81.214602,20.720921,0.000000
                    81.215798,20.720432,0.000000 81.216822,20.719985,0.000000
                    81.217901,20.719570,0.000000 81.219077,20.719148,0.000000
                    81.219077,20.719148,0.000000 81.220281,20.718628,0.000000
                    81.220281,20.718628,0.000000 81.221370,20.718159,0.000000
                    81.221922,20.717947,0.000000 81.221370,20.718159,0.000000
                    81.221370,20.718159,0.000000 81.221370,20.718159,0.000000
                    81.221928,20.717946,0.000000 81.221928,20.717946,0.000000
                    81.221932,20.717943,0.000000 81.221922,20.717947,0.000000
                    81.221922,20.717947,0.000000 81.221922,20.717947,0.000000
                    81.221932,20.717943,0.000000 81.221932,20.717943,0.000000
                    81.221932,20.717943,0.000000 81.221932,20.717943,0.000000
                    81.221932,20.717943,0.000000 81.221932,20.717943,0.000000
                    81.221932,20.717943,0.000000 81.221932,20.717943,0.000000
                    81.221932,20.717943,0.000000 81.221932,20.717943,0.000000
                    81.221932,20.717943,0.000000 81.221932,20.717943,0.000000
                    81.221932,20.717943,0.000000 81.221932,20.717943,0.000000
                    81.221932,20.717943,0.000000 81.221932,20.717943,0.000000
                    81.221932,20.717943,0.000000 81.221932,20.717943,0.000000
                    81.221934,20.717942,0.000000 81.221933,20.717942,0.000000
                    81.221934,20.717942,0.000000 81.222072,20.717868,0.000000
                    81.222111,20.717851,0.000000 81.222484,20.717684,0.000000
                    81.223083,20.717427,0.000000 81.223726,20.717152,0.000000
                    81.223726,20.717152,0.000000 81.223726,20.717152,0.000000
                    81.224279,20.716889,0.000000 81.224923,20.716599,0.000000
                    81.225830,20.716207,0.000000 81.226904,20.715906,0.000000
                    81.226904,20.715906,0.000000 81.226904,20.715906,0.000000
                    81.226904,20.715906,0.000000 81.228080,20.715957,0.000000
                    81.229328,20.716037,0.000000 81.229328,20.716037,0.000000
                    81.231892,20.716200,0.000000 81.233217,20.716234,0.000000
                    81.233217,20.716234,0.000000 81.233217,20.716234,0.000000
                    81.233217,20.716234,0.000000 81.234700,20.716141,0.000000
                    81.236127,20.716022,0.000000 81.237605,20.716057,0.000000
                    81.237727,20.716087,0.000000 81.236127,20.716022,0.000000
                    81.238643,20.716330,0.000000 81.238772,20.716332,0.000000
                    81.238796,20.716331,0.000000 81.239001,20.716258,0.000000
                    81.238796,20.716331,0.000000 81.239010,20.716243,0.000000
                    81.239066,20.716064,0.000000 81.239066,20.716064,0.000000
                    81.239182,20.715769,0.000000 81.239199,20.715723,0.000000
                    81.239202,20.715693,0.000000 81.239203,20.715691,0.000000
                    81.239202,20.715693,0.000000 81.239206,20.715687,0.000000
                    81.239202,20.715693,0.000000 81.239206,20.715687,0.000000
                    81.239206,20.715687,0.000000 81.239206,20.715687,0.000000
                    81.239206,20.715687,0.000000 81.239206,20.715687,0.000000
                    81.239206,20.715687,0.000000 81.239206,20.715687,0.000000
                    81.239206,20.715687,0.000000 81.239206,20.715687,0.000000
                    81.239206,20.715687,0.000000 81.239206,20.715659,0.000000
                    81.239206,20.715687,0.000000 81.239218,20.715600,0.000000
                    81.239227,20.715568,0.000000 81.239361,20.715146,0.000000
                    81.239489,20.714471,0.000000 81.239489,20.714471,0.000000
                    81.239489,20.714471,0.000000 81.239489,20.714471,0.000000
                    81.239489,20.714471,0.000000 81.239435,20.713637,0.000000
                    81.239435,20.713637,0.000000 81.239247,20.712629,0.000000
                    81.239247,20.712629,0.000000 81.239247,20.712629,0.000000
                    81.239247,20.712629,0.000000 81.239247,20.712629,0.000000
                    81.239247,20.712629,0.000000 81.239247,20.712629,0.000000
                    81.239247,20.712629,0.000000 81.238974,20.710792,0.000000
                    81.238993,20.710705,0.000000 81.239063,20.710544,0.000000
                    81.239122,20.710477,0.000000 81.239433,20.710273,0.000000
                    81.239523,20.710232,0.000000 81.239523,20.710232,0.000000
                    81.241509,20.709362,0.000000 81.242569,20.708898,0.000000
                    81.243686,20.708407,0.000000 81.244816,20.707917,0.000000
                    81.244816,20.707917,0.000000 81.247280,20.706837,0.000000
                    81.247280,20.706837,0.000000 81.247280,20.706837,0.000000
                    81.247280,20.706837,0.000000 81.248582,20.706250,0.000000
                    81.249848,20.705682,0.000000 81.251108,20.705137,0.000000
                    81.252141,20.704687,0.000000 81.252141,20.704687,0.000000
                    81.253401,20.704128,0.000000 81.253401,20.704128,0.000000
                    81.253401,20.704128,0.000000 81.253401,20.704128,0.000000
                    81.254493,20.703642,0.000000 81.255698,20.703113,0.000000
                    81.256994,20.702538,0.000000 81.256994,20.702538,0.000000
                    81.259514,20.701406,0.000000 81.260701,20.700852,0.000000
                    81.262184,20.700223,0.000000 81.263704,20.699541,0.000000
                    81.263704,20.699541,0.000000 81.263704,20.699541,0.000000
                    81.263704,20.699541,0.000000 81.265163,20.698901,0.000000
                    81.265163,20.698901,0.000000 81.267894,20.697671,0.000000
                    81.268707,20.697240,0.000000 81.268785,20.697154,0.000000
                    81.269116,20.696544,0.000000 81.269153,20.696430,0.000000
                    81.269401,20.695179,0.000000 81.269662,20.693803,0.000000
                    81.269939,20.692297,0.000000 81.269939,20.692297,0.000000
                    81.270469,20.690821,0.000000 81.271092,20.689401,0.000000
                    81.271708,20.687964,0.000000 81.272329,20.686528,0.000000
                    81.273089,20.685249,0.000000 81.273089,20.685249,0.000000
                    81.273089,20.685249,0.000000 81.273089,20.685249,0.000000
                    81.274059,20.684221,0.000000 81.274731,20.683531,0.000000
                    81.274751,20.683521,0.000000 81.274751,20.683521,0.000000
                    81.274765,20.683508,0.000000 81.274778,20.683488,0.000000
                    81.274765,20.683508,0.000000 81.274765,20.683508,0.000000
                    81.274782,20.683496,0.000000 81.274765,20.683508,0.000000
                    81.274782,20.683496,0.000000 81.274782,20.683496,0.000000
                    81.274782,20.683496,0.000000 81.274782,20.683496,0.000000
                    81.274782,20.683496,0.000000 81.274782,20.683496,0.000000
                    81.274782,20.683496,0.000000 81.274782,20.683496,0.000000
                    81.274782,20.683496,0.000000 81.274782,20.683496,0.000000
                    81.274782,20.683496,0.000000 81.274782,20.683496,0.000000
                    81.274782,20.683496,0.000000 81.274782,20.683496,0.000000
                    81.274782,20.683496,0.000000 81.274782,20.683496,0.000000
                    81.274782,20.683496,0.000000 81.274782,20.683496,0.000000
                    81.274782,20.683496,0.000000 81.274782,20.683496,0.000000
                    81.274782,20.683496,0.000000 81.274782,20.683496,0.000000
                    81.274782,20.683496,0.000000 81.274782,20.683496,0.000000
                    81.274782,20.683496,0.000000 81.274782,20.683496,0.000000
                    81.274782,20.683496,0.000000 81.274782,20.683496,0.000000
                    81.274782,20.683496,0.000000 81.274782,20.683496,0.000000
                    81.274782,20.683496,0.000000 81.274782,20.683496,0.000000
                    81.274782,20.683496,0.000000 81.274782,20.683496,0.000000
                    81.274782,20.683496,0.000000 81.274782,20.683496,0.000000
                    81.274782,20.683496,0.000000 81.274782,20.683496,0.000000
                    81.274782,20.683496,0.000000 81.274782,20.683496,0.000000
                    81.274782,20.683496,0.000000 81.274782,20.683496,0.000000
                    81.274782,20.683496,0.000000 81.274782,20.683496,0.000000
                    81.274782,20.683496,0.000000 81.274782,20.683496,0.000000
                    81.274782,20.683496,0.000000 81.274782,20.683496,0.000000
                    81.274782,20.683496,0.000000 81.274782,20.683496,0.000000
                    81.274782,20.683496,0.000000 81.274782,20.683496,0.000000
                    81.274782,20.683496,0.000000 81.274796,20.683483,0.000000
                    81.274782,20.683496,0.000000 81.274796,20.683483,0.000000
                    81.274782,20.683496,0.000000 81.274878,20.683346,0.000000
                    81.275279,20.682929,0.000000 81.275943,20.682219,0.000000
                    81.275943,20.682219,0.000000 81.276869,20.681219,0.000000
                    81.277889,20.680119,0.000000 81.279018,20.678898,0.000000
                    81.280416,20.677838,0.000000 81.281938,20.676884,0.000000
                    81.282589,20.676646,0.000000 81.282763,20.676631,0.000000
                    81.284567,20.676658,0.000000 81.284567,20.676658,0.000000
                    81.286415,20.676662,0.000000 81.287960,20.676682,0.000000
                    81.288873,20.676880,0.000000 81.288989,20.676934,0.000000
                    81.290137,20.677583,0.000000 81.291323,20.678536,0.000000
                    81.292606,20.679544,0.000000 81.292606,20.679544,0.000000
                    81.293939,20.680587,0.000000 81.295287,20.681627,0.000000
                    81.296646,20.682692,0.000000 81.296646,20.682692,0.000000
                    81.296646,20.682692,0.000000 81.298026,20.683784,0.000000
                    81.298026,20.683784,0.000000 81.300788,20.685958,0.000000
                    81.302158,20.687031,0.000000 81.303508,20.688078,0.000000
                    81.304778,20.689079,0.000000 81.304778,20.689079,0.000000
                    81.304778,20.689079,0.000000 81.305246,20.689454,0.000000
                    81.305921,20.689978,0.000000 81.306955,20.690785,0.000000
                    81.308044,20.691639,0.000000 81.309083,20.692432,0.000000
                    81.310222,20.693285,0.000000 81.310222,20.693285,0.000000
                    81.310956,20.693548,0.000000 81.311118,20.693561,0.000000
                    81.311118,20.693561,0.000000 81.311118,20.693561,0.000000
                    81.312786,20.693329,0.000000 81.312786,20.693329,0.000000
                    81.316365,20.692722,0.000000 81.316365,20.692722,0.000000
                    81.316365,20.692722,0.000000 81.318148,20.692428,0.000000
                    81.318148,20.692428,0.000000 81.321390,20.691904,0.000000
                    81.323006,20.691635,0.000000 81.324627,20.691354,0.000000
                    81.326267,20.691167,0.000000 81.327999,20.691227,0.000000
                    81.327999,20.691227,0.000000 81.329808,20.691301,0.000000
                    81.331660,20.691378,0.000000 81.333556,20.691451,0.000000
                    81.335452,20.691392,0.000000 81.337278,20.690954,0.000000
                    81.339073,20.690558,0.000000 81.339073,20.690558,0.000000
                    81.340829,20.690172,0.000000 81.342624,20.689763,0.000000
                    81.344469,20.689342,0.000000 81.346301,20.688910,0.000000
                    81.348106,20.688504,0.000000 81.349931,20.688105,0.000000
                    81.349931,20.688105,0.000000 81.351746,20.687684,0.000000
                    81.353548,20.687289,0.000000 81.355377,20.686882,0.000000
                    81.356884,20.686652,0.000000 81.357071,20.686687,0.000000
                    81.358962,20.687150,0.000000 81.360927,20.687608,0.000000
                    81.361857,20.687955,0.000000 81.361857,20.687955,0.000000
                    81.362027,20.688057,0.000000 81.362736,20.688722,0.000000
                    81.362846,20.688872,0.000000 81.363953,20.690526,0.000000
                    81.365087,20.692277,0.000000 81.366220,20.694004,0.000000
                    81.367369,20.695714,0.000000 81.368471,20.697428,0.000000
                    81.368471,20.697428,0.000000 81.369456,20.698881,0.000000
                    81.370498,20.700488,0.000000 81.371330,20.701520,0.000000
                    81.371461,20.701604,0.000000 81.371851,20.701738,0.000000
                    81.371983,20.701755,0.000000 81.373497,20.701562,0.000000
                    81.375031,20.701418,0.000000 81.376559,20.701400,0.000000
                    81.376559,20.701400,0.000000 81.378442,20.701379,0.000000
                    81.379459,20.701395,0.000000 81.379606,20.701342,0.000000
                    81.380581,20.700830,0.000000 81.380691,20.700717,0.000000
                    81.381539,20.699277,0.000000 81.382340,20.698265,0.000000
                    81.382466,20.698147,0.000000 81.383789,20.696886,0.000000
                    81.383789,20.696886,0.000000 81.385147,20.695625,0.000000
                    81.386446,20.694418,0.000000 81.386446,20.694418,0.000000
                    81.386446,20.694418,0.000000 81.386446,20.694418,0.000000
                    81.387822,20.693196,0.000000 81.387822,20.693196,0.000000
                    81.390517,20.691163,0.000000 81.391943,20.690237,0.000000
                    81.393264,20.689359,0.000000 81.394592,20.688497,0.000000
                    81.396039,20.687588,0.000000 81.396039,20.687588,0.000000
                    81.397497,20.686631,0.000000 81.398902,20.685664,0.000000
                    81.400019,20.684921,0.000000 81.401230,20.684141,0.000000
                    81.402022,20.683802,0.000000 81.402137,20.683792,0.000000
                    81.403455,20.683665,0.000000 81.403455,20.683665,0.000000
                    81.404668,20.683529,0.000000 81.405673,20.683409,0.000000
                    81.406849,20.683291,0.000000 81.408223,20.683142,0.000000
                    81.409722,20.682983,0.000000 81.411272,20.682817,0.000000
                    81.411272,20.682817,0.000000 81.412736,20.682646,0.000000
                    81.414056,20.682524,0.000000 81.415419,20.682388,0.000000
                    81.416998,20.682219,0.000000 81.418637,20.682026,0.000000
                    81.420323,20.681843,0.000000 81.420323,20.681843,0.000000
                    81.421755,20.681686,0.000000 81.423156,20.681529,0.000000
                    81.424851,20.681312,0.000000 81.426735,20.681267,0.000000
                    81.428155,20.681514,0.000000 81.428155,20.681514,0.000000
                    81.428346,20.681584,0.000000 81.429103,20.681758,0.000000
                    81.429293,20.681744,0.000000 81.430932,20.681566,0.000000
                    81.431503,20.681520,0.000000 81.432315,20.681416,0.000000
                    81.432426,20.681380,0.000000 81.433021,20.681120,0.000000
                    81.433129,20.681041,0.000000 81.434097,20.680501,0.000000
                    81.434120,20.680492,0.000000 81.434145,20.680487,0.000000
                    81.434191,20.680468,0.000000 81.434468,20.680318,0.000000
                    81.434468,20.680318,0.000000 81.435145,20.680008,0.000000
                    81.436238,20.679592,0.000000 81.437596,20.679073,0.000000
                    81.439210,20.678473,0.000000 81.440593,20.677944,0.000000
                    81.441914,20.677462,0.000000 81.441914,20.677462,0.000000
                    81.443380,20.677030,0.000000 81.444950,20.676704,0.000000
                    81.446377,20.675982,0.000000 81.447792,20.675299,0.000000
                    81.449192,20.674639,0.000000 81.450528,20.673897,0.000000
                    81.450528,20.673897,0.000000 81.451809,20.673063,0.000000
                    81.452923,20.672343,0.000000 81.453017,20.672276,0.000000
                    81.453502,20.671964,0.000000 81.454383,20.671353,0.000000
                    81.455596,20.670426,0.000000 81.456387,20.669989,0.000000
                    81.456576,20.669938,0.000000 81.456576,20.669938,0.000000
                    81.458029,20.669735,0.000000 81.458252,20.669749,0.000000
                    81.460357,20.669817,0.000000 81.462280,20.669842,0.000000
                    81.464032,20.669816,0.000000 81.465728,20.669772,0.000000
                    81.467294,20.669588,0.000000 81.467294,20.669588,0.000000
                    81.467294,20.669588,0.000000 81.467294,20.669588,0.000000
                    81.467294,20.669588,0.000000 81.468817,20.669249,0.000000
                    81.468817,20.669249,0.000000 81.472003,20.668451,0.000000
                    81.473665,20.667993,0.000000 81.475422,20.667510,0.000000
                    81.477217,20.667054,0.000000 81.479051,20.666619,0.000000
                    81.479051,20.666619,0.000000 81.480663,20.666221,0.000000
                    81.482431,20.665782,0.000000 81.483503,20.665531,0.000000
                    81.484060,20.665402,0.000000 81.484644,20.665283,0.000000
                    81.484806,20.665318,0.000000 81.484864,20.665339,0.000000
                    81.484864,20.665339,0.000000 81.485478,20.665573,0.000000
                    81.486570,20.665953,0.000000 81.487848,20.666440,0.000000
                    81.488957,20.666782,0.000000 81.489949,20.667139,0.000000
                    81.491243,20.667599,0.000000 81.491243,20.667599,0.000000
                    81.492678,20.668122,0.000000 81.494339,20.668750,0.000000
                    81.496260,20.669445,0.000000 81.498117,20.670084,0.000000
                    81.499954,20.670781,0.000000 81.501708,20.671413,0.000000
                    81.501708,20.671413,0.000000 81.502883,20.671897,0.000000
                    81.503450,20.672324,0.000000 81.503533,20.672418,0.000000
                    81.503939,20.673197,0.000000 81.503976,20.673314,0.000000
                    81.504333,20.674581,0.000000 81.504684,20.675895,0.000000
                    81.505072,20.677237,0.000000 81.505426,20.677867,0.000000
                    81.505527,20.677976,0.000000 81.505527,20.677976,0.000000
                    81.506660,20.678862,0.000000 81.507760,20.679671,0.000000
                    81.508818,20.680440,0.000000 81.509834,20.681172,0.000000
                    81.510911,20.681968,0.000000 81.511977,20.682733,0.000000
                    81.511977,20.682733,0.000000 81.512943,20.683437,0.000000
                    81.513751,20.684043,0.000000 81.514627,20.684682,0.000000
                    81.515449,20.685303,0.000000 81.516273,20.685942,0.000000
                    81.517005,20.686708,0.000000 81.517005,20.686708,0.000000
                    81.517353,20.687233,0.000000 81.517627,20.687743,0.000000
                    81.517677,20.687746,0.000000 81.517722,20.687732,0.000000
                    81.518230,20.687553,0.000000 81.518345,20.687541,0.000000
                    81.518390,20.687542,0.000000 81.518565,20.687580,0.000000
                    81.518623,20.687609,0.000000 81.518996,20.687888,0.000000
                    81.519681,20.688440,0.000000 81.519681,20.688440,0.000000
                    81.520647,20.689241,0.000000 81.521834,20.690219,0.000000
                    81.523105,20.691273,0.000000 81.524184,20.692158,0.000000
                    81.524789,20.692682,0.000000 81.525703,20.693440,0.000000
                    81.525703,20.693440,0.000000 81.526713,20.694271,0.000000
                    81.526713,20.694271,0.000000 81.526713,20.694271,0.000000
                    81.526713,20.694271,0.000000 81.526713,20.694271,0.000000
                    81.528927,20.696098,0.000000 81.529936,20.696934,0.000000
                    81.530800,20.697665,0.000000 81.531577,20.698302,0.000000
                    81.532315,20.698919,0.000000 81.532315,20.698919,0.000000
                    81.533054,20.699497,0.000000 81.533789,20.700007,0.000000
                    81.534556,20.700444,0.000000 81.535365,20.700887,0.000000
                    81.536158,20.701359,0.000000 81.536158,20.701359,0.000000
                    81.536158,20.701359,0.000000 81.536158,20.701359,0.000000
                    81.536158,20.701359,0.000000 81.536158,20.701359,0.000000
                    81.536158,20.701359,0.000000 81.536158,20.701359,0.000000
                    81.536158,20.701359,0.000000 81.536158,20.701359,0.000000
                    81.536158,20.701359,0.000000 81.536158,20.701359,0.000000
                    81.536672,20.701672,0.000000 81.536902,20.701967,0.000000
                    81.537114,20.702416,0.000000 81.537418,20.703116,0.000000
                    81.537418,20.703116,0.000000 81.537742,20.703658,0.000000
                    81.537811,20.703713,0.000000 81.538683,20.704254,0.000000
                    81.538683,20.704254,0.000000 81.538683,20.704254,0.000000
                    81.538683,20.704254,0.000000 81.539627,20.704853,0.000000
                    81.539627,20.704853,0.000000 81.541043,20.706122,0.000000
                    81.541592,20.706623,0.000000 81.542099,20.707098,0.000000
                    81.542608,20.707546,0.000000 81.543283,20.707944,0.000000
                    81.543283,20.707944,0.000000 81.543933,20.708288,0.000000
                    81.543933,20.708288,0.000000 81.543933,20.708288,0.000000
                    81.543933,20.708288,0.000000 81.543933,20.708288,0.000000
                    81.543933,20.708288,0.000000 81.543933,20.708288,0.000000
                    81.543933,20.708288,0.000000 81.543933,20.708288,0.000000
                    81.543933,20.708288,0.000000 81.543933,20.708288,0.000000
                    81.544724,20.708693,0.000000 81.545216,20.708907,0.000000
                    81.545216,20.708907,0.000000 81.545216,20.708907,0.000000
                    81.545840,20.709149,0.000000 81.545840,20.709149,0.000000
                    81.547349,20.709622,0.000000 81.548165,20.709878,0.000000
                    81.548687,20.710068,0.000000 81.548785,20.710126,0.000000
                    81.548801,20.710141,0.000000 81.548843,20.710221,0.000000
                    81.548845,20.710258,0.000000 81.548845,20.710258,0.000000
                    81.548845,20.710258,0.000000 81.548854,20.710738,0.000000
                    81.548854,20.710738,0.000000 81.548854,20.710738,0.000000
                    81.548854,20.710738,0.000000 81.549062,20.712097,0.000000
                    81.549242,20.712757,0.000000 81.549242,20.712757,0.000000
                    81.549242,20.712757,0.000000 81.549242,20.712757,0.000000
                    81.549447,20.713304,0.000000 81.549467,20.713326,0.000000
                    81.549515,20.713355,0.000000 81.549546,20.713361,0.000000
                    81.549592,20.713350,0.000000 81.549611,20.713336,0.000000
                    81.549629,20.713318,0.000000 81.549667,20.713291,0.000000
                    81.549687,20.713278,0.000000 81.549763,20.713236,0.000000
                    81.549786,20.713230,0.000000 81.549786,20.713230,0.000000
                    81.549786,20.713230,0.000000 81.549786,20.713230,0.000000
                    81.549927,20.713195,0.000000 81.550425,20.713082,0.000000
                    81.551217,20.712954,0.000000 81.552172,20.712770,0.000000
                    81.553028,20.712573,0.000000 81.553028,20.712573,0.000000
                    81.553838,20.712165,0.000000 81.554563,20.711455,0.000000
                    81.554563,20.711455,0.000000 81.554563,20.711455,0.000000
                    81.554563,20.711455,0.000000 81.554624,20.711363,0.000000
                    81.555077,20.710408,0.000000 81.555454,20.709563,0.000000
                    81.555454,20.709563,0.000000 81.555454,20.709563,0.000000
                    81.555454,20.709563,0.000000 81.556157,20.707950,0.000000
                    81.556467,20.707243,0.000000 81.556798,20.706438,0.000000
                    81.556798,20.706438,0.000000 81.557586,20.704681,0.000000
                    81.557792,20.704206,0.000000 81.558066,20.703603,0.000000
                    81.558466,20.702706,0.000000 81.558868,20.701836,0.000000
                    81.558868,20.701836,0.000000 81.559227,20.701014,0.000000
                    81.559612,20.700150,0.000000 81.560050,20.699182,0.000000
                    81.560050,20.699182,0.000000 81.560050,20.699182,0.000000
                    81.560515,20.698170,0.000000 81.560969,20.697158,0.000000
                    81.561399,20.696218,0.000000 81.561751,20.695236,0.000000
                    81.561831,20.694174,0.000000 81.561892,20.693098,0.000000
                    81.562009,20.692143,0.000000 81.562105,20.691036,0.000000
                    81.562315,20.689899,0.000000 81.562105,20.691036,0.000000
                    81.562354,20.689817,0.000000 81.562561,20.689404,0.000000
                    81.562557,20.689378,0.000000 81.562544,20.689356,0.000000
                    81.562524,20.689336,0.000000 81.562467,20.689314,0.000000
                    81.562435,20.689314,0.000000 81.562383,20.689324,0.000000
                    81.562361,20.689332,0.000000 81.562088,20.689491,0.000000
                    81.561454,20.689858,0.000000 81.560981,20.690305,0.000000
                    81.560981,20.690305,0.000000 81.560469,20.690849,0.000000
                    81.559961,20.691411,0.000000 81.559453,20.691972,0.000000
                    81.559089,20.692383,0.000000 81.558468,20.692881,0.000000
                    81.557761,20.693319,0.000000 81.557761,20.693319,0.000000
                    81.557238,20.693712,0.000000 81.556912,20.693976,0.000000
                    81.556547,20.694292,0.000000 81.556458,20.694403,0.000000
                    81.556204,20.694691,0.000000 81.555796,20.695114,0.000000
                    81.555796,20.695114,0.000000 81.555552,20.695306,0.000000
                    81.555528,20.695306,0.000000 81.555506,20.695299,0.000000
                    81.555486,20.695286,0.000000 81.555403,20.695183,0.000000
                    81.555386,20.695155,0.000000 81.555204,20.694862,0.000000
                    81.555018,20.694529,0.000000 81.555018,20.694529,0.000000
                    81.555018,20.694529,0.000000 81.555018,20.694529,0.000000
                    81.555018,20.694529,0.000000 81.555018,20.694529,0.000000
                    81.555178,20.694224,0.000000 81.555473,20.694088,0.000000
                    81.555473,20.694088,0.000000 81.555473,20.694088,0.000000
                    81.555473,20.694088,0.000000 81.555473,20.694088,0.000000
                    81.555473,20.694088,0.000000 81.555581,20.694017,0.000000
                    81.555581,20.694017,0.000000 81.555581,20.694017,0.000000
                    81.555581,20.694017,0.000000 81.555581,20.694017,0.000000
                    81.555581,20.694017,0.000000 81.555581,20.694017,0.000000
                    81.555581,20.694017,0.000000 81.555581,20.694017,0.000000
                    81.555581,20.694017,0.000000 81.555581,20.694017,0.000000
                    81.555581,20.694017,0.000000 81.555581,20.694017,0.000000
                    81.555581,20.694017,0.000000 81.555581,20.694017,0.000000
                    81.555581,20.694017,0.000000 81.555581,20.694017,0.000000
                    81.555581,20.694017,0.000000 81.555581,20.694017,0.000000
                    81.555581,20.694017,0.000000 81.555581,20.694017,0.000000
                    81.555581,20.694017,0.000000 81.555581,20.694017,0.000000
                    81.555581,20.694017,0.000000 81.555581,20.694017,0.000000
                    81.555581,20.694017,0.000000 81.555581,20.694017,0.000000
                    81.555581,20.694017,0.000000 81.555581,20.694017,0.000000
                    81.555581,20.694017,0.000000 81.555581,20.694017,0.000000
                    81.555581,20.694017,0.000000 81.555581,20.694017,0.000000
                    81.555581,20.694017,0.000000 81.555581,20.694017,0.000000
                    81.555581,20.694017,0.000000 81.555581,20.694017,0.000000
                    81.555581,20.694017,0.000000 81.555581,20.694017,0.000000
                    81.555581,20.694017,0.000000 81.555581,20.694017,0.000000
                    81.555581,20.694017,0.000000 81.555581,20.694017,0.000000
                    81.555581,20.694017,0.000000 81.555844,20.693893,0.000000
                    81.555730,20.693956,0.000000 81.555709,20.693963,0.000000
                    81.555483,20.694045,0.000000 81.555483,20.694045,0.000000
                    81.555483,20.694045,0.000000 81.555349,20.694111,0.000000
                    81.555339,20.694109,0.000000 81.555349,20.694111,0.000000
                    81.555349,20.694111,0.000000 81.555326,20.694122,0.000000
                    81.555349,20.694111,0.000000 81.555326,20.694122,0.000000
                    81.555326,20.694122,0.000000 81.555326,20.694122,0.000000
                    81.555326,20.694122,0.000000 81.555326,20.694122,0.000000
                    81.555326,20.694122,0.000000 81.555326,20.694122,0.000000
                    81.555326,20.694122,0.000000 81.555326,20.694122,0.000000
                    81.555326,20.694122,0.000000 81.555326,20.694122,0.000000
                    81.555326,20.694122,0.000000 81.555326,20.694122,0.000000
                    81.555326,20.694122,0.000000 81.555326,20.694122,0.000000
                    81.555326,20.694122,0.000000 81.555326,20.694122,0.000000
                    81.555326,20.694122,0.000000 81.555326,20.694122,0.000000
                    81.555326,20.694122,0.000000 81.555326,20.694122,0.000000
                    81.555326,20.694122,0.000000 81.555326,20.694122,0.000000
                    81.555326,20.694122,0.000000 81.555326,20.694122,0.000000
                    81.555326,20.694122,0.000000 81.555326,20.694122,0.000000
                    81.555326,20.694122,0.000000 81.555326,20.694122,0.000000
                    81.555326,20.694122,0.000000 81.555326,20.694122,0.000000
                    81.555326,20.694122,0.000000 81.555326,20.694122,0.000000
                    81.555326,20.694122,0.000000 81.555326,20.694122,0.000000
                    81.555326,20.694122,0.000000 81.555326,20.694122,0.000000
                    81.555326,20.694122,0.000000 81.555326,20.694122,0.000000
                    81.555326,20.694122,0.000000 81.555326,20.694122,0.000000
                    81.555326,20.694122,0.000000 81.555326,20.694122,0.000000
                    81.555326,20.694122,0.000000 81.555326,20.694122,0.000000
                    81.555326,20.694122,0.000000 81.555326,20.694122,0.000000
                    81.555326,20.694122,0.000000 81.555326,20.694122,0.000000
                    81.555326,20.694122,0.000000 81.555326,20.694122,0.000000
                    81.555326,20.694122,0.000000 81.555326,20.694122,0.000000
                    81.555326,20.694122,0.000000 81.555326,20.694122,0.000000
                    81.555326,20.694122,0.000000 81.555326,20.694122,0.000000
                    81.555326,20.694122,0.000000 81.555326,20.694122,0.000000
                    81.555326,20.694122,0.000000 81.555326,20.694122,0.000000
                    81.555326,20.694122,0.000000 81.555326,20.694122,0.000000
                    81.555326,20.694122,0.000000 81.555326,20.694122,0.000000
                    81.555326,20.694122,0.000000 81.555326,20.694122,0.000000
                    81.555326,20.694122,0.000000 81.555326,20.694122,0.000000
                    81.555326,20.694122,0.000000 81.555326,20.694122,0.000000
                    81.555326,20.694122,0.000000 81.555326,20.694122,0.000000
                    81.555326,20.694122,0.000000 81.555326,20.694122,0.000000
                    81.555326,20.694122,0.000000 81.555326,20.694122,0.000000
                    81.555326,20.694122,0.000000 81.555326,20.694122,0.000000
                    81.555326,20.694122,0.000000 81.555326,20.694122,0.000000
                    81.555326,20.694122,0.000000 81.555326,20.694122,0.000000
                    81.555326,20.694122,0.000000 81.555326,20.694122,0.000000
                    81.555326,20.694122,0.000000 81.555326,20.694122,0.000000
                    81.555326,20.694122,0.000000 81.555326,20.694122,0.000000
                    81.555326,20.694122,0.000000 81.555326,20.694122,0.000000
                    81.555326,20.694122,0.000000 81.555326,20.694122,0.000000
                    81.555326,20.694122,0.000000 81.555326,20.694122,0.000000
                    81.555326,20.694122,0.000000 81.555326,20.694122,0.000000
                    81.555326,20.694122,0.000000 81.555326,20.694122,0.000000
                    81.555326,20.694122,0.000000 81.555326,20.694122,0.000000
                    81.555326,20.694122,0.000000 81.555326,20.694122,0.000000
                    81.555326,20.694122,0.000000 81.555326,20.694122,0.000000
                    81.555326,20.694122,0.000000 81.555326,20.694122,0.000000
                    81.555326,20.694122,0.000000 81.555326,20.694122,0.000000
                    81.555326,20.694122,0.000000 81.555326,20.694122,0.000000
                    81.555326,20.694122,0.000000 81.555326,20.694122,0.000000
                    81.555326,20.694122,0.000000 81.555326,20.694122,0.000000
                    81.555326,20.694122,0.000000 81.555326,20.694122,0.000000
                    81.555326,20.694122,0.000000 81.555326,20.694122,0.000000
                    81.555326,20.694122,0.000000 81.555326,20.694122,0.000000
                    81.555326,20.694122,0.000000 81.555326,20.694122,0.000000
                    81.555326,20.694122,0.000000 81.555326,20.694122,0.000000
                    81.555326,20.694122,0.000000 81.555326,20.694122,0.000000
                    81.555326,20.694122,0.000000 81.555326,20.694122,0.000000
                    81.555326,20.694122,0.000000 81.555326,20.694122,0.000000
                    81.555326,20.694122,0.000000 81.555326,20.694122,0.000000
                    81.555326,20.694122,0.000000 81.555326,20.694122,0.000000
                    81.555326,20.694122,0.000000 81.555326,20.694122,0.000000
                    81.555326,20.694122,0.000000 81.555326,20.694122,0.000000
                    81.555326,20.694122,0.000000 81.555326,20.694122,0.000000
                    81.555326,20.694122,0.000000 81.555326,20.694122,0.000000
                    81.555326,20.694122,0.000000 81.555326,20.694122,0.000000
                    81.555326,20.694122,0.000000 81.555326,20.694122,0.000000
                    81.555326,20.694122,0.000000 81.555326,20.694122,0.000000
                    81.555326,20.694122,0.000000 81.555326,20.694122,0.000000
                    81.555326,20.694122,0.000000 81.555326,20.694122,0.000000
                    81.555326,20.694122,0.000000 81.555326,20.694122,0.000000
                    81.555326,20.694122,0.000000 81.555326,20.694122,0.000000
                    81.555326,20.694122,0.000000 81.555326,20.694122,0.000000
                    81.555326,20.694122,0.000000 81.555326,20.694122,0.000000
                    81.555326,20.694122,0.000000 81.555326,20.694122,0.000000
                    81.555326,20.694122,0.000000 81.555326,20.694122,0.000000
                    81.555326,20.694122,0.000000 81.555326,20.694122,0.000000
                    81.555326,20.694122,0.000000 81.555326,20.694122,0.000000
                    81.555326,20.694122,0.000000 81.555326,20.694122,0.000000
                    81.555326,20.694122,0.000000 81.555326,20.694122,0.000000
                    81.555326,20.694122,0.000000 81.555326,20.694122,0.000000
                    81.555326,20.694122,0.000000 81.555326,20.694122,0.000000
                    81.555326,20.694122,0.000000 81.555326,20.694122,0.000000
                    81.555326,20.694122,0.000000 81.555326,20.694122,0.000000
                    81.555326,20.694122,0.000000 81.555326,20.694122,0.000000
                    81.555326,20.694122,0.000000 81.555326,20.694122,0.000000
                    81.555326,20.694122,0.000000 81.555326,20.694122,0.000000
                    81.555326,20.694122,0.000000 81.555326,20.694122,0.000000
                    81.555326,20.694122,0.000000 81.555326,20.694122,0.000000
                    81.555326,20.694122,0.000000 81.555326,20.694122,0.000000
                    81.555326,20.694122,0.000000 81.555326,20.694122,0.000000
                    81.555326,20.694122,0.000000 81.555326,20.694122,0.000000
                    81.555326,20.694122,0.000000 81.555326,20.694122,0.000000
                    81.555326,20.694122,0.000000 81.555326,20.694122,0.000000
                    81.555326,20.694122,0.000000 81.555326,20.694122,0.000000
                    81.555326,20.694122,0.000000 81.555326,20.694122,0.000000
                    81.555326,20.694122,0.000000 81.555326,20.694122,0.000000
                    81.555326,20.694122,0.000000 81.555326,20.694122,0.000000
                    81.555326,20.694122,0.000000 81.555326,20.694122,0.000000
                    81.555326,20.694122,0.000000 81.555326,20.694122,0.000000
                    81.555326,20.694122,0.000000 81.555326,20.694122,0.000000
                    81.555326,20.694122,0.000000 81.555326,20.694122,0.000000
                    81.555326,20.694122,0.000000 81.555326,20.694122,0.000000
                    81.555326,20.694122,0.000000 81.555326,20.694122,0.000000
                    81.555326,20.694122,0.000000 81.555326,20.694122,0.000000
                    81.555326,20.694122,0.000000 81.555326,20.694122,0.000000
                    81.555326,20.694122,0.000000 81.555326,20.694122,0.000000
                    81.555326,20.694122,0.000000 81.555326,20.694122,0.000000
                    81.555258,20.694161,0.000000 81.554797,20.694134,0.000000
                    81.555326,20.694122,0.000000 81.555326,20.694122,0.000000
                    81.554897,20.693999,0.000000 81.554929,20.694043,0.000000
                    81.555095,20.694662,0.000000 81.555245,20.695055,0.000000
                    81.555245,20.695055,0.000000 81.555412,20.695271,0.000000
                    81.555412,20.695271,0.000000 81.555412,20.695271,0.000000
                    81.555412,20.695271,0.000000 81.555433,20.695281,0.000000
                    81.555488,20.695290,0.000000 81.555521,20.695285,0.000000
                    81.555586,20.695255,0.000000 81.555586,20.695255,0.000000
                    81.555586,20.695255,0.000000 81.555586,20.695255,0.000000
                    81.555586,20.695255,0.000000 81.555586,20.695255,0.000000
                    81.555912,20.695020,0.000000 81.555917,20.695018,0.000000
                    81.555912,20.695020,0.000000 81.555912,20.695020,0.000000
                    81.555920,20.695017,0.000000 81.555922,20.695016,0.000000
                    81.556139,20.694742,0.000000 81.556372,20.694444,0.000000
                    81.556444,20.694370,0.000000 81.556463,20.694356,0.000000
                    81.556688,20.694154,0.000000 81.557058,20.693837,0.000000
                    81.557363,20.693592,0.000000 81.557831,20.693272,0.000000
                    81.558358,20.692962,0.000000 81.558850,20.692614,0.000000
                    81.559222,20.692224,0.000000 81.559588,20.691813,0.000000
                    81.559978,20.691389,0.000000 81.560403,20.690926,0.000000
                    81.560851,20.690449,0.000000 81.561305,20.689982,0.000000
                    81.561858,20.689624,0.000000 81.562353,20.689346,0.000000
                    81.562592,20.689243,0.000000 81.563007,20.688956,0.000000
                    81.563552,20.688563,0.000000 81.564021,20.688231,0.000000
                    81.564562,20.687842,0.000000 81.564954,20.687645,0.000000
                    81.565026,20.687622,0.000000 81.565737,20.687419,0.000000
                    81.566328,20.687241,0.000000 81.566839,20.687087,0.000000
                    81.567213,20.686977,0.000000 81.567159,20.686961,0.000000
                    81.567136,20.686969,0.000000 81.566793,20.687063,0.000000
                    81.566507,20.687125,0.000000 81.566482,20.687123,0.000000
                    81.566461,20.687127,0.000000 81.566432,20.687142,0.000000
                    81.566430,20.687150,0.000000 81.566430,20.687150,0.000000
                    81.566430,20.687150,0.000000 81.566454,20.687132,0.000000
                    81.565732,20.687445,0.000000 81.565732,20.687445,0.000000
                    81.565511,20.687533,0.000000 81.565456,20.687562,0.000000
                    81.564951,20.687630,0.000000 81.564516,20.687849,0.000000
                    81.564046,20.688178,0.000000 81.563564,20.688512,0.000000
                    81.563008,20.688915,0.000000 81.562599,20.689356,0.000000
                    81.562544,20.689435,0.000000 81.562154,20.690238,0.000000
                    81.562137,20.690336,0.000000 81.562053,20.691314,0.000000
                    81.561971,20.692416,0.000000 81.561894,20.693486,0.000000
                    81.561794,20.694528,0.000000 81.561645,20.695522,0.000000
                    81.561261,20.696428,0.000000 81.560826,20.697364,0.000000
                    81.560400,20.698353,0.000000 81.560106,20.699009,0.000000
                    81.559762,20.699797,0.000000 81.559332,20.700731,0.000000
                    81.559120,20.701247,0.000000 81.558997,20.701497,0.000000
                    81.558863,20.701802,0.000000 81.558734,20.702087,0.000000
                    81.558521,20.702585,0.000000 81.558165,20.703331,0.000000
                    81.557807,20.704149,0.000000 81.557607,20.704568,0.000000
                    81.557313,20.705257,0.000000 81.556993,20.705974,0.000000
                    81.556836,20.706327,0.000000 81.556614,20.706843,0.000000
                    81.556374,20.707401,0.000000 81.556137,20.707986,0.000000
                    81.555863,20.708642,0.000000 81.555513,20.709417,0.000000
                    81.555154,20.710230,0.000000 81.554905,20.710867,0.000000
                    81.554546,20.711442,0.000000 81.553939,20.712038,0.000000
                    81.553377,20.712362,0.000000 81.553291,20.712395,0.000000
                    81.552399,20.712633,0.000000 81.551562,20.712799,0.000000
                    81.550567,20.712973,0.000000 81.550180,20.713049,0.000000
                    81.549715,20.713235,0.000000 81.549610,20.713288,0.000000
                    81.549595,20.713309,0.000000 81.549586,20.713336,0.000000
                    81.549593,20.713559,0.000000 81.549602,20.713813,0.000000
                    81.549743,20.714385,0.000000 81.549970,20.715121,0.000000
                    81.550224,20.716042,0.000000 81.550434,20.716774,0.000000
                    81.550635,20.717520,0.000000 81.550747,20.717931,0.000000
                    81.550836,20.718257,0.000000 81.550985,20.718854,0.000000
                    81.551083,20.719130,0.000000 81.551241,20.719645,0.000000
                    81.551448,20.720382,0.000000 81.551674,20.721207,0.000000
                    81.551909,20.722064,0.000000 81.552136,20.722833,0.000000
                    81.552289,20.723384,0.000000 81.552454,20.723896,0.000000
                    81.552819,20.724632,0.000000 81.553346,20.725365,0.000000
                    81.554050,20.726092,0.000000 81.554967,20.726735,0.000000
                    81.556019,20.727415,0.000000 81.557102,20.728111,0.000000
                    81.558146,20.728784,0.000000 81.559120,20.729419,0.000000
                    81.559932,20.729946,0.000000 81.560554,20.730335,0.000000
                    81.561333,20.730818,0.000000 81.562220,20.731388,0.000000
                    81.563141,20.731988,0.000000 81.564090,20.732588,0.000000
                    81.565082,20.733245,0.000000 81.566119,20.733914,0.000000
                    81.567283,20.734651,0.000000 81.568609,20.735483,0.000000
                    81.569747,20.736236,0.000000 81.570852,20.736949,0.000000
                    81.572000,20.737684,0.000000 81.573219,20.738467,0.000000
                    81.574422,20.739253,0.000000 81.575539,20.739981,0.000000
                    81.575779,20.740153,0.000000 81.575869,20.740276,0.000000
                    81.575892,20.740336,0.000000 81.575915,20.740532,0.000000
                    81.575914,20.740556,0.000000 81.575954,20.740863,0.000000
                    81.575973,20.740897,0.000000 81.576040,20.740960,0.000000
                    81.576091,20.740986,0.000000 81.576848,20.741122,0.000000
                    81.577903,20.741541,0.000000 81.579036,20.742221,0.000000
                    81.580337,20.743056,0.000000 81.581764,20.744002,0.000000
                    81.583237,20.744969,0.000000 81.584738,20.745923,0.000000
                    81.586198,20.746886,0.000000 81.587531,20.747801,0.000000
                    81.588803,20.748612,0.000000 81.590077,20.749422,0.000000
                    81.591341,20.750284,0.000000 81.592644,20.751131,0.000000
                    81.593959,20.751972,0.000000 81.595245,20.752820,0.000000
                    81.596521,20.753653,0.000000 81.597819,20.754499,0.000000
                    81.599161,20.755367,0.000000 81.600523,20.756253,0.000000
                    81.601916,20.757046,0.000000 81.603372,20.757562,0.000000
                    81.604875,20.757881,0.000000 81.606353,20.758167,0.000000
                    81.607955,20.758484,0.000000 81.609651,20.758826,0.000000
                    81.611380,20.759171,0.000000 81.613090,20.759513,0.000000
                    81.614759,20.759853,0.000000 81.616427,20.760189,0.000000
                    81.618133,20.760531,0.000000 81.619887,20.760889,0.000000
                    81.621659,20.761249,0.000000 81.623425,20.761589,0.000000
                    81.625199,20.761912,0.000000 81.626932,20.762273,0.000000
                    81.628451,20.762814,0.000000 81.629992,20.763444,0.000000
                    81.631623,20.764118,0.000000 81.633138,20.764747,0.000000
                    81.634593,20.765343,0.000000 81.636082,20.765957,0.000000
                    81.637611,20.766592,0.000000 81.639184,20.767215,0.000000
                    81.640755,20.767893,0.000000 81.642318,20.768532,0.000000
                    81.643875,20.769167,0.000000 81.645430,20.769833,0.000000
                    81.646949,20.770543,0.000000 81.648452,20.771166,0.000000
                    81.649882,20.771761,0.000000 81.651371,20.772382,0.000000
                    81.652771,20.773083,0.000000 81.653481,20.773892,0.000000
                    81.653559,20.774022,0.000000 81.654273,20.775346,0.000000
                    81.655008,20.776657,0.000000 81.655840,20.777919,0.000000
                    81.656683,20.779192,0.000000 81.657562,20.780483,0.000000
                    81.658407,20.781774,0.000000 81.659272,20.783090,0.000000
                    81.660172,20.784422,0.000000 81.661059,20.785755,0.000000
                    81.661939,20.787070,0.000000 81.662874,20.788396,0.000000
                    81.663784,20.789754,0.000000 81.664647,20.791091,0.000000
                    81.665524,20.792431,0.000000 81.666429,20.793821,0.000000
                    81.667362,20.795226,0.000000 81.668302,20.796650,0.000000
                    81.669232,20.798086,0.000000 81.670182,20.799509,0.000000
                    81.671131,20.800940,0.000000 81.672101,20.802375,0.000000
                    81.673065,20.803806,0.000000 81.674021,20.805245,0.000000
                    81.674963,20.806696,0.000000 81.675899,20.808150,0.000000
                    81.676873,20.809573,0.000000 81.677854,20.811008,0.000000
                    81.678840,20.812438,0.000000 81.679809,20.813870,0.000000
                    81.680764,20.815308,0.000000 81.681752,20.816714,0.000000
                    81.683058,20.817815,0.000000 81.684616,20.818544,0.000000
                    81.686243,20.819215,0.000000 81.687869,20.819914,0.000000
                    81.689495,20.820606,0.000000 81.690982,20.821238,0.000000
                    81.692503,20.821882,0.000000 81.694122,20.822568,0.000000
                    81.695658,20.823202,0.000000 81.697154,20.823825,0.000000
                    81.698639,20.824430,0.000000 81.700112,20.825040,0.000000
                    81.701584,20.825668,0.000000 81.703043,20.826318,0.000000
                    81.703966,20.826917,0.000000 81.704006,20.826958,0.000000
                    81.704108,20.827051,0.000000 81.704113,20.827054,0.000000
                    81.704113,20.827054,0.000000 81.704115,20.827057,0.000000
                    81.704123,20.827066,0.000000 81.701179,20.824983,0.000000
                    81.704115,20.827057,0.000000 81.702226,20.826246,0.000000
                    81.702934,20.827262,0.000000 81.703838,20.828507,0.000000
                    81.705877,20.830433,0.000000 81.706179,20.831338,0.000000
                    81.706179,20.831338,0.000000 81.706174,20.831380,0.000000
                    81.706174,20.831380,0.000000 81.706174,20.831380,0.000000
                    81.706174,20.831380,0.000000 81.706179,20.831428,0.000000
                    81.706179,20.831428,0.000000 81.706179,20.831428,0.000000
                    81.706174,20.831380,0.000000 81.706174,20.831380,0.000000
                    81.706188,20.831428,0.000000 81.706188,20.831428,0.000000
                    81.706188,20.831428,0.000000 81.706188,20.831428,0.000000
                    81.706188,20.831428,0.000000 81.706188,20.831428,0.000000
                    81.706188,20.831428,0.000000 81.706188,20.831428,0.000000
                    81.706188,20.831428,0.000000 81.706188,20.831428,0.000000
                    81.706188,20.831428,0.000000 81.706188,20.831428,0.000000
                    81.706188,20.831428,0.000000 81.706188,20.831428,0.000000
                    81.706188,20.831428,0.000000 81.706188,20.831428,0.000000
                    81.706188,20.831428,0.000000 81.706188,20.831428,0.000000
                    81.706188,20.831428,0.000000 81.706188,20.831428,0.000000
                    81.706188,20.831428,0.000000 81.706188,20.831428,0.000000
                    81.706188,20.831428,0.000000 81.706188,20.831428,0.000000
                    81.706188,20.831428,0.000000 81.706188,20.831428,0.000000
                    81.706188,20.831428,0.000000 81.706188,20.831428,0.000000
                    81.706188,20.831428,0.000000 81.706188,20.831428,0.000000
                    81.706188,20.831428,0.000000 81.706188,20.831428,0.000000
                    81.706188,20.831428,0.000000 81.706188,20.831428,0.000000
                    81.706188,20.831428,0.000000 81.706188,20.831428,0.000000
                    81.706188,20.831428,0.000000 81.706188,20.831428,0.000000
                    81.706188,20.831428,0.000000 81.706188,20.831428,0.000000
                    81.706188,20.831428,0.000000 81.706188,20.831428,0.000000
                    81.706188,20.831428,0.000000 81.706188,20.831428,0.000000
                    81.706188,20.831428,0.000000 81.706188,20.831428,0.000000
                    81.706188,20.831428,0.000000 81.706188,20.831428,0.000000
                    81.706188,20.831428,0.000000 81.706188,20.831428,0.000000
                    81.706188,20.831428,0.000000 81.706188,20.831428,0.000000
                    81.706188,20.831428,0.000000 81.706188,20.831428,0.000000
                    81.706188,20.831428,0.000000 81.706188,20.831428,0.000000
                    81.706188,20.831428,0.000000 81.706188,20.831428,0.000000
                    81.706188,20.831428,0.000000 81.706188,20.831428,0.000000
                    81.706188,20.831428,0.000000 81.706188,20.831428,0.000000
                    81.706188,20.831428,0.000000 81.706188,20.831428,0.000000
                    81.706188,20.831428,0.000000 81.706188,20.831428,0.000000
                    81.706188,20.831428,0.000000 81.706188,20.831428,0.000000
                    81.706188,20.831428,0.000000 81.706188,20.831428,0.000000
                    81.706188,20.831428,0.000000 81.706188,20.831428,0.000000
                    81.706188,20.831428,0.000000 81.706188,20.831428,0.000000
                    81.706188,20.831428,0.000000 81.706188,20.831428,0.000000
                    81.706188,20.831428,0.000000 81.706188,20.831428,0.000000
                    81.706188,20.831428,0.000000 81.706188,20.831428,0.000000
                    81.706188,20.831428,0.000000 81.706188,20.831428,0.000000
                    81.706188,20.831428,0.000000 81.706188,20.831428,0.000000
                    81.706188,20.831428,0.000000 81.706188,20.831428,0.000000
                    81.706188,20.831428,0.000000 81.706188,20.831428,0.000000
                    81.706188,20.831428,0.000000 81.706188,20.831428,0.000000
                    81.706188,20.831428,0.000000 81.706188,20.831428,0.000000
                    81.706188,20.831428,0.000000 81.706188,20.831428,0.000000
                    81.706188,20.831428,0.000000 81.706188,20.831428,0.000000
                    81.706188,20.831428,0.000000 81.706188,20.831428,0.000000
                    81.706188,20.831428,0.000000 81.706188,20.831428,0.000000
                    81.706188,20.831428,0.000000 81.706188,20.831428,0.000000
                    81.706188,20.831428,0.000000 81.706188,20.831428,0.000000
                    81.706188,20.831428,0.000000 81.706188,20.831428,0.000000
                    81.706188,20.831428,0.000000 81.706188,20.831428,0.000000
                    81.706188,20.831428,0.000000 81.706188,20.831428,0.000000
                    81.706188,20.831428,0.000000 81.706188,20.831428,0.000000
                    81.706188,20.831428,0.000000 81.706188,20.831428,0.000000
                    81.706188,20.831428,0.000000 81.706188,20.831428,0.000000
                    81.706188,20.831428,0.000000 81.706188,20.831428,0.000000
                    81.706188,20.831428,0.000000 81.706188,20.831428,0.000000
                    81.706188,20.831428,0.000000 81.706188,20.831428,0.000000
                    81.706188,20.831428,0.000000 81.706188,20.831428,0.000000
                    81.706188,20.831428,0.000000 81.706188,20.831428,0.000000
                    81.706188,20.831428,0.000000 81.706188,20.831428,0.000000
                    81.706188,20.831428,0.000000 81.706188,20.831428,0.000000
                    81.706188,20.831428,0.000000 81.706188,20.831428,0.000000
                    81.706188,20.831428,0.000000 81.706188,20.831428,0.000000
                    81.706188,20.831428,0.000000 81.706188,20.831428,0.000000
                    81.706188,20.831428,0.000000 81.706188,20.831428,0.000000
                    81.706188,20.831428,0.000000 81.706188,20.831428,0.000000
                    81.706188,20.831428,0.000000 81.706188,20.831428,0.000000
                    81.706188,20.831428,0.000000 81.706188,20.831428,0.000000
                    81.706188,20.831428,0.000000 81.706188,20.831428,0.000000
                    81.706188,20.831428,0.000000 81.706188,20.831428,0.000000
                    81.706188,20.831428,0.000000 81.706188,20.831428,0.000000
                    81.706188,20.831428,0.000000 81.706188,20.831428,0.000000
                    81.706188,20.831428,0.000000 81.706188,20.831428,0.000000
                    81.706188,20.831428,0.000000 81.706188,20.831428,0.000000
                    81.706188,20.831428,0.000000 81.706188,20.831428,0.000000
                    81.706188,20.831428,0.000000 81.706188,20.831428,0.000000</coordinates>
            </LineString>
        </Placemark>
    </Document>
</kml>