id,deviceId,protocol,serverTime,deviceTime,fixTime,valid,latitude,longitude,altitude,speed,course,address,accuracy,totalDistance,iccid,otherStatus,ignition,rssi,type,alarm3Status,charge,distance,alarm2Status,hours,sat,engineStatus,event,archive,adc1,alarm1Status,batteryLevel,status,motion,blocked,odometer
97060,1,gt06,2025-04-30T02:31:27Z,2025-04-30T02:31:20Z,2025-04-30T02:31:20Z,true,21.22963888888889,81.639935,0.0,0.0,0.0,,0.0,1.0205335167983484E7,,,true,4,38,,true,0.13646245548617503,,146646156,15,,,,,,100,70,false,false,
97061,1,gt06,2025-04-30T02:31:28Z,2025-04-30T02:31:24Z,2025-04-30T02:31:24Z,true,21.22964,81.63993444444444,0.0,0.0,0.0,,0.0,1.020533530444594E7,,,true,,34,,,0.13646245548617503,,146650156,15,,14,false,,,,,false,,4921445
97063,1,gt06,2025-04-30T02:31:37Z,2025-04-30T02:31:33Z,2025-04-30T02:31:33Z,true,21.22964,81.63993444444444,0.0,0.0,0.0,,0.0,1.020533530444594E7,,,true,,34,,,0.0,,146659156,15,,14,false,,,,,false,,4921445
97065,1,gt06,2025-04-30T02:31:48Z,2025-04-30T02:31:44Z,2025-04-30T02:31:44Z,true,21.22964,81.63993444444444,0.0,0.0,0.0,,0.0,1.020533530444594E7,,,true,,34,,,0.0,,146670156,15,,14,false,,,,,false,,4921445
97068,1,gt06,2025-04-30T02:31:57Z,2025-04-30T02:31:54Z,2025-04-30T02:31:54Z,true,21.22964,81.63993444444444,0.0,0.0,0.0,,0.0,1.020533530444594E7,,,true,,34,,,0.0,,146680156,15,,14,false,,,,,false,,4921445
97073,1,gt06,2025-04-30T02:32:10Z,2025-04-30T02:32:06Z,2025-04-30T02:32:06Z,true,21.22964,81.63993444444444,0.0,0.0,0.0,,0.0,1.020533530444594E7,,,true,,34,,,0.0,,146692156,15,,14,false,,,,,false,,4921445
97074,1,gt06,2025-04-30T02:32:17Z,2025-04-30T02:32:17Z,2025-04-30T02:32:06Z,true,21.22964,81.63993444444444,0.0,0.0,0.0,,0.0,1.020533530444594E7,,,true,4,19,,true,0.0,,146703160,,,,,,,100,70,false,false,
97075,1,gt06,2025-04-30T02:32:21Z,2025-04-30T02:32:17Z,2025-04-30T02:32:17Z,true,21.22964,81.63993444444444,0.0,0.0,0.0,,0.0,1.020533530444594E7,,,true,,34,,,0.0,,146703156,15,,14,false,,,,,false,,4921445
97077,1,gt06,2025-04-30T02:32:30Z,2025-04-30T02:32:27Z,2025-04-30T02:32:27Z,true,21.22964,81.63993444444444,0.0,0.0,0.0,,0.0,1.020533530444594E7,,,true,,34,,,0.0,,146713156,15,,14,false,,,,,false,,4921445
97079,1,gt06,2025-04-30T02:32:40Z,2025-04-30T02:32:36Z,2025-04-30T02:32:36Z,true,21.22964,81.63993444444444,0.0,0.0,0.0,,0.0,1.020533530444594E7,,,true,,34,,,0.0,,146722156,15,,14,false,,,,,false,,4921445
97082,1,gt06,2025-04-30T02:32:51Z,2025-04-30T02:32:47Z,2025-04-30T02:32:47Z,true,21.22964,81.63993444444444,0.0,0.0,0.0,,0.0,1.020533530444594E7,,,true,,34,,,0.0,,146733156,15,,14,false,,,,,false,,4921445
97084,1,gt06,2025-04-30T02:33:00Z,2025-04-30T02:32:57Z,2025-04-30T02:32:57Z,true,21.22964,81.63993444444444,0.0,0.0,0.0,,0.0,1.020533530444594E7,,,true,,34,,,0.0,,146743156,15,,14,false,,,,,false,,4921445
97086,1,gt06,2025-04-30T02:33:10Z,2025-04-30T02:33:06Z,2025-04-30T02:33:06Z,true,21.22964,81.63993444444444,0.0,0.0,0.0,,0.0,1.020533530444594E7,,,true,,34,,,0.0,,146752156,15,,14,false,,,,,false,,4921445
97088,1,gt06,2025-04-30T02:33:17Z,2025-04-30T02:33:17Z,2025-04-30T02:33:06Z,true,21.22964,81.63993444444444,0.0,0.0,0.0,,0.0,1.020533530444594E7,,,true,4,19,,true,0.0,,146763184,,,,,,,100,70,false,false,
97089,1,gt06,2025-04-30T02:33:20Z,2025-04-30T02:33:17Z,2025-04-30T02:33:17Z,true,21.22964,81.63993444444444,0.0,0.0,0.0,,0.0,1.020533530444594E7,,,true,,34,,,0.0,,146763156,15,,14,false,,,,,false,,4921445
97091,1,gt06,2025-04-30T02:33:30Z,2025-04-30T02:33:26Z,2025-04-30T02:33:26Z,true,21.22964,81.63993444444444,0.0,0.0,0.0,,0.0,1.020533530444594E7,,,true,,34,,,0.0,,146772156,15,,14,false,,,,,false,,4921445
97093,1,gt06,2025-04-30T02:33:41Z,2025-04-30T02:33:37Z,2025-04-30T02:33:37Z,true,21.22964,81.63993444444444,0.0,0.0,0.0,,0.0,1.020533530444594E7,,,true,,34,,,0.0,,146783156,15,,14,false,,,,,false,,4921445
97095,1,gt06,2025-04-30T02:33:50Z,2025-04-30T02:33:47Z,2025-04-30T02:33:47Z,true,21.22964,81.63993444444444,0.0,0.0,0.0,,0.0,1.020533530444594E7,,,true,,34,,,0.0,,146793156,15,,14,false,,,,,false,,4921445
97096,1,gt06,2025-04-30T02:34:00Z,2025-04-30T02:33:56Z,2025-04-30T02:33:56Z,true,21.22964,81.63993444444444,0.0,0.0,0.0,,0.0,1.020533530444594E7,,,true,,34,,,0.0,,146802156,15,,14,false,,,,,false,,4921445
97098,1,gt06,2025-04-30T02:34:10Z,2025-04-30T02:34:07Z,2025-04-30T02:34:07Z,true,21.22964,81.63993444444444,0.0,0.0,0.0,,0.0,1.020533530444594E7,,,true,,34,,,0.0,,146813156,15,,14,false,,,,,false,,4921445
97100,1,gt06,2025-04-30T02:34:16Z,2025-04-30T02:34:16Z,2025-04-30T02:34:07Z,true,21.22964,81.63993444444444,0.0,0.0,0.0,,0.0,1.020533530444594E7,,,false,4,19,,true,0.0,,146813156,,,,,,,100,68,false,false,
97101,1,gt06,2025-04-30T02:34:17Z,2025-04-30T02:34:11Z,2025-04-30T02:34:11Z,true,21.229634444444443,81.63979777777777,0.0,2.15983,21.0,,0.0,1.0205349499137728E7,,,false,,34,,,14.194691787854643,,146813156,15,,3,false,,,,,true,,4921445
97103,1,gt06,2025-04-30T02:34:26Z,2025-04-30T02:34:19Z,2025-04-30T02:34:19Z,true,21.22965277777778,81.63980444444444,0.0,0.0,23.0,,0.0,1.0205351654048279E7,,,false,4,38,,true,2.154910551821974,,146813156,15,,,,,,100,68,false,false,
97104,1,gt06,2025-04-30T02:34:27Z,2025-04-30T02:34:24Z,2025-04-30T02:34:24Z,true,21.229634444444443,81.63979777777777,0.0,0.0,21.0,,0.0,1.020535380895883E7,,,false,,34,,,2.154910551821974,,146813156,15,,14,false,,,,,false,,4921445
97106,1,gt06,2025-04-30T02:34:37Z,2025-04-30T02:34:34Z,2025-04-30T02:34:34Z,true,21.229634444444443,81.63979777777777,0.0,0.0,21.0,,0.0,1.020535380895883E7,,,false,,34,,,0.0,,146813156,15,,14,false,,,,,false,,4921445
97107,1,gt06,2025-04-30T02:34:47Z,2025-04-30T02:34:43Z,2025-04-30T02:34:43Z,true,21.229634444444443,81.63979777777777,0.0,0.0,21.0,,0.0,1.020535380895883E7,,,false,,34,,,0.0,,146813156,15,,14,false,,,,,false,,4921445
97108,1,gt06,2025-04-30T02:34:57Z,2025-04-30T02:34:54Z,2025-04-30T02:34:54Z,true,21.229634444444443,81.63979777777777,0.0,0.0,21.0,,0.0,1.020535380895883E7,,,false,,34,,,0.0,,146813156,15,,14,false,,,,,false,,4921445
97110,1,gt06,2025-04-30T02:35:07Z,2025-04-30T02:35:03Z,2025-04-30T02:35:03Z,true,21.229634444444443,81.63979777777777,0.0,0.0,21.0,,0.0,1.020535380895883E7,,,false,,34,,,0.0,,146813156,15,,14,false,,,,,false,,4921445
97112,1,gt06,2025-04-30T02:35:16Z,2025-04-30T02:35:16Z,2025-04-30T02:35:03Z,true,21.229634444444443,81.63979777777777,0.0,0.0,21.0,,0.0,1.020535380895883E7,,,false,4,19,,true,0.0,,146813156,,,,,,,100,68,false,false,
97113,1,gt06,2025-04-30T02:35:17Z,2025-04-30T02:35:13Z,2025-04-30T02:35:13Z,true,21.229634444444443,81.63979777777777,0.0,0.0,21.0,,0.0,1.020535380895883E7,,,false,,34,,,0.0,,146813156,15,,14,false,,,,,false,,4921445
97115,1,gt06,2025-04-30T02:35:27Z,2025-04-30T02:35:24Z,2025-04-30T02:35:24Z,true,21.229634444444443,81.63979777777777,0.0,0.0,21.0,,0.0,1.020535380895883E7,,,false,,34,,,0.0,,146813156,15,,14,false,,,,,false,,4921445
97116,1,gt06,2025-04-30T02:35:37Z,2025-04-30T02:35:33Z,2025-04-30T02:35:33Z,true,21.229634444444443,81.63979777777777,0.0,0.0,21.0,,0.0,1.020535380895883E7,,,false,,34,,,0.0,,146813156,15,,14,false,,,,,false,,4921445
97119,1,gt06,2025-04-30T02:35:48Z,2025-04-30T02:35:44Z,2025-04-30T02:35:44Z,true,21.229634444444443,81.63979777777777,0.0,0.0,21.0,,0.0,1.020535380895883E7,,,false,,34,,,0.0,,146813156,15,,14,false,,,,,false,,4921445
97121,1,gt06,2025-04-30T02:35:57Z,2025-04-30T02:35:54Z,2025-04-30T02:35:54Z,true,21.229634444444443,81.63979777777777,0.0,0.0,21.0,,0.0,1.020535380895883E7,,,false,,34,,,0.0,,146813156,15,,14,false,,,,,false,,4921445
97122,1,gt06,2025-04-30T02:36:07Z,2025-04-30T02:36:03Z,2025-04-30T02:36:03Z,true,21.229634444444443,81.63979777777777,0.0,0.0,21.0,,0.0,1.020535380895883E7,,,false,,34,,,0.0,,146813156,15,,14,false,,,,,false,,4921445
97123,1,gt06,2025-04-30T02:36:16Z,2025-04-30T02:36:16Z,2025-04-30T02:36:03Z,true,21.229634444444443,81.63979777777777,0.0,0.0,21.0,,0.0,1.020535380895883E7,,,false,4,19,,true,0.0,,146813156,,,,,,,100,68,false,false,
97124,1,gt06,2025-04-30T02:36:17Z,2025-04-30T02:36:14Z,2025-04-30T02:36:14Z,true,21.229634444444443,81.63979777777777,0.0,0.0,21.0,,0.0,1.020535380895883E7,,,false,,34,,,0.0,,146813156,15,,14,false,,,,,false,,4921445
97125,1,gt06,2025-04-30T02:36:27Z,2025-04-30T02:36:23Z,2025-04-30T02:36:23Z,true,21.229634444444443,81.63979777777777,0.0,0.0,21.0,,0.0,1.020535380895883E7,,,false,,34,,,0.0,,146813156,15,,14,false,,,,,false,,4921445
97127,1,gt06,2025-04-30T02:36:38Z,2025-04-30T02:36:34Z,2025-04-30T02:36:34Z,true,21.229634444444443,81.63979777777777,0.0,0.0,21.0,,0.0,1.020535380895883E7,,,false,,34,,,0.0,,146813156,15,,14,false,,,,,false,,4921445
97129,1,gt06,2025-04-30T02:36:47Z,2025-04-30T02:36:44Z,2025-04-30T02:36:44Z,true,21.229634444444443,81.63979777777777,0.0,0.0,21.0,,0.0,1.020535380895883E7,,,false,,34,,,0.0,,146813156,15,,14,false,,,,,false,,4921445
97131,1,gt06,2025-04-30T02:36:57Z,2025-04-30T02:36:53Z,2025-04-30T02:36:53Z,true,21.229634444444443,81.63979777777777,0.0,0.0,21.0,,0.0,1.020535380895883E7,,,false,,34,,,0.0,,146813156,15,,14,false,,,,,false,,4921445
97132,1,gt06,2025-04-30T02:37:08Z,2025-04-30T02:37:04Z,2025-04-30T02:37:04Z,true,21.229634444444443,81.63979777777777,0.0,0.0,21.0,,0.0,1.020535380895883E7,,,false,,34,,,0.0,,146813156,15,,14,false,,,,,false,,4921445
97133,1,gt06,2025-04-30T02:37:16Z,2025-04-30T02:37:16Z,2025-04-30T02:37:04Z,true,21.229634444444443,81.63979777777777,0.0,0.0,21.0,,0.0,1.020535380895883E7,,,false,4,19,,true,0.0,,146813156,,,,,,,100,68,false,false,
97134,1,gt06,2025-04-30T02:37:17Z,2025-04-30T02:37:14Z,2025-04-30T02:37:14Z,true,21.229634444444443,81.63979777777777,0.0,0.0,21.0,,0.0,1.020535380895883E7,,,false,,34,,,0.0,,146813156,15,,14,false,,,,,false,,4921445
97135,1,gt06,2025-04-30T02:37:27Z,2025-04-30T02:37:23Z,2025-04-30T02:37:23Z,true,21.229634444444443,81.63979777777777,0.0,0.0,21.0,,0.0,1.020535380895883E7,,,false,,34,,,0.0,,146813156,15,,14,false,,,,,false,,4921445
97136,1,gt06,2025-04-30T02:37:37Z,2025-04-30T02:37:34Z,2025-04-30T02:37:34Z,true,21.229634444444443,81.63979777777777,0.0,0.0,21.0,,0.0,1.020535380895883E7,,,false,,34,,,0.0,,146813156,15,,14,false,,,,,false,,4921445
97137,1,gt06,2025-04-30T02:37:47Z,2025-04-30T02:37:43Z,2025-04-30T02:37:43Z,true,21.229634444444443,81.63979777777777,0.0,0.0,21.0,,0.0,1.020535380895883E7,,,false,,34,,,0.0,,146813156,15,,14,false,,,,,false,,4921445
97138,1,gt06,2025-04-30T02:37:58Z,2025-04-30T02:37:54Z,2025-04-30T02:37:54Z,true,21.229634444444443,81.63979777777777,0.0,0.0,21.0,,0.0,1.020535380895883E7,,,false,,34,,,0.0,,146813156,15,,14,false,,,,,false,,4921445
97142,1,gt06,2025-04-30T02:38:11Z,2025-04-30T02:38:03Z,2025-04-30T02:38:03Z,true,21.229623888888888,81.63983222222222,0.0,0.0,23.0,,0.0,1.0205357571285393E7,,,true,,34,,,3.76232656191566,,146806349,15,,3,false,,,,,false,,4921445
97140,1,gt06,2025-04-30T02:38:09Z,2025-04-30T02:38:04Z,2025-04-30T02:38:04Z,true,21.229634444444443,81.63979777777777,0.0,0.0,21.0,,0.0,1.020535380895883E7,,,false,,34,,,0.0,,146813156,15,,14,false,,,,,false,,4921445
97141,1,gt06,2025-04-30T02:38:10Z,2025-04-30T02:38:10Z,2025-04-30T02:38:04Z,true,21.229634444444443,81.63979777777777,0.0,0.0,21.0,,0.0,1.020535380895883E7,,,true,4,19,,true,0.0,,146813156,,,,,,,100,70,false,false,
97143,1,gt06,2025-04-30T02:38:19Z,2025-04-30T02:38:12Z,2025-04-30T02:38:12Z,true,21.22963,81.63983722222223,0.0,1.61987,23.0,,0.0,1.0205357931705E7,,,true,4,38,,true,4.122746168976569,,146815349,15,,,,,,100,70,true,false,
97145,1,gt06,2025-04-30T02:38:21Z,2025-04-30T02:38:14Z,2025-04-30T02:38:14Z,true,21.229649444444444,81.63986,0.0,3.7797,54.0,,0.0,1.0205362837079419E7,,,true,,34,,,4.0498231229517705,,146817349,15,,2,false,,,,,true,,4921449
97144,1,gt06,2025-04-30T02:38:20Z,2025-04-30T02:38:15Z,2025-04-30T02:38:15Z,true,21.229623888888888,81.63983222222222,0.0,0.0,23.0,,0.0,1.0205358787256297E7,,,true,,34,,,0.8555512968219378,,146818349,15,,14,false,,,,,false,,4921445
97146,1,gt06,2025-04-30T02:38:22Z,2025-04-30T02:38:15Z,2025-04-30T02:38:15Z,true,21.229660555555554,81.63987833333334,0.0,4.85961,60.0,,0.0,1.0205365076447157E7,,,true,,34,,,6.28919086049151,,146818349,15,,2,false,,,,,true,,4921451
97147,1,gt06,2025-04-30T02:38:28Z,2025-04-30T02:38:18Z,2025-04-30T02:38:18Z,true,21.229699444444442,81.63993611111111,0.0,4.85961,32.0,,0.0,1.020537247136081E7,,,true,,34,,,7.394913652349143,,146821349,15,,2,false,,,,,true,,4921458
97148,1,gt06,2025-04-30T02:38:31Z,2025-04-30T02:38:19Z,2025-04-30T02:38:19Z,true,21.229722777777777,81.63994611111112,0.0,5.39957,13.0,,0.0,1.0205375268410552E7,,,true,,34,,,2.7970497429193903,,146822349,15,,2,false,,,,,true,,4921460
97149,1,gt06,2025-04-30T02:38:31Z,2025-04-30T02:38:20Z,2025-04-30T02:38:20Z,true,21.22975166666667,81.63995055555556,0.0,6.47948,1.0,,0.0,1.0205378517206362E7,,,true,,34,,,3.248795809087719,,146823349,15,,2,false,,,,,true,,4921463
97150,1,gt06,2025-04-30T02:38:31Z,2025-04-30T02:38:23Z,2025-04-30T02:38:23Z,true,21.229846666666667,81.63992999999999,0.0,7.01944,342.0,,0.0,1.0205389305510843E7,,,true,,34,,,10.788304480895318,,146826349,15,,2,false,,,,,true,,4921473
97151,1,gt06,2025-04-30T02:38:32Z,2025-04-30T02:38:24Z,2025-04-30T02:38:24Z,true,21.22987444444444,81.63992055555556,0.0,5.39957,342.0,,0.0,1.020539254929765E7,,,true,,34,,,3.2437868058990893,,146827349,15,,2,false,,,,,true,,4921476
97152,1,gt06,2025-04-30T02:38:38Z,2025-04-30T02:38:32Z,2025-04-30T02:38:32Z,true,21.229957777777777,81.63985666666667,0.0,4.31966,285.0,,0.0,1.0205403951267581E7,,,true,,34,,,11.401969931804445,,146835349,15,,2,false,,,,,true,,4921487
97154,1,gt06,2025-04-30T02:38:41Z,2025-04-30T02:38:33Z,2025-04-30T02:38:33Z,true,21.229961666666664,81.63983444444445,0.0,4.31966,280.0,,0.0,1.0205406297436364E7,,,true,,34,,,2.346168782761831,,146836349,15,,2,false,,,,,true,,4921489
97155,1,gt06,2025-04-30T02:38:49Z,2025-04-30T02:38:34Z,2025-04-30T02:38:34Z,true,21.229960000000002,81.63980944444444,0.0,5.39957,258.0,,0.0,1.020540889818124E7,,,true,,34,,,2.600744875053261,,146837349,15,,2,false,,,,,true,,4921491
97156,1,gt06,2025-04-30T02:38:49Z,2025-04-30T02:38:35Z,2025-04-30T02:38:35Z,true,21.229954444444445,81.63977666666666,0.0,7.01944,258.0,,0.0,1.0205412355128009E7,,,true,,34,,,3.456946770455301,,146838349,15,,2,false,,,,,true,,4921494
97157,1,gt06,2025-04-30T02:38:50Z,2025-04-30T02:38:45Z,2025-04-30T02:38:45Z,true,21.229947777777777,81.6392311111111,0.0,15.1188,269.0,,0.0,1.0205468969429832E7,,,true,,34,,,56.6143018236052,,146848349,15,,0,false,,,,,true,,4921550
97158,1,gt06,2025-04-30T02:39:02Z,2025-04-30T02:38:55Z,2025-04-30T02:38:55Z,true,21.229923333333332,81.63865444444444,0.0,6.47948,247.0,,0.0,1.0205528868950998E7,,,true,,34,,,59.899521167174306,,146858349,15,,0,false,,,,,true,,4921609
97159,1,gt06,2025-04-30T02:39:04Z,2025-04-30T02:38:57Z,2025-04-30T02:38:57Z,true,21.229881666666664,81.63859555555555,0.0,9.17927,216.0,,0.0,1.0205536540540563E7,,,true,,34,,,7.6715895636193245,,146860349,15,,2,false,,,,,true,,4921616
97160,1,gt06,2025-04-30T02:39:04Z,2025-04-30T02:38:58Z,2025-04-30T02:38:58Z,true,21.229847777777778,81.63857277777777,0.0,8.63931,206.0,,0.0,1.0205540992280986E7,,,true,,34,,,4.451740422474637,,146861349,15,,2,false,,,,,true,,4921620
97161,1,gt06,2025-04-30T02:39:09Z,2025-04-30T02:39:09Z,2025-04-30T02:38:58Z,true,21.229847777777778,81.63857277777777,0.0,8.63931,206.0,,0.0,1.0205540992280986E7,,,true,4,19,,true,0.0,,146872002,,,,,,,100,70,true,false,
97162,1,gt06,2025-04-30T02:39:12Z,2025-04-30T02:39:06Z,2025-04-30T02:39:06Z,true,21.229575,81.63834277777778,0.0,11.8791,224.0,,0.0,1.0205579614104962E7,,,true,,34,,,38.62182397568046,,146869349,15,,2,false,,,,,true,,4921658
97163,1,gt06,2025-04-30T02:39:13Z,2025-04-30T02:39:07Z,2025-04-30T02:39:07Z,true,21.229536111111113,81.63830055555556,0.0,11.8791,227.0,,0.0,1.0205585773314264E7,,,true,,34,,,6.159209302444933,,146870349,15,,2,false,,,,,true,,4921664
97164,1,gt06,2025-04-30T02:39:23Z,2025-04-30T02:39:17Z,2025-04-30T02:39:17Z,true,21.229130555555553,81.63789722222222,0.0,12.959,224.0,,0.0,1.0205647334416222E7,,,true,,34,,,61.56110195879889,,146880349,15,,0,false,,,,,true,,4921725
97165,1,gt06,2025-04-30T02:39:34Z,2025-04-30T02:39:27Z,2025-04-30T02:39:27Z,true,21.22867611111111,81.63743833333334,0.0,12.959,222.0,,0.0,1.0205716807873905E7,,,true,,34,,,69.47345768349868,,146890349,15,,0,false,,,,,true,,4921794
97166,1,gt06,2025-04-30T02:39:50Z,2025-04-30T02:39:37Z,2025-04-30T02:39:37Z,true,21.228178333333332,81.63696944444445,0.0,13.4989,218.0,,0.0,1.0205790549346924E7,,,true,,34,,,73.74147301859131,,146900349,15,,0,false,,,,,true,,4921867
97167,1,gt06,2025-04-30T02:39:55Z,2025-04-30T02:39:55Z,2025-04-30T02:39:37Z,true,21.228178333333332,81.63696944444445,0.0,13.4989,218.0,,0.0,1.0205790549346924E7,,,true,4,19,,true,0.0,,146918110,,,,,,,100,70,true,false,
97168,1,gt06,2025-04-30T02:39:56Z,2025-04-30T02:39:56Z,2025-04-30T02:39:37Z,true,21.228178333333332,81.63696944444445,0.0,13.4989,218.0,,0.0,1.0205790549346924E7,,,,,,,,0.0,,146918110,,,,,14.040000000000001,,,,true,,
97169,1,gt06,2025-04-30T02:39:56Z,2025-04-30T02:39:37Z,2025-04-30T02:39:37Z,true,21.228178333333332,81.63696944444445,0.0,13.4989,218.0,,0.0,1.0205790549346924E7,,,true,,34,,,0.0,,146918110,15,,0,false,,,,,true,,4921867
97170,1,gt06,2025-04-30T02:39:56Z,2025-04-30T02:39:47Z,2025-04-30T02:39:47Z,true,21.227729444444442,81.6365938888889,0.0,5.39957,216.0,,0.0,1.0205853918635303E7,,,true,,34,,,63.36928837908975,,146928110,15,,0,false,,,,,true,,4921930
97173,1,gt06,2025-04-30T02:40:04Z,2025-04-30T02:40:00Z,2025-04-30T02:40:00Z,true,21.227729444444442,81.6365938888889,0.0,0.0,216.0,,0.0,1.0205853918635303E7,,,true,,34,,,0.0,,146941110,15,,14,false,,,,,false,,4921930
97176,1,gt06,2025-04-30T02:40:13Z,2025-04-30T02:40:07Z,2025-04-30T02:40:07Z,true,21.226712222222222,81.63593666666667,0.0,15.6588,203.0,,0.0,1.0205986105912039E7,,,true,,34,,,132.18727673650037,,146948110,15,,0,false,,,,,true,,4922062
97178,1,gt06,2025-04-30T02:40:22Z,2025-04-30T02:40:15Z,2025-04-30T02:40:15Z,true,21.22625277777778,81.635665,0.0,9.71923,221.0,,0.0,1.0206044505436832E7,,,true,,34,,,58.39952479268617,,146956110,15,,2,false,,,,,true,,4922120
97179,1,gt06,2025-04-30T02:40:22Z,2025-04-30T02:40:16Z,2025-04-30T02:40:16Z,true,21.226217222222225,81.63562999999999,0.0,10.2592,225.0,,0.0,1.0206049877248816E7,,,true,,34,,,5.371811983868583,,146957110,15,,2,false,,,,,true,,4922125
97181,1,gt06,2025-04-30T02:40:32Z,2025-04-30T02:40:26Z,2025-04-30T02:40:26Z,true,21.22562222222222,81.63523222222223,0.0,17.2786,209.0,,0.0,1.0206127921035612E7,,,true,,34,,,78.04378679613622,,146967110,15,,0,false,,,,,true,,4922203
97183,1,gt06,2025-04-30T02:40:42Z,2025-04-30T02:40:36Z,2025-04-30T02:40:36Z,true,21.224857777777775,81.63475222222223,0.0,17.8186,211.0,,0.0,1.0206226523771985E7,,,true,,34,,,98.60273637283244,,146977110,15,,0,false,,,,,true,,4922301
97185,1,gt06,2025-04-30T02:40:53Z,2025-04-30T02:40:46Z,2025-04-30T02:40:46Z,true,21.224304444444442,81.63437333333334,0.0,12.959,207.0,,0.0,1.0206299598871794E7,,,true,,34,,,73.07509980998631,,146987110,15,,0,false,,,,,true,,4922374
97186,1,gt06,2025-04-30T02:40:56Z,2025-04-30T02:40:56Z,2025-04-30T02:40:46Z,true,21.224304444444442,81.63437333333334,0.0,12.959,207.0,,0.0,1.0206299598871794E7,,,true,4,19,,true,0.0,,146996635,,,,,,,100,70,true,false,
97188,1,gt06,2025-04-30T02:41:02Z,2025-04-30T02:40:56Z,2025-04-30T02:40:56Z,true,21.223781666666664,81.63401444444443,0.0,14.0389,213.0,,0.0,1.0206368690328693E7,,,true,,34,,,69.09145689923814,,146997110,15,,0,false,,,,,true,,4922443
97190,1,gt06,2025-04-30T02:41:13Z,2025-04-30T02:41:06Z,2025-04-30T02:41:06Z,true,21.223097777777777,81.63355,0.0,21.0583,211.0,,0.0,1.0206458793427635E7,,,true,,34,,,90.1030989411027,,147007110,15,,0,false,,,,,true,,4922533
97192,1,gt06,2025-04-30T02:41:24Z,2025-04-30T02:41:16Z,2025-04-30T02:41:16Z,true,21.222195555555558,81.63293499999999,0.0,24.2981,212.0,,0.0,1.0206577789106593E7,,,true,,34,,,118.99567895712116,,147017110,15,,0,false,,,,,true,,4922652
97194,1,gt06,2025-04-30T02:41:32Z,2025-04-30T02:41:26Z,2025-04-30T02:41:26Z,true,21.221258333333335,81.63225444444444,0.0,21.0583,227.0,,0.0,1.0206703774785183E7,,,true,,34,,,125.985678591262,,147027110,15,,0,false,,,,,true,,4922777
97197,1,gt06,2025-04-30T02:41:43Z,2025-04-30T02:41:36Z,2025-04-30T02:41:36Z,true,21.22089722222222,81.63177722222223,0.0,7.5594,229.0,,0.0,1.0206767558380254E7,,,true,,34,,,63.78359507084261,,147037110,15,,0,false,,,,,true,,4922840
97199,1,gt06,2025-04-30T02:41:52Z,2025-04-30T02:41:49Z,2025-04-30T02:41:49Z,true,21.22089722222222,81.63177722222223,0.0,0.0,229.0,,0.0,1.0206767558380254E7,,,true,,34,,,0.0,,147050110,15,,14,false,,,,,false,,4922840
97200,1,gt06,2025-04-30T02:41:55Z,2025-04-30T02:41:55Z,2025-04-30T02:41:49Z,true,21.22089722222222,81.63177722222223,0.0,0.0,229.0,,0.0,1.0206767558380254E7,,,true,4,19,,true,0.0,,147056404,,,,,,,100,70,false,false,
97202,1,gt06,2025-04-30T02:42:02Z,2025-04-30T02:41:58Z,2025-04-30T02:41:58Z,true,21.22089722222222,81.63177722222223,0.0,0.0,229.0,,0.0,1.0206767558380254E7,,,true,,34,,,0.0,,147059110,15,,14,false,,,,,false,,4922840
97204,1,gt06,2025-04-30T02:42:12Z,2025-04-30T02:42:09Z,2025-04-30T02:42:09Z,true,21.22089722222222,81.63177722222223,0.0,0.0,229.0,,0.0,1.0206767558380254E7,,,true,,34,,,0.0,,147070110,15,,14,false,,,,,false,,4922840
97205,1,gt06,2025-04-30T02:42:17Z,2025-04-30T02:42:11Z,2025-04-30T02:42:11Z,true,21.22067333333333,81.63142666666666,0.0,3.7797,247.0,,0.0,1.0206811654790644E7,,,true,,34,,,44.09641038925291,,147072110,15,,2,false,,,,,true,,4922884
97207,1,gt06,2025-04-30T02:42:28Z,2025-04-30T02:42:24Z,2025-04-30T02:42:24Z,true,21.22067333333333,81.63142666666666,0.0,0.0,247.0,,0.0,1.0206811654790644E7,,,true,,34,,,0.0,,147085110,15,,14,false,,,,,false,,4922884
97216,1,gt06,2025-04-30T02:42:37Z,2025-04-30T02:42:31Z,2025-04-30T02:42:31Z,true,21.220430555555556,81.63098444444444,0.0,9.17927,238.0,,0.0,1.0206864911636246E7,,,true,,34,,,53.25684560307021,,147092110,15,,0,false,,,,,true,,4922937
97217,1,gt06,2025-04-30T02:42:50Z,2025-04-30T02:42:41Z,2025-04-30T02:42:41Z,true,21.22017388888889,81.63054666666666,0.0,10.7991,238.0,,0.0,1.0206918578590173E7,,,true,,34,,,53.66695392727689,,147102110,15,,0,false,,,,,true,,4922990
97219,1,gt06,2025-04-30T02:42:55Z,2025-04-30T02:42:55Z,2025-04-30T02:42:41Z,true,21.22017388888889,81.63054666666666,0.0,10.7991,238.0,,0.0,1.0206918578590173E7,,,true,4,19,,true,0.0,,147116592,,,,,,,100,70,true,false,
97220,1,gt06,2025-04-30T02:42:57Z,2025-04-30T02:42:57Z,2025-04-30T02:42:41Z,true,21.22017388888889,81.63054666666666,0.0,10.7991,238.0,,0.0,1.0206918578590173E7,,,,,,,,0.0,,147116592,,,,,14.09,,,,true,,
97221,1,gt06,2025-04-30T02:42:58Z,2025-04-30T02:42:41Z,2025-04-30T02:42:41Z,true,21.22017388888889,81.63054666666666,0.0,10.7991,238.0,,0.0,1.0206918578590173E7,,,true,,34,,,0.0,,147116592,15,,0,false,,,,,true,,4922990
97222,1,gt06,2025-04-30T02:42:58Z,2025-04-30T02:42:54Z,2025-04-30T02:42:54Z,true,21.22017388888889,81.63054666666666,0.0,0.0,238.0,,0.0,1.0206918578590173E7,,,true,,34,,,0.0,,147129592,15,,14,false,,,,,false,,4922990
97224,1,gt06,2025-04-30T02:43:07Z,2025-04-30T02:43:01Z,2025-04-30T02:43:01Z,true,21.219632222222224,81.62963944444444,0.0,5.39957,234.0,,0.0,1.0207030377372105E7,,,true,,34,,,111.79878193144873,,147136592,15,,0,false,,,,,true,,4923101
97226,1,gt06,2025-04-30T02:43:18Z,2025-04-30T02:43:14Z,2025-04-30T02:43:14Z,true,21.219632222222224,81.62963944444444,0.0,0.0,234.0,,0.0,1.0207030377372105E7,,,true,,34,,,0.0,,147149592,15,,14,false,,,,,false,,4923101
97228,1,gt06,2025-04-30T02:43:28Z,2025-04-30T02:43:28Z,2025-04-30T02:43:14Z,true,21.219632222222224,81.62963944444444,0.0,0.0,234.0,,0.0,1.0207030377372105E7,,,true,4,19,,true,0.0,,147163338,,,,,,,100,70,false,false,
97230,1,gt06,2025-04-30T02:43:28Z,2025-04-30T02:43:28Z,2025-04-30T02:43:14Z,true,21.219632222222224,81.62963944444444,0.0,0.0,234.0,,0.0,1.0207030377372105E7,,,,,,,,0.0,,147163338,,,,,14.09,,,,false,,
97231,1,gt06,2025-04-30T02:43:29Z,2025-04-30T02:43:21Z,2025-04-30T02:43:21Z,true,21.21945722222222,81.62929111111112,0.0,8.63931,242.0,,0.0,1.0207071439899564E7,,,true,,34,,,41.06252745831346,,147163338,15,,0,false,,,,,true,,4923142
97232,1,gt06,2025-04-30T02:43:37Z,2025-04-30T02:43:33Z,2025-04-30T02:43:33Z,true,21.21945722222222,81.62929111111112,0.0,0.0,242.0,,0.0,1.0207071439899564E7,,,true,,34,,,0.0,,147175338,15,,14,false,,,,,false,,4923142
97234,1,gt06,2025-04-30T02:43:48Z,2025-04-30T02:43:41Z,2025-04-30T02:43:41Z,true,21.218936666666664,81.62833333333333,0.0,11.8791,239.0,,0.0,1.0207186489903033E7,,,true,,34,,,115.0500034691253,,147183338,15,,0,false,,,,,true,,4923257
97236,1,gt06,2025-04-30T02:43:58Z,2025-04-30T02:43:51Z,2025-04-30T02:43:51Z,true,21.218666666666667,81.62780722222223,0.0,12.419,241.0,,0.0,1.020724881239409E7,,,true,,34,,,62.32249105667405,,147193338,15,,0,false,,,,,true,,4923319
97237,1,gt06,2025-04-30T02:44:08Z,2025-04-30T02:44:01Z,2025-04-30T02:44:01Z,true,21.21835388888889,81.627295,0.0,11.8791,234.0,,0.0,1.0207312355585793E7,,,true,,34,,,63.54319170300861,,147203338,15,,0,false,,,,,true,,4923382
97238,1,gt06,2025-04-30T02:44:19Z,2025-04-30T02:44:19Z,2025-04-30T02:44:01Z,true,21.21835388888889,81.627295,0.0,11.8791,234.0,,0.0,1.0207312355585793E7,,,true,4,19,,true,0.0,,147221591,,,,,,,100,70,true,false,
97239,1,gt06,2025-04-30T02:44:20Z,2025-04-30T02:44:20Z,2025-04-30T02:44:01Z,true,21.21835388888889,81.627295,0.0,11.8791,234.0,,0.0,1.0207312355585793E7,,,,,,,,0.0,,147221591,,,,,14.040000000000001,,,,true,,
97240,1,gt06,2025-04-30T02:44:21Z,2025-04-30T02:44:11Z,2025-04-30T02:44:11Z,true,21.218020555555558,81.62682111111111,0.0,11.3391,229.0,,0.0,1.0207373961251872E7,,,true,,34,,,61.60566607893605,,147221591,15,,0,false,,,,,true,,4923443
97241,1,gt06,2025-04-30T02:44:28Z,2025-04-30T02:44:23Z,2025-04-30T02:44:23Z,true,21.218020555555558,81.62682111111111,0.0,0.0,229.0,,0.0,1.0207373961251872E7,,,true,,34,,,0.0,,147233591,15,,14,false,,,,,false,,4923443
97242,1,gt06,2025-04-30T02:44:42Z,2025-04-30T02:44:42Z,2025-04-30T02:44:23Z,true,21.218020555555558,81.62682111111111,0.0,0.0,229.0,,0.0,1.0207373961251872E7,,,true,4,19,,true,0.0,,147252261,,,,,,,100,70,false,false,
97243,1,gt06,2025-04-30T02:44:42Z,2025-04-30T02:44:42Z,2025-04-30T02:44:23Z,true,21.218020555555558,81.62682111111111,0.0,0.0,229.0,,0.0,1.0207373961251872E7,,,,,,,,0.0,,147252261,,,,,14.09,,,,false,,
97244,1,gt06,2025-04-30T02:44:43Z,2025-04-30T02:44:31Z,2025-04-30T02:44:31Z,true,21.217175,81.62598611111112,0.0,11.8791,217.0,,0.0,1.0207501899605654E7,,,true,,34,,,127.93835378163779,,147252261,15,,0,false,,,,,true,,4923570
97245,1,gt06,2025-04-30T02:44:47Z,2025-04-30T02:44:44Z,2025-04-30T02:44:44Z,true,21.217175,81.62598611111112,0.0,0.0,217.0,,0.0,1.0207501899605654E7,,,true,,34,,,0.0,,147265261,15,,14,false,,,,,false,,4923570
97246,1,gt06,2025-04-30T02:44:57Z,2025-04-30T02:44:53Z,2025-04-30T02:44:53Z,true,21.217175,81.62598611111112,0.0,0.0,217.0,,0.0,1.0207501899605654E7,,,true,,34,,,0.0,,147274261,15,,14,false,,,,,false,,4923570
97251,1,gt06,2025-04-30T02:45:07Z,2025-04-30T02:45:04Z,2025-04-30T02:45:04Z,true,21.217175,81.62598611111112,0.0,0.0,217.0,,0.0,1.0207501899605654E7,,,true,,34,,,0.0,,147285261,15,,14,false,,,,,false,,4923570
97254,1,gt06,2025-04-30T02:45:17Z,2025-04-30T02:45:14Z,2025-04-30T02:45:14Z,true,21.217175,81.62598611111112,0.0,0.0,217.0,,0.0,1.0207501899605654E7,,,true,,34,,,0.0,,147295261,15,,14,false,,,,,false,,4923570
97255,1,gt06,2025-04-30T02:45:28Z,2025-04-30T02:45:24Z,2025-04-30T02:45:24Z,true,21.217175,81.62598611111112,0.0,0.0,217.0,,0.0,1.0207501899605654E7,,,true,,34,,,0.0,,147305261,15,,14,false,,,,,false,,4923570
97257,1,gt06,2025-04-30T02:45:37Z,2025-04-30T02:45:34Z,2025-04-30T02:45:34Z,true,21.217175,81.62598611111112,0.0,0.0,217.0,,0.0,1.0207501899605654E7,,,true,,34,,,0.0,,147315261,15,,14,false,,,,,false,,4923570
97258,1,gt06,2025-04-30T02:45:42Z,2025-04-30T02:45:42Z,2025-04-30T02:45:34Z,true,21.217175,81.62598611111112,0.0,0.0,217.0,,0.0,1.0207501899605654E7,,,true,4,19,,true,0.0,,147323314,,,,,,,100,70,false,false,
97259,1,gt06,2025-04-30T02:45:47Z,2025-04-30T02:45:43Z,2025-04-30T02:45:43Z,true,21.217175,81.62598611111112,0.0,0.0,217.0,,0.0,1.0207501899605654E7,,,true,,34,,,0.0,,147324261,15,,14,false,,,,,false,,4923570
97260,1,gt06,2025-04-30T02:45:58Z,2025-04-30T02:45:54Z,2025-04-30T02:45:54Z,true,21.217175,81.62598611111112,0.0,0.0,217.0,,0.0,1.0207501899605654E7,,,true,,34,,,0.0,,147335261,15,,14,false,,,,,false,,4923570
97261,1,gt06,2025-04-30T02:46:07Z,2025-04-30T02:46:04Z,2025-04-30T02:46:04Z,true,21.217175,81.62598611111112,0.0,0.0,217.0,,0.0,1.0207501899605654E7,,,true,,34,,,0.0,,147345261,15,,14,false,,,,,false,,4923570
97262,1,gt06,2025-04-30T02:46:17Z,2025-04-30T02:46:13Z,2025-04-30T02:46:13Z,true,21.217175,81.62598611111112,0.0,0.0,217.0,,0.0,1.0207501899605654E7,,,true,,34,,,0.0,,147354261,15,,14,false,,,,,false,,4923570
97263,1,gt06,2025-04-30T02:46:27Z,2025-04-30T02:46:24Z,2025-04-30T02:46:24Z,true,21.217175,81.62598611111112,0.0,0.0,217.0,,0.0,1.0207501899605654E7,,,true,,34,,,0.0,,147365261,15,,14,false,,,,,false,,4923570
97264,1,gt06,2025-04-30T02:46:37Z,2025-04-30T02:46:34Z,2025-04-30T02:46:34Z,true,21.217175,81.62598611111112,0.0,0.0,217.0,,0.0,1.0207501899605654E7,,,true,,34,,,0.0,,147375261,15,,14,false,,,,,false,,4923570
97265,1,gt06,2025-04-30T02:46:42Z,2025-04-30T02:46:42Z,2025-04-30T02:46:34Z,true,21.217175,81.62598611111112,0.0,0.0,217.0,,0.0,1.0207501899605654E7,,,true,4,19,,true,0.0,,147383376,,,,,,,100,70,false,false,
97266,1,gt06,2025-04-30T02:46:48Z,2025-04-30T02:46:44Z,2025-04-30T02:46:44Z,true,21.217175,81.62598611111112,0.0,0.0,217.0,,0.0,1.0207501899605654E7,,,true,,34,,,0.0,,147385261,15,,14,false,,,,,false,,4923570
97267,1,gt06,2025-04-30T02:46:57Z,2025-04-30T02:46:54Z,2025-04-30T02:46:54Z,true,21.217175,81.62598611111112,0.0,0.0,217.0,,0.0,1.0207501899605654E7,,,true,,34,,,0.0,,147395261,15,,14,false,,,,,false,,4923570
97268,1,gt06,2025-04-30T02:47:08Z,2025-04-30T02:47:03Z,2025-04-30T02:47:03Z,true,21.217175,81.62598611111112,0.0,0.0,217.0,,0.0,1.0207501899605654E7,,,true,,34,,,0.0,,147404261,15,,14,false,,,,,false,,4923570
97269,1,gt06,2025-04-30T02:47:18Z,2025-04-30T02:47:14Z,2025-04-30T02:47:14Z,true,21.217175,81.62598611111112,0.0,0.0,217.0,,0.0,1.0207501899605654E7,,,true,,34,,,0.0,,147415261,15,,14,false,,,,,false,,4923570
97270,1,gt06,2025-04-30T02:47:27Z,2025-04-30T02:47:24Z,2025-04-30T02:47:24Z,true,21.217175,81.62598611111112,0.0,0.0,217.0,,0.0,1.0207501899605654E7,,,true,,34,,,0.0,,147425261,15,,14,false,,,,,false,,4923570
97271,1,gt06,2025-04-30T02:47:37Z,2025-04-30T02:47:33Z,2025-04-30T02:47:33Z,true,21.217175,81.62598611111112,0.0,0.0,217.0,,0.0,1.0207501899605654E7,,,true,,34,,,0.0,,147434261,15,,14,false,,,,,false,,4923570
97273,1,gt06,2025-04-30T02:47:42Z,2025-04-30T02:47:42Z,2025-04-30T02:47:33Z,true,21.217175,81.62598611111112,0.0,0.0,217.0,,0.0,1.0207501899605654E7,,,true,4,19,,true,0.0,,147443295,,,,,,,100,70,false,false,
97274,1,gt06,2025-04-30T02:47:47Z,2025-04-30T02:47:44Z,2025-04-30T02:47:44Z,true,21.217175,81.62598611111112,0.0,0.0,217.0,,0.0,1.0207501899605654E7,,,true,,34,,,0.0,,147445261,15,,14,false,,,,,false,,4923570
97276,1,gt06,2025-04-30T02:47:57Z,2025-04-30T02:47:54Z,2025-04-30T02:47:54Z,true,21.217175,81.62598611111112,0.0,0.0,217.0,,0.0,1.0207501899605654E7,,,true,,34,,,0.0,,147455261,15,,14,false,,,,,false,,4923570
97277,1,gt06,2025-04-30T02:48:08Z,2025-04-30T02:48:04Z,2025-04-30T02:48:04Z,true,21.217175,81.62598611111112,0.0,0.0,217.0,,0.0,1.0207501899605654E7,,,true,,34,,,0.0,,147465261,15,,14,false,,,,,false,,4923570
97278,1,gt06,2025-04-30T02:48:17Z,2025-04-30T02:48:14Z,2025-04-30T02:48:14Z,true,21.217175,81.62598611111112,0.0,0.0,217.0,,0.0,1.0207501899605654E7,,,true,,34,,,0.0,,147475261,15,,14,false,,,,,false,,4923570
97279,1,gt06,2025-04-30T02:48:27Z,2025-04-30T02:48:23Z,2025-04-30T02:48:23Z,true,21.217175,81.62598611111112,0.0,0.0,217.0,,0.0,1.0207501899605654E7,,,true,,34,,,0.0,,147484261,15,,14,false,,,,,false,,4923570
97281,1,gt06,2025-04-30T02:48:38Z,2025-04-30T02:48:34Z,2025-04-30T02:48:34Z,true,21.217175,81.62598611111112,0.0,0.0,217.0,,0.0,1.0207501899605654E7,,,true,,34,,,0.0,,147495261,15,,14,false,,,,,false,,4923570
97282,1,gt06,2025-04-30T02:48:42Z,2025-04-30T02:48:42Z,2025-04-30T02:48:34Z,true,21.217175,81.62598611111112,0.0,0.0,217.0,,0.0,1.0207501899605654E7,,,true,4,19,,true,0.0,,147503295,,,,,,,100,70,false,false,
97283,1,gt06,2025-04-30T02:48:47Z,2025-04-30T02:48:44Z,2025-04-30T02:48:44Z,true,21.217175,81.62598611111112,0.0,0.0,217.0,,0.0,1.0207501899605654E7,,,true,,34,,,0.0,,147505261,15,,14,false,,,,,false,,4923570
97284,1,gt06,2025-04-30T02:48:57Z,2025-04-30T02:48:53Z,2025-04-30T02:48:53Z,true,21.217175,81.62598611111112,0.0,0.0,217.0,,0.0,1.0207501899605654E7,,,true,,34,,,0.0,,147514261,15,,14,false,,,,,false,,4923570
97285,1,gt06,2025-04-30T02:49:07Z,2025-04-30T02:49:04Z,2025-04-30T02:49:04Z,true,21.217175,81.62598611111112,0.0,0.0,217.0,,0.0,1.0207501899605654E7,,,true,,34,,,0.0,,147525261,15,,14,false,,,,,false,,4923570
97288,1,gt06,2025-04-30T02:49:17Z,2025-04-30T02:49:14Z,2025-04-30T02:49:14Z,true,21.217175,81.62598611111112,0.0,0.0,217.0,,0.0,1.0207501899605654E7,,,true,,34,,,0.0,,147535261,15,,14,false,,,,,false,,4923570
97291,1,gt06,2025-04-30T02:49:28Z,2025-04-30T02:49:24Z,2025-04-30T02:49:24Z,true,21.217175,81.62598611111112,0.0,0.0,217.0,,0.0,1.0207501899605654E7,,,true,,34,,,0.0,,147545261,15,,14,false,,,,,false,,4923570
97293,1,gt06,2025-04-30T02:49:37Z,2025-04-30T02:49:34Z,2025-04-30T02:49:34Z,true,21.217175,81.62598611111112,0.0,0.0,217.0,,0.0,1.0207501899605654E7,,,true,,34,,,0.0,,147555261,15,,14,false,,,,,false,,4923570
97295,1,gt06,2025-04-30T02:49:42Z,2025-04-30T02:49:42Z,2025-04-30T02:49:34Z,true,21.217175,81.62598611111112,0.0,0.0,217.0,,0.0,1.0207501899605654E7,,,true,4,19,,true,0.0,,147563337,,,,,,,100,70,false,false,
97296,1,gt06,2025-04-30T02:49:47Z,2025-04-30T02:49:43Z,2025-04-30T02:49:43Z,true,21.217175,81.62598611111112,0.0,0.0,217.0,,0.0,1.0207501899605654E7,,,true,,34,,,0.0,,147564261,15,,14,false,,,,,false,,4923570
97298,1,gt06,2025-04-30T02:49:57Z,2025-04-30T02:49:54Z,2025-04-30T02:49:54Z,true,21.217175,81.62598611111112,0.0,0.0,217.0,,0.0,1.0207501899605654E7,,,true,,34,,,0.0,,147575261,15,,14,false,,,,,false,,4923570
97300,1,gt06,2025-04-30T02:50:07Z,2025-04-30T02:50:04Z,2025-04-30T02:50:04Z,true,21.217175,81.62598611111112,0.0,0.0,217.0,,0.0,1.0207501899605654E7,,,true,,34,,,0.0,,147585261,15,,14,false,,,,,false,,4923570
97302,1,gt06,2025-04-30T02:50:17Z,2025-04-30T02:50:13Z,2025-04-30T02:50:13Z,true,21.217175,81.62598611111112,0.0,0.0,217.0,,0.0,1.0207501899605654E7,,,true,,34,,,0.0,,147594261,15,,14,false,,,,,false,,4923570
97304,1,gt06,2025-04-30T02:50:27Z,2025-04-30T02:50:24Z,2025-04-30T02:50:24Z,true,21.217175,81.62598611111112,0.0,0.0,217.0,,0.0,1.0207501899605654E7,,,true,,34,,,0.0,,147605261,15,,14,false,,,,,false,,4923570
97306,1,gt06,2025-04-30T02:50:37Z,2025-04-30T02:50:33Z,2025-04-30T02:50:33Z,true,21.217175,81.62598611111112,0.0,0.0,217.0,,0.0,1.0207501899605654E7,,,true,,34,,,0.0,,147614261,15,,14,false,,,,,false,,4923570
97307,1,gt06,2025-04-30T02:50:42Z,2025-04-30T02:50:42Z,2025-04-30T02:50:33Z,true,21.217175,81.62598611111112,0.0,0.0,217.0,,0.0,1.0207501899605654E7,,,true,4,19,,true,0.0,,147623280,,,,,,,83,70,false,false,
97308,1,gt06,2025-04-30T02:50:43Z,2025-04-30T02:50:36Z,2025-04-30T02:50:36Z,true,21.21662166666667,81.62583722222222,0.0,3.7797,119.0,,0.0,1.0207565404650245E7,,,true,,34,,,63.505044590062774,,147617261,15,,2,false,,,,,true,,4923633
97309,1,gt06,2025-04-30T02:50:44Z,2025-04-30T02:50:37Z,2025-04-30T02:50:37Z,true,21.216611666666665,81.6258561111111,0.0,4.31966,121.0,,0.0,1.0207567658868704E7,,,true,,34,,,2.2542184584814877,,147618261,15,,2,false,,,,,true,,4923635
97311,1,gt06,2025-04-30T02:50:49Z,2025-04-30T02:50:43Z,2025-04-30T02:50:43Z,true,21.216526666666667,81.62607111111112,0.0,8.09935,102.0,,0.0,1.0207591893822987E7,,,true,,34,,,24.2349542831952,,147624261,15,,2,false,,,,,true,,4923659
97312,1,gt06,2025-04-30T02:50:50Z,2025-04-30T02:50:44Z,2025-04-30T02:50:44Z,true,21.216516666666667,81.62611111111111,0.0,8.09935,107.0,,0.0,1.020759619146626E7,,,true,,34,,,4.297643274081195,,147625261,15,,2,false,,,,,true,,4923663
97314,1,gt06,2025-04-30T02:51:00Z,2025-04-30T02:50:54Z,2025-04-30T02:50:54Z,true,21.21633111111111,81.62676055555556,0.0,14.5788,103.0,,0.0,1.0207666681451628E7,,,true,,34,,,70.4899853666953,,147635261,15,,0,false,,,,,true,,4923733
97317,1,gt06,2025-04-30T02:51:12Z,2025-04-30T02:51:04Z,2025-04-30T02:51:04Z,true,21.216192777777778,81.62741666666666,0.0,13.4989,102.0,,0.0,1.0207736488659197E7,,,true,,34,,,69.80720756923664,,147645261,15,,0,false,,,,,true,,4923802
97318,1,gt06,2025-04-30T02:51:21Z,2025-04-30T02:51:14Z,2025-04-30T02:51:14Z,true,21.216057777777777,81.62811388888889,0.0,13.4989,109.0,,0.0,1.0207810386747515E7,,,true,,34,,,73.89808831692554,,147655261,15,,0,false,,,,,true,,4923875
97320,1,gt06,2025-04-30T02:51:30Z,2025-04-30T02:51:24Z,2025-04-30T02:51:24Z,true,21.215863333333335,81.62882333333334,0.0,18.8985,101.0,,0.0,1.0207887125069676E7,,,true,,34,,,76.73832216020683,,147665261,15,,0,false,,,,,true,,4923951
97323,1,gt06,2025-04-30T02:51:40Z,2025-04-30T02:51:34Z,2025-04-30T02:51:34Z,true,21.215693333333334,81.629765,0.0,18.3585,100.0,,0.0,1.0207986661805207E7,,,true,,34,,,99.5367355309569,,147675261,15,,0,false,,,,,true,,4924050
97324,1,gt06,2025-04-30T02:51:41Z,2025-04-30T02:51:41Z,2025-04-30T02:51:34Z,true,21.215693333333334,81.629765,0.0,18.3585,100.0,,0.0,1.0207986661805207E7,,,true,4,19,,true,0.0,,147682679,,,,,,,100,70,true,false,
97326,1,gt06,2025-04-30T02:51:55Z,2025-04-30T02:51:44Z,2025-04-30T02:51:44Z,true,21.215522777777778,81.630745,0.0,21.0583,99.0,,0.0,1.0208090118224738E7,,,true,,34,,,103.45641953156898,,147685261,15,,0,false,,,,,true,,4924153
97332,1,gt06,2025-04-30T02:52:00Z,2025-04-30T02:51:54Z,2025-04-30T02:51:54Z,true,21.21532611111111,81.63183,0.0,22.1382,100.0,,0.0,1.0208204822713971E7,,,true,,34,,,114.70448923344286,,147695261,15,,0,false,,,,,true,,4924267
97333,1,gt06,2025-04-30T02:52:10Z,2025-04-30T02:52:04Z,2025-04-30T02:52:04Z,true,21.215109444444444,81.63300666666667,0.0,25.9179,99.0,,0.0,1.0208329290686315E7,,,true,,34,,,124.46797234308109,,147705261,15,,0,false,,,,,true,,4924391
97335,1,gt06,2025-04-30T02:52:20Z,2025-04-30T02:52:14Z,2025-04-30T02:52:14Z,true,21.215013333333335,81.63430833333334,0.0,28.6177,87.0,,0.0,1.0208464794482747E7,,,true,,34,,,135.5037964325904,,147715261,15,,0,false,,,,,true,,4924526
97337,1,gt06,2025-04-30T02:52:30Z,2025-04-30T02:52:24Z,2025-04-30T02:52:24Z,true,21.21522611111111,81.63570222222224,0.0,26.4579,73.0,,0.0,1.0208611372022897E7,,,true,,34,,,146.5775401499639,,147725261,15,,0,false,,,,,true,,4924672
97339,1,gt06,2025-04-30T02:52:41Z,2025-04-30T02:52:34Z,2025-04-30T02:52:34Z,true,21.215632777777778,81.63690277777778,0.0,11.8791,60.0,,0.0,1.020874392932893E7,,,true,,34,,,132.5573060331148,,147735261,15,,0,false,,,,,true,,4924804
97340,1,gt06,2025-04-30T02:52:42Z,2025-04-30T02:52:42Z,2025-04-30T02:52:34Z,true,21.215632777777778,81.63690277777778,0.0,11.8791,60.0,,0.0,1.020874392932893E7,,,true,4,19,,true,0.0,,147742861,,,,,,,100,70,true,false,
97342,1,gt06,2025-04-30T02:52:50Z,2025-04-30T02:52:47Z,2025-04-30T02:52:47Z,true,21.215632777777778,81.63690277777778,0.0,0.0,60.0,,0.0,1.020874392932893E7,,,true,,34,,,0.0,,147748261,15,,14,false,,,,,false,,4924804
97344,1,gt06,2025-04-30T02:53:00Z,2025-04-30T02:52:54Z,2025-04-30T02:52:54Z,true,21.215736111111113,81.63724388888889,0.0,9.71923,74.0,,0.0,1.020878115015139E7,,,true,,34,,,37.22082246142726,,147755261,15,,0,false,,,,,true,,4924841
97346,1,gt06,2025-04-30T02:53:12Z,2025-04-30T02:53:04Z,2025-04-30T02:53:04Z,true,21.21595277777778,81.63802,0.0,19.9784,73.0,,0.0,1.0208865224747607E7,,,true,,34,,,84.07459621695575,,147765261,15,,0,false,,,,,true,,4924925
97349,1,gt06,2025-04-30T02:53:30Z,2025-04-30T02:53:14Z,2025-04-30T02:53:14Z,true,21.216305000000002,81.63922444444445,0.0,26.4579,73.0,,0.0,1.0208996220963871E7,,,true,,34,,,130.99621626287694,,147775261,15,,0,false,,,,,true,,4925055
97350,1,gt06,2025-04-30T02:53:32Z,2025-04-30T02:53:24Z,2025-04-30T02:53:24Z,true,21.21669,81.64058,0.0,29.1577,73.0,,0.0,1.0209143276530521E7,,,true,,34,,,147.05556664916318,,147785261,15,,0,false,,,,,true,,4925202
97352,1,gt06,2025-04-30T02:53:45Z,2025-04-30T02:53:34Z,2025-04-30T02:53:34Z,true,21.21698388888889,81.6416211111111,0.0,19.9784,72.0,,0.0,1.0209256161434155E7,,,true,,34,,,112.88490363352454,,147795261,15,,0,false,,,,,true,,4925314
97353,1,gt06,2025-04-30T02:53:46Z,2025-04-30T02:53:46Z,2025-04-30T02:53:34Z,true,21.21698388888889,81.6416211111111,0.0,19.9784,72.0,,0.0,1.0209256161434155E7,,,true,4,19,,true,0.0,,147807058,,,,,,,100,70,true,false,
97354,1,gt06,2025-04-30T02:53:50Z,2025-04-30T02:53:44Z,2025-04-30T02:53:44Z,true,21.217290555555557,81.6428088888889,0.0,26.9979,78.0,,0.0,1.0209384061675195E7,,,true,,34,,,127.9002410391129,,147805261,15,,0,false,,,,,true,,4925441
97355,1,gt06,2025-04-30T02:54:03Z,2025-04-30T02:53:54Z,2025-04-30T02:53:54Z,true,21.217741666666665,81.64440444444445,0.0,38.3369,72.0,,0.0,1.0209557085754039E7,,,true,,34,,,173.0240788440006,,147815261,15,,0,false,,,,,true,,4925614
97356,1,gt06,2025-04-30T02:54:06Z,2025-04-30T02:54:00Z,2025-04-30T02:54:00Z,true,21.21805888888889,81.6452261111111,0.0,17.8186,51.0,,0.0,1.0209649375899514E7,,,true,,34,,,92.29014547475536,,147821261,15,,2,false,,,,,true,,4925706
97357,1,gt06,2025-04-30T02:54:09Z,2025-04-30T02:54:01Z,2025-04-30T02:54:01Z,true,21.21810222222222,81.64528833333333,0.0,12.959,54.0,,0.0,1.0209657435814882E7,,,true,,34,,,8.059915368220267,,147822261,15,,2,false,,,,,true,,4925714
97358,1,gt06,2025-04-30T02:54:23Z,2025-04-30T02:54:20Z,2025-04-30T02:54:20Z,true,21.21810222222222,81.64528833333333,0.0,0.0,54.0,,0.0,1.0209657435814882E7,,,true,,34,,,0.0,,147841261,15,,14,false,,,,,false,,4925714
97359,1,gt06,2025-04-30T02:54:33Z,2025-04-30T02:54:29Z,2025-04-30T02:54:29Z,true,21.21810222222222,81.64528833333333,0.0,0.0,54.0,,0.0,1.0209657435814882E7,,,true,,34,,,0.0,,147850261,15,,14,false,,,,,false,,4925714
97360,1,gt06,2025-04-30T02:54:42Z,2025-04-30T02:54:42Z,2025-04-30T02:54:29Z,true,21.21810222222222,81.64528833333333,0.0,0.0,54.0,,0.0,1.0209657435814882E7,,,,,,,,0.0,,147850261,,,,,14.14,,,,false,,
97362,1,gt06,2025-04-30T02:54:43Z,2025-04-30T02:54:43Z,2025-04-30T02:54:29Z,true,21.21810222222222,81.64528833333333,0.0,0.0,54.0,,0.0,1.0209657435814882E7,,,true,4,19,,true,0.0,,147850261,,,,,,,100,70,false,false,
97363,1,gt06,2025-04-30T02:54:44Z,2025-04-30T02:54:40Z,2025-04-30T02:54:40Z,true,21.21810222222222,81.64528833333333,0.0,0.0,54.0,,0.0,1.0209657435814882E7,,,true,,34,,,0.0,,147847286,15,,14,false,,,,,false,,4925714
97365,1,gt06,2025-04-30T02:54:53Z,2025-04-30T02:54:49Z,2025-04-30T02:54:49Z,true,21.21810222222222,81.64528833333333,0.0,0.0,54.0,,0.0,1.0209657435814882E7,,,true,,34,,,0.0,,147856286,15,,14,false,,,,,false,,4925714
97368,1,gt06,2025-04-30T02:55:07Z,2025-04-30T02:55:01Z,2025-04-30T02:55:01Z,true,21.218239999999998,81.64553,0.0,4.31966,74.0,,0.0,1.0209686832494026E7,,,true,,34,,,29.396679144314227,,147868286,15,,2,false,,,,,true,,4925743
97369,1,gt06,2025-04-30T02:55:08Z,2025-04-30T02:55:02Z,2025-04-30T02:55:02Z,true,21.21824666666667,81.645555,0.0,5.39957,74.0,,0.0,1.020968953087826E7,,,true,,34,,,2.698384234580551,,147869286,15,,2,false,,,,,true,,4925745
97371,1,gt06,2025-04-30T02:55:20Z,2025-04-30T02:55:12Z,2025-04-30T02:55:12Z,true,21.21840277777778,81.64610388888889,0.0,17.2786,71.0,,0.0,1.0209749082720838E7,,,true,,34,,,59.55184257703444,,147879286,15,,0,false,,,,,true,,4925804
97373,1,gt06,2025-04-30T02:55:28Z,2025-04-30T02:55:22Z,2025-04-30T02:55:22Z,true,21.218804444444444,81.64706722222222,0.0,24.2981,58.0,,0.0,1.0209858594499465E7,,,true,,34,,,109.51177862684703,,147889286,15,,0,false,,,,,true,,4925913
97375,1,gt06,2025-04-30T02:55:39Z,2025-04-30T02:55:32Z,2025-04-30T02:55:32Z,true,21.21954277777778,81.64817666666666,0.0,25.9179,48.0,,0.0,1.0210000051829806E7,,,true,,34,,,141.45733034068266,,147899286,15,,0,false,,,,,true,,4926054
97376,1,gt06,2025-04-30T02:55:44Z,2025-04-30T02:55:44Z,2025-04-30T02:55:32Z,true,21.21954277777778,81.64817666666666,0.0,25.9179,48.0,,0.0,1.0210000051829806E7,,,true,4,19,,true,0.0,,147911364,,,,,,,100,70,true,false,
97377,1,gt06,2025-04-30T02:55:50Z,2025-04-30T02:55:42Z,2025-04-30T02:55:42Z,true,21.22025,81.64897111111111,0.0,16.7387,47.0,,0.0,1.0210114045461416E7,,,true,,34,,,113.993631610906,,147909286,15,,0,false,,,,,true,,4926167
97378,1,gt06,2025-04-30T02:55:58Z,2025-04-30T02:55:52Z,2025-04-30T02:55:52Z,true,21.220585555555555,81.649385,0.0,8.63931,51.0,,0.0,1.0210170966475189E7,,,true,,34,,,56.92101377224535,,147919286,15,,0,false,,,,,true,,4926223
97379,1,gt06,2025-04-30T02:56:02Z,2025-04-30T02:55:56Z,2025-04-30T02:55:56Z,true,21.220661111111113,81.64950777777779,0.0,5.93953,74.0,,0.0,1.0210186233103206E7,,,true,,34,,,15.266628017978803,,147923286,15,,2,false,,,,,true,,4926238
97380,1,gt06,2025-04-30T02:56:03Z,2025-04-30T02:55:57Z,2025-04-30T02:55:57Z,true,21.22066611111111,81.64953166666668,0.0,3.7797,82.0,,0.0,1.0210188773801167E7,,,true,,34,,,2.5406979602067827,,147924286,15,,2,false,,,,,true,,4926240
97383,1,gt06,2025-04-30T02:56:14Z,2025-04-30T02:56:11Z,2025-04-30T02:56:11Z,true,21.22066611111111,81.64953166666668,0.0,0.0,82.0,,0.0,1.0210188773801167E7,,,true,,34,,,0.0,,147938286,15,,14,false,,,,,false,,4926240
97385,1,gt06,2025-04-30T02:56:24Z,2025-04-30T02:56:20Z,2025-04-30T02:56:20Z,true,21.22066611111111,81.64953166666668,0.0,0.0,82.0,,0.0,1.0210188773801167E7,,,true,,34,,,0.0,,147947286,15,,14,false,,,,,false,,4926240
97387,1,gt06,2025-04-30T02:56:34Z,2025-04-30T02:56:31Z,2025-04-30T02:56:31Z,true,21.22066611111111,81.64953166666668,0.0,0.0,82.0,,0.0,1.0210188773801167E7,,,true,,34,,,0.0,,147958286,15,,14,false,,,,,false,,4926240
97389,1,gt06,2025-04-30T02:56:42Z,2025-04-30T02:56:42Z,2025-04-30T02:56:31Z,true,21.22066611111111,81.64953166666668,0.0,0.0,82.0,,0.0,1.0210188773801167E7,,,true,4,19,,true,0.0,,147969334,,,,,,,100,70,false,false,
97390,1,gt06,2025-04-30T02:56:43Z,2025-04-30T02:56:40Z,2025-04-30T02:56:40Z,true,21.22066611111111,81.64953166666668,0.0,0.0,82.0,,0.0,1.0210188773801167E7,,,true,,34,,,0.0,,147967286,15,,14,false,,,,,false,,4926240
97392,1,gt06,2025-04-30T02:56:55Z,2025-04-30T02:56:51Z,2025-04-30T02:56:51Z,true,21.22066611111111,81.64953166666668,0.0,0.0,82.0,,0.0,1.0210188773801167E7,,,true,,34,,,0.0,,147978286,15,,14,false,,,,,false,,4926240
97394,1,gt06,2025-04-30T02:57:04Z,2025-04-30T02:57:01Z,2025-04-30T02:57:01Z,true,21.22066611111111,81.64953166666668,0.0,0.0,82.0,,0.0,1.0210188773801167E7,,,true,,34,,,0.0,,147988286,15,,14,false,,,,,false,,4926240
97396,1,gt06,2025-04-30T02:57:14Z,2025-04-30T02:57:10Z,2025-04-30T02:57:10Z,true,21.22066611111111,81.64953166666668,0.0,0.0,82.0,,0.0,1.0210188773801167E7,,,true,,34,,,0.0,,147997286,15,,14,false,,,,,false,,4926240
97398,1,gt06,2025-04-30T02:57:25Z,2025-04-30T02:57:21Z,2025-04-30T02:57:21Z,true,21.22066611111111,81.64953166666668,0.0,0.0,82.0,,0.0,1.0210188773801167E7,,,true,,34,,,0.0,,148008286,15,,14,false,,,,,false,,4926240
97400,1,gt06,2025-04-30T02:57:34Z,2025-04-30T02:57:31Z,2025-04-30T02:57:31Z,true,21.22066611111111,81.64953166666668,0.0,0.0,82.0,,0.0,1.0210188773801167E7,,,true,,34,,,0.0,,148018286,15,,14,false,,,,,false,,4926240
97403,1,gt06,2025-04-30T02:57:42Z,2025-04-30T02:57:42Z,2025-04-30T02:57:31Z,true,21.22066611111111,81.64953166666668,0.0,0.0,82.0,,0.0,1.0210188773801167E7,,,true,4,19,,true,0.0,,148029353,,,,,,,100,70,false,false,
97404,1,gt06,2025-04-30T02:57:45Z,2025-04-30T02:57:41Z,2025-04-30T02:57:41Z,true,21.22066611111111,81.64953166666668,0.0,0.0,82.0,,0.0,1.0210188773801167E7,,,true,,34,,,0.0,,148028286,15,,14,false,,,,,false,,4926240
97406,1,gt06,2025-04-30T02:57:54Z,2025-04-30T02:57:51Z,2025-04-30T02:57:51Z,true,21.22066611111111,81.64953166666668,0.0,0.0,82.0,,0.0,1.0210188773801167E7,,,true,,34,,,0.0,,148038286,15,,14,false,,,,,false,,4926240
97409,1,gt06,2025-04-30T02:58:04Z,2025-04-30T02:58:00Z,2025-04-30T02:58:00Z,true,21.22066611111111,81.64953166666668,0.0,0.0,82.0,,0.0,1.0210188773801167E7,,,true,,34,,,0.0,,148047286,15,,14,false,,,,,false,,4926240
97410,1,gt06,2025-04-30T02:58:15Z,2025-04-30T02:58:11Z,2025-04-30T02:58:11Z,true,21.22066611111111,81.64953166666668,0.0,0.0,82.0,,0.0,1.0210188773801167E7,,,true,,34,,,0.0,,148058286,15,,14,false,,,,,false,,4926240
97412,1,gt06,2025-04-30T02:58:24Z,2025-04-30T02:58:21Z,2025-04-30T02:58:21Z,true,21.22066611111111,81.64953166666668,0.0,0.0,82.0,,0.0,1.0210188773801167E7,,,true,,34,,,0.0,,148068286,15,,14,false,,,,,false,,4926240
97414,1,gt06,2025-04-30T02:58:34Z,2025-04-30T02:58:30Z,2025-04-30T02:58:30Z,true,21.22066611111111,81.64953166666668,0.0,0.0,82.0,,0.0,1.0210188773801167E7,,,true,,34,,,0.0,,148077286,15,,14,false,,,,,false,,4926240
97416,1,gt06,2025-04-30T02:58:42Z,2025-04-30T02:58:42Z,2025-04-30T02:58:30Z,true,21.22066611111111,81.64953166666668,0.0,0.0,82.0,,0.0,1.0210188773801167E7,,,true,4,19,,true,0.0,,148089334,,,,,,,100,70,false,false,
97417,1,gt06,2025-04-30T02:58:45Z,2025-04-30T02:58:41Z,2025-04-30T02:58:41Z,true,21.22066611111111,81.64953166666668,0.0,0.0,82.0,,0.0,1.0210188773801167E7,,,true,,34,,,0.0,,148088286,15,,14,false,,,,,false,,4926240
97419,1,gt06,2025-04-30T02:58:54Z,2025-04-30T02:58:50Z,2025-04-30T02:58:50Z,true,21.22066611111111,81.64953166666668,0.0,0.0,82.0,,0.0,1.0210188773801167E7,,,true,,34,,,0.0,,148097286,15,,14,false,,,,,false,,4926240
97421,1,gt06,2025-04-30T02:59:05Z,2025-04-30T02:59:01Z,2025-04-30T02:59:01Z,true,21.22066611111111,81.64953166666668,0.0,0.0,82.0,,0.0,1.0210188773801167E7,,,true,,34,,,0.0,,148108286,15,,14,false,,,,,false,,4926240
97423,1,gt06,2025-04-30T02:59:14Z,2025-04-30T02:59:11Z,2025-04-30T02:59:11Z,true,21.22066611111111,81.64953166666668,0.0,0.0,82.0,,0.0,1.0210188773801167E7,,,true,,34,,,0.0,,148118286,15,,14,false,,,,,false,,4926240
97425,1,gt06,2025-04-30T02:59:24Z,2025-04-30T02:59:20Z,2025-04-30T02:59:20Z,true,21.22066611111111,81.64953166666668,0.0,0.0,82.0,,0.0,1.0210188773801167E7,,,true,,34,,,0.0,,148127286,15,,14,false,,,,,false,,4926240
97427,1,gt06,2025-04-30T02:59:35Z,2025-04-30T02:59:31Z,2025-04-30T02:59:31Z,true,21.22066611111111,81.64953166666668,0.0,0.0,82.0,,0.0,1.0210188773801167E7,,,true,,34,,,0.0,,148138286,15,,14,false,,,,,false,,4926240
97429,1,gt06,2025-04-30T02:59:42Z,2025-04-30T02:59:42Z,2025-04-30T02:59:31Z,true,21.22066611111111,81.64953166666668,0.0,0.0,82.0,,0.0,1.0210188773801167E7,,,true,4,19,,true,0.0,,148149333,,,,,,,100,70,false,false,
97430,1,gt06,2025-04-30T02:59:44Z,2025-04-30T02:59:41Z,2025-04-30T02:59:41Z,true,21.22066611111111,81.64953166666668,0.0,0.0,82.0,,0.0,1.0210188773801167E7,,,true,,34,,,0.0,,148148286,15,,14,false,,,,,false,,4926240
97432,1,gt06,2025-04-30T02:59:54Z,2025-04-30T02:59:50Z,2025-04-30T02:59:50Z,true,21.22066611111111,81.64953166666668,0.0,0.0,82.0,,0.0,1.0210188773801167E7,,,true,,34,,,0.0,,148157286,15,,14,false,,,,,false,,4926240
97436,1,gt06,2025-04-30T03:00:04Z,2025-04-30T03:00:01Z,2025-04-30T03:00:01Z,true,21.22066611111111,81.64953166666668,0.0,0.0,82.0,,0.0,1.0210188773801167E7,,,true,,34,,,0.0,,148168286,15,,14,false,,,,,false,,4926240
97439,1,gt06,2025-04-30T03:00:14Z,2025-04-30T03:00:10Z,2025-04-30T03:00:10Z,true,21.22066611111111,81.64953166666668,0.0,0.0,82.0,,0.0,1.0210188773801167E7,,,true,,34,,,0.0,,148177286,15,,14,false,,,,,false,,4926240
97441,1,gt06,2025-04-30T03:00:25Z,2025-04-30T03:00:21Z,2025-04-30T03:00:21Z,true,21.22066611111111,81.64953166666668,0.0,0.0,82.0,,0.0,1.0210188773801167E7,,,true,,34,,,0.0,,148188286,15,,14,false,,,,,false,,4926240
97443,1,gt06,2025-04-30T03:00:34Z,2025-04-30T03:00:31Z,2025-04-30T03:00:31Z,true,21.22066611111111,81.64953166666668,0.0,0.0,82.0,,0.0,1.0210188773801167E7,,,true,,34,,,0.0,,148198286,15,,14,false,,,,,false,,4926240
97446,1,gt06,2025-04-30T03:00:42Z,2025-04-30T03:00:42Z,2025-04-30T03:00:31Z,true,21.22066611111111,81.64953166666668,0.0,0.0,82.0,,0.0,1.0210188773801167E7,,,true,4,19,,true,0.0,,148209333,,,,,,,100,70,false,false,
97447,1,gt06,2025-04-30T03:00:43Z,2025-04-30T03:00:40Z,2025-04-30T03:00:40Z,true,21.22066611111111,81.64953166666668,0.0,0.0,82.0,,0.0,1.0210188773801167E7,,,true,,34,,,0.0,,148207286,15,,14,false,,,,,false,,4926240
97448,1,gt06,2025-04-30T03:00:55Z,2025-04-30T03:00:51Z,2025-04-30T03:00:51Z,true,21.22066611111111,81.64953166666668,0.0,0.0,82.0,,0.0,1.0210188773801167E7,,,true,,34,,,0.0,,148218286,15,,14,false,,,,,false,,4926240
97450,1,gt06,2025-04-30T03:01:04Z,2025-04-30T03:01:01Z,2025-04-30T03:01:01Z,true,21.22066611111111,81.64953166666668,0.0,0.0,82.0,,0.0,1.0210188773801167E7,,,true,,34,,,0.0,,148228286,15,,14,false,,,,,false,,4926240
97451,1,gt06,2025-04-30T03:01:14Z,2025-04-30T03:01:10Z,2025-04-30T03:01:10Z,true,21.22066611111111,81.64953166666668,0.0,0.0,82.0,,0.0,1.0210188773801167E7,,,true,,34,,,0.0,,148237286,15,,14,false,,,,,false,,4926240
97452,1,gt06,2025-04-30T03:01:24Z,2025-04-30T03:01:21Z,2025-04-30T03:01:21Z,true,21.22066611111111,81.64953166666668,0.0,0.0,82.0,,0.0,1.0210188773801167E7,,,true,,34,,,0.0,,148248286,15,,14,false,,,,,false,,4926240
97453,1,gt06,2025-04-30T03:01:34Z,2025-04-30T03:01:30Z,2025-04-30T03:01:30Z,true,21.22066611111111,81.64953166666668,0.0,0.0,82.0,,0.0,1.0210188773801167E7,,,true,,34,,,0.0,,148257286,15,,14,false,,,,,false,,4926240
97454,1,gt06,2025-04-30T03:01:42Z,2025-04-30T03:01:42Z,2025-04-30T03:01:30Z,true,21.22066611111111,81.64953166666668,0.0,0.0,82.0,,0.0,1.0210188773801167E7,,,true,4,19,,true,0.0,,148269351,,,,,,,100,70,false,false,
97455,1,gt06,2025-04-30T03:01:45Z,2025-04-30T03:01:41Z,2025-04-30T03:01:41Z,true,21.22066611111111,81.64953166666668,0.0,0.0,82.0,,0.0,1.0210188773801167E7,,,true,,34,,,0.0,,148268286,15,,14,false,,,,,false,,4926240
97456,1,gt06,2025-04-30T03:01:54Z,2025-04-30T03:01:51Z,2025-04-30T03:01:51Z,true,21.22066611111111,81.64953166666668,0.0,0.0,82.0,,0.0,1.0210188773801167E7,,,true,,34,,,0.0,,148278286,15,,14,false,,,,,false,,4926240
97458,1,gt06,2025-04-30T03:02:04Z,2025-04-30T03:02:00Z,2025-04-30T03:02:00Z,true,21.22066611111111,81.64953166666668,0.0,0.0,82.0,,0.0,1.0210188773801167E7,,,true,,34,,,0.0,,148287286,15,,14,false,,,,,false,,4926240
97459,1,gt06,2025-04-30T03:02:15Z,2025-04-30T03:02:11Z,2025-04-30T03:02:11Z,true,21.22066611111111,81.64953166666668,0.0,0.0,82.0,,0.0,1.0210188773801167E7,,,true,,34,,,0.0,,148298286,15,,14,false,,,,,false,,4926240
97460,1,gt06,2025-04-30T03:02:26Z,2025-04-30T03:02:21Z,2025-04-30T03:02:21Z,true,21.22066611111111,81.64953166666668,0.0,0.0,82.0,,0.0,1.0210188773801167E7,,,true,,34,,,0.0,,148308286,15,,14,false,,,,,false,,4926240
97461,1,gt06,2025-04-30T03:02:34Z,2025-04-30T03:02:30Z,2025-04-30T03:02:30Z,true,21.22066611111111,81.64953166666668,0.0,0.0,82.0,,0.0,1.0210188773801167E7,,,true,,34,,,0.0,,148317286,15,,14,false,,,,,false,,4926240
97462,1,gt06,2025-04-30T03:02:42Z,2025-04-30T03:02:42Z,2025-04-30T03:02:30Z,true,21.22066611111111,81.64953166666668,0.0,0.0,82.0,,0.0,1.0210188773801167E7,,,true,4,19,,true,0.0,,148329412,,,,,,,100,70,false,false,
97463,1,gt06,2025-04-30T03:02:44Z,2025-04-30T03:02:41Z,2025-04-30T03:02:41Z,true,21.22066611111111,81.64953166666668,0.0,0.0,82.0,,0.0,1.0210188773801167E7,,,true,,34,,,0.0,,148328286,15,,14,false,,,,,false,,4926240
97464,1,gt06,2025-04-30T03:02:54Z,2025-04-30T03:02:50Z,2025-04-30T03:02:50Z,true,21.22066611111111,81.64953166666668,0.0,0.0,82.0,,0.0,1.0210188773801167E7,,,true,,34,,,0.0,,148337286,15,,14,false,,,,,false,,4926240
97465,1,gt06,2025-04-30T03:03:05Z,2025-04-30T03:03:01Z,2025-04-30T03:03:01Z,true,21.22066611111111,81.64953166666668,0.0,0.0,82.0,,0.0,1.0210188773801167E7,,,true,,34,,,0.0,,148348286,15,,14,false,,,,,false,,4926240
97466,1,gt06,2025-04-30T03:03:14Z,2025-04-30T03:03:11Z,2025-04-30T03:03:11Z,true,21.22066611111111,81.64953166666668,0.0,0.0,82.0,,0.0,1.0210188773801167E7,,,true,,34,,,0.0,,148358286,15,,14,false,,,,,false,,4926240
97467,1,gt06,2025-04-30T03:03:24Z,2025-04-30T03:03:20Z,2025-04-30T03:03:20Z,true,21.22066611111111,81.64953166666668,0.0,0.0,82.0,,0.0,1.0210188773801167E7,,,true,,34,,,0.0,,148367286,15,,14,false,,,,,false,,4926240
97468,1,gt06,2025-04-30T03:03:35Z,2025-04-30T03:03:31Z,2025-04-30T03:03:31Z,true,21.22066611111111,81.64953166666668,0.0,0.0,82.0,,0.0,1.0210188773801167E7,,,true,,34,,,0.0,,148378286,15,,14,false,,,,,false,,4926240
97469,1,gt06,2025-04-30T03:03:42Z,2025-04-30T03:03:42Z,2025-04-30T03:03:31Z,true,21.22066611111111,81.64953166666668,0.0,0.0,82.0,,0.0,1.0210188773801167E7,,,true,4,19,,true,0.0,,148389353,,,,,,,100,70,false,false,
97470,1,gt06,2025-04-30T03:03:44Z,2025-04-30T03:03:41Z,2025-04-30T03:03:41Z,true,21.22066611111111,81.64953166666668,0.0,0.0,82.0,,0.0,1.0210188773801167E7,,,true,,34,,,0.0,,148388286,15,,14,false,,,,,false,,4926240
97471,1,gt06,2025-04-30T03:03:54Z,2025-04-30T03:03:50Z,2025-04-30T03:03:50Z,true,21.22066611111111,81.64953166666668,0.0,0.0,82.0,,0.0,1.0210188773801167E7,,,true,,34,,,0.0,,148397286,15,,14,false,,,,,false,,4926240
97473,1,gt06,2025-04-30T03:04:04Z,2025-04-30T03:04:01Z,2025-04-30T03:04:01Z,true,21.22066611111111,81.64953166666668,0.0,0.0,82.0,,0.0,1.0210188773801167E7,,,true,,34,,,0.0,,148408286,15,,14,false,,,,,false,,4926240
97474,1,gt06,2025-04-30T03:04:14Z,2025-04-30T03:04:10Z,2025-04-30T03:04:10Z,true,21.22066611111111,81.64953166666668,0.0,0.0,82.0,,0.0,1.0210188773801167E7,,,true,,34,,,0.0,,148417286,15,,14,false,,,,,false,,4926240
97475,1,gt06,2025-04-30T03:04:25Z,2025-04-30T03:04:21Z,2025-04-30T03:04:21Z,true,21.22066611111111,81.64953166666668,0.0,0.0,82.0,,0.0,1.0210188773801167E7,,,true,,34,,,0.0,,148428286,15,,14,false,,,,,false,,4926240
97476,1,gt06,2025-04-30T03:04:34Z,2025-04-30T03:04:31Z,2025-04-30T03:04:31Z,true,21.22066611111111,81.64953166666668,0.0,0.0,82.0,,0.0,1.0210188773801167E7,,,true,,34,,,0.0,,148438286,15,,14,false,,,,,false,,4926240
97477,1,gt06,2025-04-30T03:04:42Z,2025-04-30T03:04:42Z,2025-04-30T03:04:31Z,true,21.22066611111111,81.64953166666668,0.0,0.0,82.0,,0.0,1.0210188773801167E7,,,,,,,,0.0,,148438286,,,,,14.34,,,,false,,
97478,1,gt06,2025-04-30T03:04:43Z,2025-04-30T03:04:43Z,2025-04-30T03:04:31Z,true,21.22066611111111,81.64953166666668,0.0,0.0,82.0,,0.0,1.0210188773801167E7,,,true,4,19,,true,0.0,,148438286,,,,,,,100,70,false,false,
97479,1,gt06,2025-04-30T03:04:43Z,2025-04-30T03:04:40Z,2025-04-30T03:04:40Z,true,21.22066611111111,81.64953166666668,0.0,0.0,82.0,,0.0,1.0210188773801167E7,,,true,,34,,,0.0,,148435399,15,,14,false,,,,,false,,4926240
97480,1,gt06,2025-04-30T03:04:56Z,2025-04-30T03:04:51Z,2025-04-30T03:04:51Z,true,21.22066611111111,81.64953166666668,0.0,0.0,82.0,,0.0,1.0210188773801167E7,,,true,,34,,,0.0,,148446399,15,,14,false,,,,,false,,4926240
97481,1,gt06,2025-04-30T03:05:04Z,2025-04-30T03:05:01Z,2025-04-30T03:05:01Z,true,21.22066611111111,81.64953166666668,0.0,0.0,82.0,,0.0,1.0210188773801167E7,,,true,,34,,,0.0,,148456399,15,,14,false,,,,,false,,4926240
97482,1,gt06,2025-04-30T03:05:14Z,2025-04-30T03:05:10Z,2025-04-30T03:05:10Z,true,21.22066611111111,81.64953166666668,0.0,0.0,82.0,,0.0,1.0210188773801167E7,,,true,,34,,,0.0,,148465399,15,,14,false,,,,,false,,4926240
97483,1,gt06,2025-04-30T03:05:24Z,2025-04-30T03:05:21Z,2025-04-30T03:05:21Z,true,21.22066611111111,81.64953166666668,0.0,0.0,82.0,,0.0,1.0210188773801167E7,,,true,,34,,,0.0,,148476399,15,,14,false,,,,,false,,4926240
97484,1,gt06,2025-04-30T03:05:34Z,2025-04-30T03:05:30Z,2025-04-30T03:05:30Z,true,21.22066611111111,81.64953166666668,0.0,0.0,82.0,,0.0,1.0210188773801167E7,,,true,,34,,,0.0,,148485399,15,,14,false,,,,,false,,4926240
97485,1,gt06,2025-04-30T03:05:42Z,2025-04-30T03:05:42Z,2025-04-30T03:05:30Z,true,21.22066611111111,81.64953166666668,0.0,0.0,82.0,,0.0,1.0210188773801167E7,,,true,4,19,,true,0.0,,148497466,,,,,,,100,70,false,false,
97486,1,gt06,2025-04-30T03:05:45Z,2025-04-30T03:05:41Z,2025-04-30T03:05:41Z,true,21.22066611111111,81.64953166666668,0.0,0.0,82.0,,0.0,1.0210188773801167E7,,,true,,34,,,0.0,,148496399,15,,14,false,,,,,false,,4926240
97487,1,gt06,2025-04-30T03:05:54Z,2025-04-30T03:05:51Z,2025-04-30T03:05:51Z,true,21.22066611111111,81.64953166666668,0.0,0.0,82.0,,0.0,1.0210188773801167E7,,,true,,34,,,0.0,,148506399,15,,14,false,,,,,false,,4926240
97488,1,gt06,2025-04-30T03:06:04Z,2025-04-30T03:06:00Z,2025-04-30T03:06:00Z,true,21.22066611111111,81.64953166666668,0.0,0.0,82.0,,0.0,1.0210188773801167E7,,,true,,34,,,0.0,,148515399,15,,14,false,,,,,false,,4926240
97489,1,gt06,2025-04-30T03:06:14Z,2025-04-30T03:06:11Z,2025-04-30T03:06:11Z,true,21.22066611111111,81.64953166666668,0.0,0.0,82.0,,0.0,1.0210188773801167E7,,,true,,34,,,0.0,,148526399,15,,14,false,,,,,false,,4926240
97492,1,gt06,2025-04-30T03:06:24Z,2025-04-30T03:06:21Z,2025-04-30T03:06:21Z,true,21.22066611111111,81.64953166666668,0.0,0.0,82.0,,0.0,1.0210188773801167E7,,,true,,34,,,0.0,,148536399,15,,14,false,,,,,false,,4926240
97493,1,gt06,2025-04-30T03:06:35Z,2025-04-30T03:06:31Z,2025-04-30T03:06:31Z,true,21.22066611111111,81.64953166666668,0.0,0.0,82.0,,0.0,1.0210188773801167E7,,,true,,34,,,0.0,,148546399,15,,14,false,,,,,false,,4926240
97495,1,gt06,2025-04-30T03:06:42Z,2025-04-30T03:06:42Z,2025-04-30T03:06:31Z,true,21.22066611111111,81.64953166666668,0.0,0.0,82.0,,0.0,1.0210188773801167E7,,,true,4,19,,true,0.0,,148557827,,,,,,,100,70,false,false,
97496,1,gt06,2025-04-30T03:06:44Z,2025-04-30T03:06:41Z,2025-04-30T03:06:41Z,true,21.22066611111111,81.64953166666668,0.0,0.0,82.0,,0.0,1.0210188773801167E7,,,true,,34,,,0.0,,148556399,15,,14,false,,,,,false,,4926240
97497,1,gt06,2025-04-30T03:06:54Z,2025-04-30T03:06:50Z,2025-04-30T03:06:50Z,true,21.22066611111111,81.64953166666668,0.0,0.0,82.0,,0.0,1.0210188773801167E7,,,true,,34,,,0.0,,148565399,15,,14,false,,,,,false,,4926240
97498,1,gt06,2025-04-30T03:07:05Z,2025-04-30T03:07:01Z,2025-04-30T03:07:01Z,true,21.22066611111111,81.64953166666668,0.0,0.0,82.0,,0.0,1.0210188773801167E7,,,true,,34,,,0.0,,148576399,15,,14,false,,,,,false,,4926240
97499,1,gt06,2025-04-30T03:07:14Z,2025-04-30T03:07:11Z,2025-04-30T03:07:11Z,true,21.22066611111111,81.64953166666668,0.0,0.0,82.0,,0.0,1.0210188773801167E7,,,true,,34,,,0.0,,148586399,15,,14,false,,,,,false,,4926240
97500,1,gt06,2025-04-30T03:07:24Z,2025-04-30T03:07:20Z,2025-04-30T03:07:20Z,true,21.22066611111111,81.64953166666668,0.0,0.0,82.0,,0.0,1.0210188773801167E7,,,true,,34,,,0.0,,148595399,15,,14,false,,,,,false,,4926240
97501,1,gt06,2025-04-30T03:07:34Z,2025-04-30T03:07:31Z,2025-04-30T03:07:31Z,true,21.22066611111111,81.64953166666668,0.0,0.0,82.0,,0.0,1.0210188773801167E7,,,true,,34,,,0.0,,148606399,15,,14,false,,,,,false,,4926240
97502,1,gt06,2025-04-30T03:07:42Z,2025-04-30T03:07:42Z,2025-04-30T03:07:31Z,true,21.22066611111111,81.64953166666668,0.0,0.0,82.0,,0.0,1.0210188773801167E7,,,true,4,19,,true,0.0,,148617446,,,,,,,100,70,false,false,
97503,1,gt06,2025-04-30T03:07:44Z,2025-04-30T03:07:41Z,2025-04-30T03:07:41Z,true,21.22066611111111,81.64953166666668,0.0,0.0,82.0,,0.0,1.0210188773801167E7,,,true,,34,,,0.0,,148616399,15,,14,false,,,,,false,,4926240
97504,1,gt06,2025-04-30T03:07:55Z,2025-04-30T03:07:51Z,2025-04-30T03:07:51Z,true,21.22066611111111,81.64953166666668,0.0,0.0,82.0,,0.0,1.0210188773801167E7,,,true,,34,,,0.0,,148626399,15,,14,false,,,,,false,,4926240
97505,1,gt06,2025-04-30T03:08:04Z,2025-04-30T03:08:01Z,2025-04-30T03:08:01Z,true,21.22066611111111,81.64953166666668,0.0,0.0,82.0,,0.0,1.0210188773801167E7,,,true,,34,,,0.0,,148636399,15,,14,false,,,,,false,,4926240
97506,1,gt06,2025-04-30T03:08:14Z,2025-04-30T03:08:10Z,2025-04-30T03:08:10Z,true,21.22066611111111,81.64953166666668,0.0,0.0,82.0,,0.0,1.0210188773801167E7,,,true,,34,,,0.0,,148645399,15,,14,false,,,,,false,,4926240
97507,1,gt06,2025-04-30T03:08:25Z,2025-04-30T03:08:21Z,2025-04-30T03:08:21Z,true,21.22066611111111,81.64953166666668,0.0,0.0,82.0,,0.0,1.0210188773801167E7,,,true,,34,,,0.0,,148656399,15,,14,false,,,,,false,,4926240
97508,1,gt06,2025-04-30T03:08:34Z,2025-04-30T03:08:31Z,2025-04-30T03:08:31Z,true,21.22066611111111,81.64953166666668,0.0,0.0,82.0,,0.0,1.0210188773801167E7,,,true,,34,,,0.0,,148666399,15,,14,false,,,,,false,,4926240
97509,1,gt06,2025-04-30T03:08:42Z,2025-04-30T03:08:42Z,2025-04-30T03:08:31Z,true,21.22066611111111,81.64953166666668,0.0,0.0,82.0,,0.0,1.0210188773801167E7,,,true,4,19,,true,0.0,,148677427,,,,,,,100,70,false,false,
97510,1,gt06,2025-04-30T03:08:44Z,2025-04-30T03:08:40Z,2025-04-30T03:08:40Z,true,21.22066611111111,81.64953166666668,0.0,0.0,82.0,,0.0,1.0210188773801167E7,,,true,,34,,,0.0,,148675399,15,,14,false,,,,,false,,4926240
97511,1,gt06,2025-04-30T03:08:54Z,2025-04-30T03:08:51Z,2025-04-30T03:08:51Z,true,21.22066611111111,81.64953166666668,0.0,0.0,82.0,,0.0,1.0210188773801167E7,,,true,,34,,,0.0,,148686399,15,,14,false,,,,,false,,4926240
97512,1,gt06,2025-04-30T03:09:04Z,2025-04-30T03:09:01Z,2025-04-30T03:09:01Z,true,21.22066611111111,81.64953166666668,0.0,0.0,82.0,,0.0,1.0210188773801167E7,,,true,,34,,,0.0,,148696399,15,,14,false,,,,,false,,4926240
97513,1,gt06,2025-04-30T03:09:14Z,2025-04-30T03:09:10Z,2025-04-30T03:09:10Z,true,21.22066611111111,81.64953166666668,0.0,0.0,82.0,,0.0,1.0210188773801167E7,,,true,,34,,,0.0,,148705399,15,,14,false,,,,,false,,4926240
97514,1,gt06,2025-04-30T03:09:24Z,2025-04-30T03:09:21Z,2025-04-30T03:09:21Z,true,21.22066611111111,81.64953166666668,0.0,0.0,82.0,,0.0,1.0210188773801167E7,,,true,,34,,,0.0,,148716399,15,,14,false,,,,,false,,4926240
97515,1,gt06,2025-04-30T03:09:34Z,2025-04-30T03:09:30Z,2025-04-30T03:09:30Z,true,21.22066611111111,81.64953166666668,0.0,0.0,82.0,,0.0,1.0210188773801167E7,,,true,,34,,,0.0,,148725399,15,,14,false,,,,,false,,4926240
97516,1,gt06,2025-04-30T03:09:42Z,2025-04-30T03:09:42Z,2025-04-30T03:09:30Z,true,21.22066611111111,81.64953166666668,0.0,0.0,82.0,,0.0,1.0210188773801167E7,,,true,4,19,,true,0.0,,148737426,,,,,,,100,70,false,false,
97517,1,gt06,2025-04-30T03:09:45Z,2025-04-30T03:09:41Z,2025-04-30T03:09:41Z,true,21.22066611111111,81.64953166666668,0.0,0.0,82.0,,0.0,1.0210188773801167E7,,,true,,34,,,0.0,,148736399,15,,14,false,,,,,false,,4926240
97518,1,gt06,2025-04-30T03:09:54Z,2025-04-30T03:09:51Z,2025-04-30T03:09:51Z,true,21.22066611111111,81.64953166666668,0.0,0.0,82.0,,0.0,1.0210188773801167E7,,,true,,34,,,0.0,,148746399,15,,14,false,,,,,false,,4926240
97519,1,gt06,2025-04-30T03:10:04Z,2025-04-30T03:10:00Z,2025-04-30T03:10:00Z,true,21.22066611111111,81.64953166666668,0.0,0.0,82.0,,0.0,1.0210188773801167E7,,,true,,34,,,0.0,,148755399,15,,14,false,,,,,false,,4926240
97520,1,gt06,2025-04-30T03:10:14Z,2025-04-30T03:10:11Z,2025-04-30T03:10:11Z,true,21.22066611111111,81.64953166666668,0.0,0.0,82.0,,0.0,1.0210188773801167E7,,,true,,34,,,0.0,,148766399,15,,14,false,,,,,false,,4926240
97521,1,gt06,2025-04-30T03:10:24Z,2025-04-30T03:10:21Z,2025-04-30T03:10:21Z,true,21.22066611111111,81.64953166666668,0.0,0.0,82.0,,0.0,1.0210188773801167E7,,,true,,34,,,0.0,,148776399,15,,14,false,,,,,false,,4926240
97522,1,gt06,2025-04-30T03:10:34Z,2025-04-30T03:10:30Z,2025-04-30T03:10:30Z,true,21.22066611111111,81.64953166666668,0.0,0.0,82.0,,0.0,1.0210188773801167E7,,,true,,34,,,0.0,,148785399,15,,14,false,,,,,false,,4926240
97523,1,gt06,2025-04-30T03:10:42Z,2025-04-30T03:10:42Z,2025-04-30T03:10:30Z,true,21.22066611111111,81.64953166666668,0.0,0.0,82.0,,0.0,1.0210188773801167E7,,,true,4,19,,true,0.0,,148797450,,,,,,,100,70,false,false,
97524,1,gt06,2025-04-30T03:10:44Z,2025-04-30T03:10:41Z,2025-04-30T03:10:41Z,true,21.22066611111111,81.64953166666668,0.0,0.0,82.0,,0.0,1.0210188773801167E7,,,true,,34,,,0.0,,148796399,15,,14,false,,,,,false,,4926240
97525,1,gt06,2025-04-30T03:10:54Z,2025-04-30T03:10:50Z,2025-04-30T03:10:50Z,true,21.22066611111111,81.64953166666668,0.0,0.0,82.0,,0.0,1.0210188773801167E7,,,true,,34,,,0.0,,148805399,15,,14,false,,,,,false,,4926240
97526,1,gt06,2025-04-30T03:11:05Z,2025-04-30T03:11:01Z,2025-04-30T03:11:01Z,true,21.22066611111111,81.64953166666668,0.0,0.0,82.0,,0.0,1.0210188773801167E7,,,true,,34,,,0.0,,148816399,15,,14,false,,,,,false,,4926240
97527,1,gt06,2025-04-30T03:11:14Z,2025-04-30T03:11:11Z,2025-04-30T03:11:11Z,true,21.22066611111111,81.64953166666668,0.0,0.0,82.0,,0.0,1.0210188773801167E7,,,true,,34,,,0.0,,148826399,15,,14,false,,,,,false,,4926240
97529,1,gt06,2025-04-30T03:11:24Z,2025-04-30T03:11:20Z,2025-04-30T03:11:20Z,true,21.22066611111111,81.64953166666668,0.0,0.0,82.0,,0.0,1.0210188773801167E7,,,true,,34,,,0.0,,148835399,15,,14,false,,,,,false,,4926240
97530,1,gt06,2025-04-30T03:11:34Z,2025-04-30T03:11:31Z,2025-04-30T03:11:31Z,true,21.22066611111111,81.64953166666668,0.0,0.0,82.0,,0.0,1.0210188773801167E7,,,true,,34,,,0.0,,148846399,15,,14,false,,,,,false,,4926240
97531,1,gt06,2025-04-30T03:11:42Z,2025-04-30T03:11:42Z,2025-04-30T03:11:31Z,true,21.22066611111111,81.64953166666668,0.0,0.0,82.0,,0.0,1.0210188773801167E7,,,true,4,19,,true,0.0,,148857525,,,,,,,100,70,false,false,
97532,1,gt06,2025-04-30T03:11:44Z,2025-04-30T03:11:41Z,2025-04-30T03:11:41Z,true,21.22066611111111,81.64953166666668,0.0,0.0,82.0,,0.0,1.0210188773801167E7,,,true,,34,,,0.0,,148856399,15,,14,false,,,,,false,,4926240
97533,1,gt06,2025-04-30T03:11:55Z,2025-04-30T03:11:51Z,2025-04-30T03:11:51Z,true,21.22066611111111,81.64953166666668,0.0,0.0,82.0,,0.0,1.0210188773801167E7,,,true,,34,,,0.0,,148866399,15,,14,false,,,,,false,,4926240
97535,1,gt06,2025-04-30T03:12:04Z,2025-04-30T03:12:01Z,2025-04-30T03:12:01Z,true,21.22066611111111,81.64953166666668,0.0,0.0,82.0,,0.0,1.0210188773801167E7,,,true,,34,,,0.0,,148876399,15,,14,false,,,,,false,,4926240
97536,1,gt06,2025-04-30T03:12:14Z,2025-04-30T03:12:10Z,2025-04-30T03:12:10Z,true,21.22066611111111,81.64953166666668,0.0,0.0,82.0,,0.0,1.0210188773801167E7,,,true,,34,,,0.0,,148885399,15,,14,false,,,,,false,,4926240
97537,1,gt06,2025-04-30T03:12:25Z,2025-04-30T03:12:21Z,2025-04-30T03:12:21Z,true,21.22066611111111,81.64953166666668,0.0,0.0,82.0,,0.0,1.0210188773801167E7,,,true,,34,,,0.0,,148896399,15,,14,false,,,,,false,,4926240
97538,1,gt06,2025-04-30T03:12:34Z,2025-04-30T03:12:31Z,2025-04-30T03:12:31Z,true,21.22066611111111,81.64953166666668,0.0,0.0,82.0,,0.0,1.0210188773801167E7,,,true,,34,,,0.0,,148906399,15,,14,false,,,,,false,,4926240
97539,1,gt06,2025-04-30T03:12:42Z,2025-04-30T03:12:42Z,2025-04-30T03:12:31Z,true,21.22066611111111,81.64953166666668,0.0,0.0,82.0,,0.0,1.0210188773801167E7,,,true,4,19,,true,0.0,,148917508,,,,,,,100,70,false,false,
97540,1,gt06,2025-04-30T03:12:44Z,2025-04-30T03:12:40Z,2025-04-30T03:12:40Z,true,21.22066611111111,81.64953166666668,0.0,0.0,82.0,,0.0,1.0210188773801167E7,,,true,,34,,,0.0,,148915399,15,,14,false,,,,,false,,4926240
97541,1,gt06,2025-04-30T03:12:55Z,2025-04-30T03:12:51Z,2025-04-30T03:12:51Z,true,21.22066611111111,81.64953166666668,0.0,0.0,82.0,,0.0,1.0210188773801167E7,,,true,,34,,,0.0,,148926399,15,,14,false,,,,,false,,4926240
97542,1,gt06,2025-04-30T03:13:04Z,2025-04-30T03:13:01Z,2025-04-30T03:13:01Z,true,21.22066611111111,81.64953166666668,0.0,0.0,82.0,,0.0,1.0210188773801167E7,,,true,,34,,,0.0,,148936399,15,,14,false,,,,,false,,4926240
97543,1,gt06,2025-04-30T03:13:15Z,2025-04-30T03:13:11Z,2025-04-30T03:13:11Z,true,21.22066611111111,81.64953166666668,0.0,0.0,82.0,,0.0,1.0210188773801167E7,,,true,,34,,,0.0,,148946399,15,,14,false,,,,,false,,4926240
97544,1,gt06,2025-04-30T03:13:21Z,2025-04-30T03:13:15Z,2025-04-30T03:13:15Z,true,21.220099444444443,81.65001333333333,0.0,4.31966,131.0,,0.0,1.0210269256997792E7,,,true,,34,,,80.48319662540104,,148950399,15,,2,false,,,,,true,,4926320
97545,1,gt06,2025-04-30T03:13:22Z,2025-04-30T03:13:16Z,2025-04-30T03:13:16Z,true,21.22008,81.65003444444444,0.0,5.93953,133.0,,0.0,1.0210272336702429E7,,,true,,34,,,3.079704636315985,,148951399,15,,2,false,,,,,true,,4926323
97546,1,gt06,2025-04-30T03:13:32Z,2025-04-30T03:13:26Z,2025-04-30T03:13:26Z,true,21.219784444444443,81.65051166666667,0.0,17.8186,120.0,,0.0,1.0210331791989634E7,,,true,,34,,,59.45528720434689,,148961399,15,,0,false,,,,,true,,4926382
97547,1,gt06,2025-04-30T03:13:42Z,2025-04-30T03:13:42Z,2025-04-30T03:13:26Z,true,21.219784444444443,81.65051166666667,0.0,17.8186,120.0,,0.0,1.0210331791989634E7,,,true,4,19,,true,0.0,,148977466,,,,,,,100,70,true,false,
97548,1,gt06,2025-04-30T03:13:43Z,2025-04-30T03:13:36Z,2025-04-30T03:13:36Z,true,21.219394444444447,81.65118333333334,0.0,6.47948,121.0,,0.0,1.0210413907447547E7,,,true,,34,,,82.11545791254673,,148971399,15,,0,false,,,,,true,,4926464
97549,1,gt06,2025-04-30T03:13:52Z,2025-04-30T03:13:46Z,2025-04-30T03:13:46Z,true,21.219162777777775,81.65157833333333,0.0,12.419,122.0,,0.0,1.0210462335300159E7,,,true,,34,,,48.42785261235115,,148981399,15,,0,false,,,,,true,,4926512
97550,1,gt06,2025-04-30T03:14:03Z,2025-04-30T03:13:56Z,2025-04-30T03:13:56Z,true,21.218733333333333,81.652335,0.0,16.1987,122.0,,0.0,1.0210554264327018E7,,,true,,34,,,91.92902685880628,,148991399,15,,0,false,,,,,true,,4926603
97551,1,gt06,2025-04-30T03:14:12Z,2025-04-30T03:14:06Z,2025-04-30T03:14:06Z,true,21.218237222222225,81.65316444444444,0.0,21.5983,122.0,,0.0,1.0210656532114094E7,,,true,,34,,,102.26778707703265,,149001399,15,,0,false,,,,,true,,4926705
97552,1,gt06,2025-04-30T03:14:22Z,2025-04-30T03:14:16Z,2025-04-30T03:14:16Z,true,21.217734444444446,81.65402944444445,0.0,15.6588,122.0,,0.0,1.0210762315209953E7,,,true,,34,,,105.78309585828558,,149011399,15,,0,false,,,,,true,,4926810
97553,1,gt06,2025-04-30T03:14:33Z,2025-04-30T03:14:26Z,2025-04-30T03:14:26Z,true,21.21749833333333,81.65444444444445,0.0,8.09935,119.0,,0.0,1.0210812768302195E7,,,true,,34,,,50.45309224146555,,149021399,15,,0,false,,,,,true,,4926860
97554,1,gt06,2025-04-30T03:14:42Z,2025-04-30T03:14:42Z,2025-04-30T03:14:26Z,true,21.21749833333333,81.65444444444445,0.0,8.09935,119.0,,0.0,1.0210812768302195E7,,,,,,,,0.0,,149021399,,,,,14.14,,,,true,,
97555,1,gt06,2025-04-30T03:14:43Z,2025-04-30T03:14:43Z,2025-04-30T03:14:26Z,true,21.21749833333333,81.65444444444445,0.0,8.09935,119.0,,0.0,1.0210812768302195E7,,,true,4,19,,true,0.0,,149021399,,,,,,,100,70,true,false,
97556,1,gt06,2025-04-30T03:14:44Z,2025-04-30T03:14:36Z,2025-04-30T03:14:36Z,true,21.217175555555556,81.65499722222222,0.0,16.7387,121.0,,0.0,1.0210880456336046E7,,,true,,34,,,67.68803385056013,,149014212,15,,0,false,,,,,true,,4926927
97557,1,gt06,2025-04-30T03:14:53Z,2025-04-30T03:14:46Z,2025-04-30T03:14:46Z,true,21.216655555555555,81.655885,0.0,23.2182,121.0,,0.0,1.0210989260777384E7,,,true,,34,,,108.8044413375406,,149024212,15,,0,false,,,,,true,,4927035
97558,1,gt06,2025-04-30T03:15:02Z,2025-04-30T03:14:56Z,2025-04-30T03:14:56Z,true,21.216107777777776,81.6568411111111,0.0,18.8985,122.0,,0.0,1.0211105720722346E7,,,true,,34,,,116.45994496072151,,149034212,15,,0,false,,,,,true,,4927151
97559,1,gt06,2025-04-30T03:15:12Z,2025-04-30T03:15:06Z,2025-04-30T03:15:06Z,true,21.215868333333336,81.65726611111111,0.0,8.09935,122.0,,0.0,1.0211157253819136E7,,,true,,34,,,51.53309679013604,,149044212,15,,0,false,,,,,true,,4927202
97560,1,gt06,2025-04-30T03:15:23Z,2025-04-30T03:15:16Z,2025-04-30T03:15:16Z,true,21.215542777777777,81.65780833333334,0.0,14.5788,121.0,,0.0,1.0211224183526715E7,,,true,,34,,,66.92970757954112,,149054212,15,,0,false,,,,,true,,4927268
97561,1,gt06,2025-04-30T03:15:32Z,2025-04-30T03:15:26Z,2025-04-30T03:15:26Z,true,21.21512888888889,81.65851555555555,0.0,17.8186,121.0,,0.0,1.0211310839116605E7,,,true,,34,,,86.65558988885176,,149064212,15,,0,false,,,,,true,,4927354
97562,1,gt06,2025-04-30T03:15:42Z,2025-04-30T03:15:36Z,2025-04-30T03:15:36Z,true,21.214848333333332,81.6589911111111,0.0,7.01944,119.0,,0.0,1.021136924208258E7,,,true,,34,,,58.402965975179136,,149074212,15,,0,false,,,,,true,,4927412
97563,1,gt06,2025-04-30T03:15:43Z,2025-04-30T03:15:43Z,2025-04-30T03:15:36Z,true,21.214848333333332,81.6589911111111,0.0,7.01944,119.0,,0.0,1.021136924208258E7,,,true,4,19,,true,0.0,,149081157,,,,,,,100,70,true,false,
97564,1,gt06,2025-04-30T03:15:53Z,2025-04-30T03:15:46Z,2025-04-30T03:15:46Z,true,21.214560555555554,81.65949166666667,0.0,13.4989,120.0,,0.0,1.0211430271440623E7,,,true,,34,,,61.02935804270396,,149084212,15,,0,false,,,,,true,,4927473
97565,1,gt06,2025-04-30T03:16:02Z,2025-04-30T03:15:59Z,2025-04-30T03:15:59Z,true,21.214560555555554,81.65949166666667,0.0,0.0,120.0,,0.0,1.0211430271440623E7,,,true,,34,,,0.0,,149097212,15,,14,false,,,,,false,,4927473
97566,1,gt06,2025-04-30T03:16:12Z,2025-04-30T03:16:08Z,2025-04-30T03:16:08Z,true,21.214560555555554,81.65949166666667,0.0,0.0,120.0,,0.0,1.0211430271440623E7,,,true,,34,,,0.0,,149106212,15,,14,false,,,,,false,,4927473
97568,1,gt06,2025-04-30T03:16:22Z,2025-04-30T03:16:19Z,2025-04-30T03:16:19Z,true,21.214560555555554,81.65949166666667,0.0,0.0,120.0,,0.0,1.0211430271440623E7,,,true,,34,,,0.0,,149117212,15,,14,false,,,,,false,,4927473
97569,1,gt06,2025-04-30T03:16:32Z,2025-04-30T03:16:28Z,2025-04-30T03:16:28Z,true,21.214560555555554,81.65949166666667,0.0,0.0,120.0,,0.0,1.0211430271440623E7,,,true,,34,,,0.0,,149126212,15,,14,false,,,,,false,,4927473
97570,1,gt06,2025-04-30T03:16:42Z,2025-04-30T03:16:42Z,2025-04-30T03:16:28Z,true,21.214560555555554,81.65949166666667,0.0,0.0,120.0,,0.0,1.0211430271440623E7,,,true,4,19,,true,0.0,,149140269,,,,,,,100,70,false,false,
97571,1,gt06,2025-04-30T03:16:43Z,2025-04-30T03:16:36Z,2025-04-30T03:16:36Z,true,21.21428722222222,81.66004722222222,0.0,5.93953,123.0,,0.0,1.0211495461226448E7,,,true,,34,,,65.18978582576845,,149134212,15,,0,false,,,,,true,,4927538
97572,1,gt06,2025-04-30T03:16:52Z,2025-04-30T03:16:46Z,2025-04-30T03:16:46Z,true,21.214016666666666,81.66048722222223,0.0,16.1987,123.0,,0.0,1.0211550160970587E7,,,true,,34,,,54.69974413924604,,149144212,15,,0,false,,,,,true,,4927592
97573,1,gt06,2025-04-30T03:17:02Z,2025-04-30T03:16:56Z,2025-04-30T03:16:56Z,true,21.213567222222224,81.66121666666666,0.0,20.5184,123.0,,0.0,1.0211640899711136E7,,,true,,34,,,90.73874054819258,,149154212,15,,0,false,,,,,true,,4927682
97574,1,gt06,2025-04-30T03:17:14Z,2025-04-30T03:17:06Z,2025-04-30T03:17:06Z,true,21.213012222222222,81.66217222222221,0.0,23.7581,122.0,,0.0,1.0211757735450327E7,,,true,,34,,,116.83573919213889,,149164212,15,,0,false,,,,,true,,4927798
97575,1,gt06,2025-04-30T03:17:22Z,2025-04-30T03:17:16Z,2025-04-30T03:17:16Z,true,21.212445555555558,81.663145,0.0,20.5184,122.0,,0.0,1.0211876775316775E7,,,true,,34,,,119.03986644799328,,149174212,15,,0,false,,,,,true,,4927917
97576,1,gt06,2025-04-30T03:17:33Z,2025-04-30T03:17:26Z,2025-04-30T03:17:26Z,true,21.211988888888886,81.66394444444445,0.0,17.2786,121.0,,0.0,1.0211974075547839E7,,,true,,34,,,97.30023106433265,,149184212,15,,0,false,,,,,true,,4928014
97577,1,gt06,2025-04-30T03:17:42Z,2025-04-30T03:17:42Z,2025-04-30T03:17:26Z,true,21.211988888888886,81.66394444444445,0.0,17.2786,121.0,,0.0,1.0211974075547839E7,,,true,4,19,,true,0.0,,149200269,,,,,,,100,70,true,false,
97578,1,gt06,2025-04-30T03:17:43Z,2025-04-30T03:17:36Z,2025-04-30T03:17:36Z,true,21.211586111111114,81.66464055555556,0.0,17.2786,121.0,,0.0,1.021205909951691E7,,,true,,34,,,85.02396907179481,,149194212,15,,0,false,,,,,true,,4928099
97579,1,gt06,2025-04-30T03:17:52Z,2025-04-30T03:17:46Z,2025-04-30T03:17:46Z,true,21.211114444444444,81.66547833333334,0.0,21.0583,121.0,,0.0,1.0212160666696116E7,,,true,,34,,,101.56717920635484,,149204212,15,,0,false,,,,,true,,4928200
97580,1,gt06,2025-04-30T03:18:03Z,2025-04-30T03:17:56Z,2025-04-30T03:17:56Z,true,21.210589444444444,81.66639111111111,0.0,17.8186,117.0,,0.0,1.0212271970998589E7,,,true,,34,,,111.30430247181692,,149214212,15,,0,false,,,,,true,,4928311
97581,1,gt06,2025-04-30T03:18:12Z,2025-04-30T03:18:06Z,2025-04-30T03:18:06Z,true,21.210455555555555,81.66665222222223,0.0,5.93953,121.0,,0.0,1.0212302897162743E7,,,true,,34,,,30.926164153427298,,149224212,15,,0,false,,,,,true,,4928341
97582,1,gt06,2025-04-30T03:18:22Z,2025-04-30T03:18:16Z,2025-04-30T03:18:16Z,true,21.21013888888889,81.66720777777778,0.0,16.1987,121.0,,0.0,1.021237047465078E7,,,true,,34,,,67.57748803653546,,149234212,15,,0,false,,,,,true,,4928408
97583,1,gt06,2025-04-30T03:18:33Z,2025-04-30T03:18:26Z,2025-04-30T03:18:26Z,true,21.209681666666665,81.66799888888889,0.0,22.1382,122.0,,0.0,1.0212467072211321E7,,,true,,34,,,96.59756054241232,,149244212,15,,0,false,,,,,true,,4928504
97584,1,gt06,2025-04-30T03:18:42Z,2025-04-30T03:18:42Z,2025-04-30T03:18:26Z,true,21.209681666666665,81.66799888888889,0.0,22.1382,122.0,,0.0,1.0212467072211321E7,,,true,4,19,,true,0.0,,149260371,,,,,,,100,70,true,false,
97585,1,gt06,2025-04-30T03:18:43Z,2025-04-30T03:18:36Z,2025-04-30T03:18:36Z,true,21.209094444444446,81.6690211111111,0.0,24.2981,121.0,,0.0,1.0212591680632167E7,,,true,,34,,,124.60842084495975,,149254212,15,,0,false,,,,,true,,4928628
97586,1,gt06,2025-04-30T03:18:53Z,2025-04-30T03:18:46Z,2025-04-30T03:18:46Z,true,21.208506666666665,81.66998666666667,0.0,21.5983,122.0,,0.0,1.021271135633071E7,,,true,,34,,,119.67569854373463,,149264212,15,,0,false,,,,,true,,4928747
97587,1,gt06,2025-04-30T03:19:02Z,2025-04-30T03:18:56Z,2025-04-30T03:18:56Z,true,21.208045555555557,81.67083777777778,0.0,11.3391,118.0,,0.0,1.0212813516625507E7,,,true,,34,,,102.1602947978639,,149274212,15,,0,false,,,,,true,,4928849
97588,1,gt06,2025-04-30T03:19:12Z,2025-04-30T03:19:06Z,2025-04-30T03:19:06Z,true,21.207987777777777,81.67093777777778,0.0,3.7797,121.0,,0.0,1.0212825726097677E7,,,true,,34,,,12.209472169455363,,149284212,15,,0,false,,,,,true,,4928861
97589,1,gt06,2025-04-30T03:19:23Z,2025-04-30T03:19:16Z,2025-04-30T03:19:16Z,true,21.207739444444446,81.67133888888888,0.0,15.1188,123.0,,0.0,1.0212875696609875E7,,,true,,34,,,49.97051219832392,,149294212,15,,0,false,,,,,true,,4928910
97590,1,gt06,2025-04-30T03:19:34Z,2025-04-30T03:19:26Z,2025-04-30T03:19:26Z,true,21.207293888888888,81.67210833333333,0.0,19.4385,120.0,,0.0,1.021296969990903E7,,,true,,34,,,94.0032991543987,,149304212,15,,0,false,,,,,true,,4929004
97591,1,gt06,2025-04-30T03:19:42Z,2025-04-30T03:19:36Z,2025-04-30T03:19:36Z,true,21.20685611111111,81.6728688888889,0.0,20.5184,122.0,,0.0,1.021306246327614E7,,,true,,34,,,92.76336711075008,,149314212,15,,0,false,,,,,true,,4929096
97592,1,gt06,2025-04-30T03:19:43Z,2025-04-30T03:19:43Z,2025-04-30T03:19:36Z,true,21.20685611111111,81.6728688888889,0.0,20.5184,122.0,,0.0,1.021306246327614E7,,,true,4,19,,true,0.0,,149320841,,,,,,,100,70,true,false,
97593,1,gt06,2025-04-30T03:19:52Z,2025-04-30T03:19:46Z,2025-04-30T03:19:46Z,true,21.206358333333334,81.67374611111111,0.0,21.5983,118.0,,0.0,1.0213169040275758E7,,,true,,34,,,106.57699961739695,,149324212,15,,0,false,,,,,true,,4929202
97594,1,gt06,2025-04-30T03:20:02Z,2025-04-30T03:19:56Z,2025-04-30T03:19:56Z,true,21.205864444444444,81.67474,0.0,22.6782,118.0,,0.0,1.0213285925286133E7,,,true,,34,,,116.88501037477475,,149334212,15,,0,false,,,,,true,,4929318
97595,1,gt06,2025-04-30T03:20:16Z,2025-04-30T03:20:06Z,2025-04-30T03:20:06Z,true,21.20540388888889,81.67570222222223,0.0,21.5983,116.0,,0.0,1.0213398178352637E7,,,true,,34,,,112.25306650466874,,149344212,15,,0,false,,,,,true,,4929430
97596,1,gt06,2025-04-30T03:20:22Z,2025-04-30T03:20:16Z,2025-04-30T03:20:16Z,true,21.20493,81.67668833333333,0.0,22.1382,117.0,,0.0,1.0213513315304663E7,,,true,,34,,,115.13695202671043,,149354212,15,,0,false,,,,,true,,4929545
97597,1,gt06,2025-04-30T03:20:34Z,2025-04-30T03:20:26Z,2025-04-30T03:20:26Z,true,21.204452777777778,81.677695,0.0,21.5983,116.0,,0.0,1.0213630520566816E7,,,true,,34,,,117.20526215220943,,149364212,15,,0,false,,,,,true,,4929662
97598,1,gt06,2025-04-30T03:20:42Z,2025-04-30T03:20:42Z,2025-04-30T03:20:26Z,true,21.204452777777778,81.677695,0.0,21.5983,116.0,,0.0,1.0213630520566816E7,,,true,4,19,,true,0.0,,149380298,,,,,,,100,70,true,false,
97599,1,gt06,2025-04-30T03:20:43Z,2025-04-30T03:20:36Z,2025-04-30T03:20:36Z,true,21.203988333333335,81.67868944444444,0.0,21.5983,117.0,,0.0,1.0213745952809744E7,,,true,,34,,,115.43224292754645,,149374212,15,,0,false,,,,,true,,4929777
97600,1,gt06,2025-04-30T03:20:53Z,2025-04-30T03:20:46Z,2025-04-30T03:20:46Z,true,21.203577777777777,81.67958777777778,0.0,13.4989,113.0,,0.0,1.021384978406657E7,,,true,,34,,,103.83125682768501,,149384212,15,,0,false,,,,,true,,4929880
97601,1,gt06,2025-04-30T03:21:02Z,2025-04-30T03:20:56Z,2025-04-30T03:20:56Z,true,21.203477222222222,81.67984055555556,0.0,4.31966,112.0,,0.0,1.0213878306514986E7,,,true,,34,,,28.522448415836802,,149394212,15,,0,false,,,,,true,,4929908
97602,1,gt06,2025-04-30T03:21:13Z,2025-04-30T03:21:06Z,2025-04-30T03:21:06Z,true,21.20324833333333,81.6803,0.0,16.7387,117.0,,0.0,1.0213932370019646E7,,,true,,34,,,54.06350465999216,,149404212,15,,0,false,,,,,true,,4929962
97604,1,gt06,2025-04-30T03:21:22Z,2025-04-30T03:21:16Z,2025-04-30T03:21:16Z,true,21.202832222222224,81.68117833333334,0.0,24.838,116.0,,0.0,1.0214034620679872E7,,,true,,34,,,102.25066022553672,,149414212,15,,0,false,,,,,true,,4930064
97605,1,gt06,2025-04-30T03:21:33Z,2025-04-30T03:21:26Z,2025-04-30T03:21:26Z,true,21.202306666666665,81.68228555555557,0.0,22.1382,117.0,,0.0,1.0214163568511946E7,,,true,,34,,,128.94783207318304,,149424212,15,,0,false,,,,,true,,4930192
97606,1,gt06,2025-04-30T03:21:42Z,2025-04-30T03:21:42Z,2025-04-30T03:21:26Z,true,21.202306666666665,81.68228555555557,0.0,22.1382,117.0,,0.0,1.0214163568511946E7,,,true,4,19,,true,0.0,,149440388,,,,,,,100,70,true,false,
97607,1,gt06,2025-04-30T03:21:43Z,2025-04-30T03:21:36Z,2025-04-30T03:21:36Z,true,21.20209611111111,81.68271666666666,0.0,4.85961,116.0,,0.0,1.0214214078704024E7,,,true,,34,,,50.51019207833358,,149434212,15,,0,false,,,,,true,,4930242
97608,1,gt06,2025-04-30T03:21:52Z,2025-04-30T03:21:46Z,2025-04-30T03:21:46Z,true,21.201899444444443,81.68318388888889,0.0,11.8791,111.0,,0.0,1.0214267282211669E7,,,true,,34,,,53.203507645812536,,149444212,15,,0,false,,,,,true,,4930295
97610,1,gt06,2025-04-30T03:22:03Z,2025-04-30T03:21:56Z,2025-04-30T03:21:56Z,true,21.20173,81.68354666666666,0.0,11.8791,117.0,,0.0,1.0214309393608078E7,,,true,,34,,,42.11139640994535,,149454212,15,,0,false,,,,,true,,4930337
97611,1,gt06,2025-04-30T03:22:12Z,2025-04-30T03:22:06Z,2025-04-30T03:22:06Z,true,21.20137611111111,81.68428944444443,0.0,19.9784,116.0,,0.0,1.0214395965290418E7,,,true,,34,,,86.57168233937041,,149464212,15,,0,false,,,,,true,,4930423
97612,1,gt06,2025-04-30T03:22:22Z,2025-04-30T03:22:16Z,2025-04-30T03:22:16Z,true,21.20088,81.68529277777778,0.0,23.2182,117.0,,0.0,1.0214513834972687E7,,,true,,34,,,117.86968226984968,,149474212,15,,0,false,,,,,true,,4930540
97613,1,gt06,2025-04-30T03:22:32Z,2025-04-30T03:22:26Z,2025-04-30T03:22:26Z,true,21.200339444444445,81.686455,0.0,28.0778,115.0,,0.0,1.0214648633132383E7,,,true,,34,,,134.79815969619344,,149484212,15,,0,false,,,,,true,,4930674
97614,1,gt06,2025-04-30T03:22:42Z,2025-04-30T03:22:36Z,2025-04-30T03:22:36Z,true,21.199885000000002,81.68749833333334,0.0,12.959,118.0,,0.0,1.0214768150626848E7,,,true,,34,,,119.51749446503938,,149494212,15,,0,false,,,,,true,,4930793
97615,1,gt06,2025-04-30T03:22:43Z,2025-04-30T03:22:43Z,2025-04-30T03:22:36Z,true,21.199885000000002,81.68749833333334,0.0,12.959,118.0,,0.0,1.0214768150626848E7,,,true,4,19,,true,0.0,,149501109,,,,,,,100,70,true,false,
97616,1,gt06,2025-04-30T03:22:52Z,2025-04-30T03:22:46Z,2025-04-30T03:22:46Z,true,21.199580555555553,81.68812833333334,0.0,18.8985,117.0,,0.0,1.0214841797041891E7,,,true,,34,,,73.6464150442102,,149504212,15,,0,false,,,,,true,,4930866
97617,1,gt06,2025-04-30T03:23:02Z,2025-04-30T03:22:56Z,2025-04-30T03:22:56Z,true,21.19910611111111,81.68905111111111,0.0,21.0583,120.0,,0.0,1.021495116626548E7,,,true,,34,,,109.3692235885758,,149514212,15,,0,false,,,,,true,,4930975
97618,1,gt06,2025-04-30T03:23:12Z,2025-04-30T03:23:06Z,2025-04-30T03:23:06Z,true,21.19857111111111,81.68994777777777,0.0,21.0583,126.0,,0.0,1.0215061653576821E7,,,true,,34,,,110.48731134093624,,149524212,15,,0,false,,,,,true,,4931085
97619,1,gt06,2025-04-30T03:23:23Z,2025-04-30T03:23:16Z,2025-04-30T03:23:16Z,true,21.197989444444445,81.69068722222222,0.0,19.4385,132.0,,0.0,1.0215162064857084E7,,,true,,34,,,100.41128026299391,,149534212,15,,0,false,,,,,true,,4931185
97620,1,gt06,2025-04-30T03:23:32Z,2025-04-30T03:23:26Z,2025-04-30T03:23:26Z,true,21.19738,81.69140055555556,0.0,17.8186,132.0,,0.0,1.0215262483310271E7,,,true,,34,,,100.41845318598735,,149544212,15,,0,false,,,,,true,,4931285
97621,1,gt06,2025-04-30T03:23:42Z,2025-04-30T03:23:36Z,2025-04-30T03:23:36Z,true,21.196739444444447,81.69215722222222,0.0,23.2182,132.0,,0.0,1.021536855873566E7,,,true,,34,,,106.07542538737135,,149554212,15,,0,false,,,,,true,,4931391
97622,1,gt06,2025-04-30T03:23:43Z,2025-04-30T03:23:43Z,2025-04-30T03:23:36Z,true,21.196739444444447,81.69215722222222,0.0,23.2182,132.0,,0.0,1.021536855873566E7,,,true,4,19,,true,0.0,,149560951,,,,,,,100,70,true,false,
97623,1,gt06,2025-04-30T03:23:52Z,2025-04-30T03:23:46Z,2025-04-30T03:23:46Z,true,21.19599722222222,81.69304333333332,0.0,24.838,132.0,,0.0,1.021549219048391E7,,,true,,34,,,123.63174824999636,,149564212,15,,0,false,,,,,true,,4931514
97624,1,gt06,2025-04-30T03:24:02Z,2025-04-30T03:23:56Z,2025-04-30T03:23:56Z,true,21.195186666666665,81.69401944444445,0.0,25.378,131.0,,0.0,1.0215627856186593E7,,,true,,34,,,135.66570268368181,,149574212,15,,0,false,,,,,true,,4931649
97625,1,gt06,2025-04-30T03:24:13Z,2025-04-30T03:24:06Z,2025-04-30T03:24:06Z,true,21.19467555555556,81.69463888888889,0.0,8.09935,128.0,,0.0,1.0215713708708014E7,,,true,,34,,,85.85252142150166,,149584212,15,,0,false,,,,,true,,4931734
97626,1,gt06,2025-04-30T03:24:24Z,2025-04-30T03:24:24Z,2025-04-30T03:24:06Z,true,21.19467555555556,81.69463888888889,0.0,8.09935,128.0,,0.0,1.0215713708708014E7,,,true,4,19,,true,0.0,,149602637,,,,,,,100,70,true,false,
97627,1,gt06,2025-04-30T03:24:25Z,2025-04-30T03:24:25Z,2025-04-30T03:24:06Z,true,21.19467555555556,81.69463888888889,0.0,8.09935,128.0,,0.0,1.0215713708708014E7,,,,,,,,0.0,,149602637,,,,,13.88,,,,true,,
97628,1,gt06,2025-04-30T03:24:26Z,2025-04-30T03:24:16Z,2025-04-30T03:24:16Z,true,21.194423333333333,81.69496944444445,0.0,11.8791,132.0,,0.0,1.0215758041398041E7,,,true,,34,,,44.3326900257144,,149602637,15,,0,false,,,,,true,,4931778
97629,1,gt06,2025-04-30T03:24:32Z,2025-04-30T03:24:28Z,2025-04-30T03:24:28Z,true,21.194423333333333,81.69496944444445,0.0,0.0,132.0,,0.0,1.0215758041398041E7,,,true,,34,,,0.0,,149614637,15,,14,false,,,,,false,,4931778
97630,1,gt06,2025-04-30T03:24:43Z,2025-04-30T03:24:36Z,2025-04-30T03:24:36Z,true,21.193236111111112,81.6963988888889,0.0,23.7581,131.0,,0.0,1.0215956731808254E7,,,true,,34,,,198.69041021296374,,149622637,15,,0,false,,,,,true,,4931976
97631,1,gt06,2025-04-30T03:24:52Z,2025-04-30T03:24:46Z,2025-04-30T03:24:46Z,true,21.192476111111112,81.69731277777778,0.0,25.9179,132.0,,0.0,1.0216083833270738E7,,,true,,34,,,127.10146248288277,,149632637,15,,0,false,,,,,true,,4932103
97632,1,gt06,2025-04-30T03:25:02Z,2025-04-30T03:24:56Z,2025-04-30T03:24:56Z,true,21.19160388888889,81.69834166666666,0.0,29.6976,130.0,,0.0,1.0216228164728273E7,,,true,,34,,,144.33145753507583,,149642637,15,,0,false,,,,,true,,4932247
97633,1,gt06,2025-04-30T03:25:13Z,2025-04-30T03:25:06Z,2025-04-30T03:25:06Z,true,21.19067666666667,81.6994688888889,0.0,30.7775,131.0,,0.0,1.0216384184473697E7,,,true,,34,,,156.0197454249361,,149652637,15,,0,false,,,,,true,,4932403
97634,1,gt06,2025-04-30T03:25:28Z,2025-04-30T03:25:16Z,2025-04-30T03:25:16Z,true,21.189715,81.70064166666667,0.0,31.8575,131.0,,0.0,1.0216546287360117E7,,,true,,34,,,162.10288641959897,,149662637,15,,0,false,,,,,true,,4932565
97635,1,gt06,2025-04-30T03:25:30Z,2025-04-30T03:25:30Z,2025-04-30T03:25:16Z,true,21.189715,81.70064166666667,0.0,31.8575,131.0,,0.0,1.0216546287360117E7,,,true,3,19,,true,0.0,,149676812,,,,,,,100,70,true,false,
97636,1,gt06,2025-04-30T03:25:33Z,2025-04-30T03:25:26Z,2025-04-30T03:25:26Z,true,21.188740555555555,81.70180055555555,0.0,28.6177,132.0,,0.0,1.0216708260293063E7,,,true,,34,,,161.9729329457691,,149672637,15,,0,false,,,,,true,,4932726
97637,1,gt06,2025-04-30T03:25:42Z,2025-04-30T03:25:36Z,2025-04-30T03:25:36Z,true,21.188118333333335,81.70255833333333,0.0,9.71923,130.0,,0.0,1.0216813064670617E7,,,true,,34,,,104.80437755323605,,149682637,15,,0,false,,,,,true,,4932830
97638,1,gt06,2025-04-30T03:25:52Z,2025-04-30T03:25:46Z,2025-04-30T03:25:46Z,true,21.187875,81.70286055555556,0.0,8.63931,131.0,,0.0,1.021685451048291E7,,,true,,34,,,41.445812292351945,,149692637,15,,0,false,,,,,true,,4932871
97639,1,gt06,2025-04-30T03:26:03Z,2025-04-30T03:25:56Z,2025-04-30T03:25:56Z,true,21.187392777777777,81.70342277777777,0.0,18.3585,132.0,,0.0,1.0216933801048994E7,,,true,,34,,,79.29056608502303,,149702637,15,,0,false,,,,,true,,4932950
97640,1,gt06,2025-04-30T03:26:12Z,2025-04-30T03:26:06Z,2025-04-30T03:26:06Z,true,21.186688333333333,81.70427777777779,0.0,24.838,131.0,,0.0,1.0217052228486868E7,,,true,,34,,,118.42743787291414,,149712637,15,,0,false,,,,,true,,4933068
97642,1,gt06,2025-04-30T03:26:23Z,2025-04-30T03:26:16Z,2025-04-30T03:26:16Z,true,21.185868333333335,81.705245,0.0,28.6177,133.0,,0.0,1.0217187916393012E7,,,true,,34,,,135.68790614429685,,149722637,15,,0,false,,,,,true,,4933203
97643,1,gt06,2025-04-30T03:26:24Z,2025-04-30T03:26:24Z,2025-04-30T03:26:16Z,true,21.185868333333335,81.705245,0.0,28.6177,133.0,,0.0,1.0217187916393012E7,,,true,4,19,,true,0.0,,149730875,,,,,,,100,70,true,false,
97644,1,gt06,2025-04-30T03:26:33Z,2025-04-30T03:26:26Z,2025-04-30T03:26:26Z,true,21.18492555555556,81.70635999999999,0.0,30.7775,129.0,,0.0,1.0217344148414806E7,,,true,,34,,,156.23202179311605,,149732637,15,,0,false,,,,,true,,4933359
97645,1,gt06,2025-04-30T03:26:42Z,2025-04-30T03:26:36Z,2025-04-30T03:26:36Z,true,21.18403888888889,81.70750666666667,0.0,27.5378,128.0,,0.0,1.0217498771027392E7,,,true,,34,,,154.62261258631773,,149742637,15,,0,false,,,,,true,,4933513
97646,1,gt06,2025-04-30T03:26:53Z,2025-04-30T03:26:46Z,2025-04-30T03:26:46Z,true,21.183270555555556,81.7085011111111,0.0,24.2981,129.0,,0.0,1.0217632823116394E7,,,true,,34,,,134.05208900117924,,149752637,15,,0,false,,,,,true,,4933647
97647,1,gt06,2025-04-30T03:27:02Z,2025-04-30T03:26:56Z,2025-04-30T03:26:56Z,true,21.18254888888889,81.70938,0.0,23.7581,134.0,,0.0,1.0217754380190166E7,,,true,,34,,,121.55707377147644,,149762637,15,,0,false,,,,,true,,4933768
97648,1,gt06,2025-04-30T03:27:12Z,2025-04-30T03:27:06Z,2025-04-30T03:27:06Z,true,21.181716111111108,81.7101661111111,0.0,23.2182,142.0,,0.0,1.0217877879918797E7,,,true,,34,,,123.49972863185982,,149772637,15,,0,false,,,,,true,,4933891
97649,1,gt06,2025-04-30T03:27:18Z,2025-04-30T03:27:12Z,2025-04-30T03:27:12Z,true,21.181291666666667,81.71056111111112,0.0,17.8186,121.0,,0.0,1.0217940437935328E7,,,true,,34,,,62.55801653166,,149778637,15,,2,false,,,,,true,,4933953
97650,1,gt06,2025-04-30T03:27:19Z,2025-04-30T03:27:13Z,2025-04-30T03:27:13Z,true,21.181251666666668,81.7106438888889,0.0,18.3585,113.0,,0.0,1.021795011543317E7,,,true,,34,,,9.677497841582893,,149779637,15,,2,false,,,,,true,,4933962
97651,1,gt06,2025-04-30T03:27:24Z,2025-04-30T03:27:17Z,2025-04-30T03:27:17Z,true,21.18107555555556,81.710975,0.0,20.5184,133.0,,0.0,1.0217989682711635E7,,,true,,34,,,39.56727846514782,,149783637,15,,2,false,,,,,true,,4934001
97652,1,gt06,2025-04-30T03:27:24Z,2025-04-30T03:27:18Z,2025-04-30T03:27:18Z,true,21.18100888888889,81.71105333333334,0.0,21.5983,133.0,,0.0,1.0218000691241542E7,,,true,,34,,,11.008529907399454,,149784637,15,,2,false,,,,,true,,4934012
97653,1,gt06,2025-04-30T03:27:25Z,2025-04-30T03:27:25Z,2025-04-30T03:27:18Z,true,21.18100888888889,81.71105333333334,0.0,21.5983,133.0,,0.0,1.0218000691241542E7,,,true,4,19,,true,0.0,,149791668,,,,,,,100,70,true,false,
97654,1,gt06,2025-04-30T03:27:34Z,2025-04-30T03:27:28Z,2025-04-30T03:27:28Z,true,21.180171666666666,81.712025,0.0,30.2376,132.0,,0.0,1.0218138017533116E7,,,true,,34,,,137.32629157453545,,149794637,15,,0,false,,,,,true,,4934149
97655,1,gt06,2025-04-30T03:27:44Z,2025-04-30T03:27:38Z,2025-04-30T03:27:38Z,true,21.17912111111111,81.7132488888889,0.0,35.0972,133.0,,0.0,1.0218310690005291E7,,,true,,34,,,172.67247217463594,,149804637,15,,0,false,,,,,true,,4934321
97656,1,gt06,2025-04-30T03:27:55Z,2025-04-30T03:27:48Z,2025-04-30T03:27:48Z,true,21.17795388888889,81.71451777777777,0.0,35.6372,133.0,,0.0,1.0218495706196025E7,,,true,,34,,,185.01619073382716,,149814637,15,,0,false,,,,,true,,4934506
97657,1,gt06,2025-04-30T03:28:04Z,2025-04-30T03:27:58Z,2025-04-30T03:27:58Z,true,21.176831111111113,81.7157961111111,0.0,34.0173,132.0,,0.0,1.0218677995077975E7,,,true,,34,,,182.2888819493041,,149824637,15,,0,false,,,,,true,,4934688
97658,1,gt06,2025-04-30T03:28:15Z,2025-04-30T03:28:08Z,2025-04-30T03:28:08Z,true,21.175735555555555,81.71707277777777,0.0,34.5572,133.0,,0.0,1.0218858093073133E7,,,true,,34,,,180.09799515805102,,149834637,15,,0,false,,,,,true,,4934868
97659,1,gt06,2025-04-30T03:28:24Z,2025-04-30T03:28:18Z,2025-04-30T03:28:18Z,true,21.174637777777775,81.71833611111111,0.0,32.9374,132.0,,0.0,1.021903734437955E7,,,true,,34,,,179.25130641580031,,149844637,15,,0,false,,,,,true,,4935047
97660,1,gt06,2025-04-30T03:28:25Z,2025-04-30T03:28:25Z,2025-04-30T03:28:18Z,true,21.174637777777775,81.71833611111111,0.0,32.9374,132.0,,0.0,1.021903734437955E7,,,true,4,19,,true,0.0,,149851766,,,,,,,100,70,true,false,
97661,1,gt06,2025-04-30T03:28:34Z,2025-04-30T03:28:28Z,2025-04-30T03:28:28Z,true,21.173654444444445,81.71947277777777,0.0,29.1577,134.0,,0.0,1.0219198292083386E7,,,true,,34,,,160.94770383679207,,149854637,15,,0,false,,,,,true,,4935207
97662,1,gt06,2025-04-30T03:28:45Z,2025-04-30T03:28:38Z,2025-04-30T03:28:38Z,true,21.172725,81.72052000000001,0.0,29.6976,133.0,,0.0,1.0219348365973637E7,,,true,,34,,,150.0738902494536,,149864637,15,,0,false,,,,,true,,4935357
97663,1,gt06,2025-04-30T03:28:54Z,2025-04-30T03:28:48Z,2025-04-30T03:28:48Z,true,21.171758333333333,81.72159888888889,0.0,29.6976,134.0,,0.0,1.0219503679866383E7,,,true,,34,,,155.31389274695118,,149874637,15,,0,false,,,,,true,,4935512
97664,1,gt06,2025-04-30T03:29:04Z,2025-04-30T03:28:58Z,2025-04-30T03:28:58Z,true,21.17094833333333,81.72250666666667,0.0,25.9179,134.0,,0.0,1.0219634103078373E7,,,true,,34,,,130.42321198965794,,149884637,15,,0,false,,,,,true,,4935642
97665,1,gt06,2025-04-30T03:29:15Z,2025-04-30T03:29:08Z,2025-04-30T03:29:08Z,true,21.170225555555557,81.72348666666667,0.0,25.9179,125.0,,0.0,1.0219763805631619E7,,,true,,34,,,129.70255324634417,,149894637,15,,0,false,,,,,true,,4935771
97666,1,gt06,2025-04-30T03:29:24Z,2025-04-30T03:29:18Z,2025-04-30T03:29:18Z,true,21.16954666666667,81.72459777777777,0.0,23.2182,119.0,,0.0,1.0219901700243609E7,,,true,,34,,,137.89461198976713,,149904637,15,,0,false,,,,,true,,4935908
97667,1,gt06,2025-04-30T03:29:25Z,2025-04-30T03:29:25Z,2025-04-30T03:29:18Z,true,21.16954666666667,81.72459777777777,0.0,23.2182,119.0,,0.0,1.0219901700243609E7,,,true,4,19,,true,0.0,,149911846,,,,,,,100,70,true,false,
97668,1,gt06,2025-04-30T03:29:34Z,2025-04-30T03:29:28Z,2025-04-30T03:29:28Z,true,21.169182222222222,81.72522388888889,0.0,15.1188,124.0,,0.0,1.021997831777057E7,,,true,,34,,,76.61752696070027,,149914637,15,,0,false,,,,,true,,4935984
97669,1,gt06,2025-04-30T03:29:44Z,2025-04-30T03:29:38Z,2025-04-30T03:29:38Z,true,21.168792777777778,81.72578388888888,0.0,10.2592,123.0,,0.0,1.0220050835490925E7,,,true,,34,,,72.51772035520796,,149924637,15,,0,false,,,,,true,,4936056
97670,1,gt06,2025-04-30T03:29:54Z,2025-04-30T03:29:50Z,2025-04-30T03:29:50Z,true,21.168792777777778,81.72578388888888,0.0,0.0,123.0,,0.0,1.0220050835490925E7,,,true,,34,,,0.0,,149936637,15,,14,false,,,,,false,,4936056
97671,1,gt06,2025-04-30T03:30:05Z,2025-04-30T03:30:01Z,2025-04-30T03:30:01Z,true,21.168792777777778,81.72578388888888,0.0,0.0,123.0,,0.0,1.0220050835490925E7,,,true,,34,,,0.0,,149947637,15,,14,false,,,,,false,,4936056
97672,1,gt06,2025-04-30T03:30:14Z,2025-04-30T03:30:11Z,2025-04-30T03:30:11Z,true,21.168792777777778,81.72578388888888,0.0,0.0,123.0,,0.0,1.0220050835490925E7,,,true,,34,,,0.0,,149957637,15,,14,false,,,,,false,,4936056
97673,1,gt06,2025-04-30T03:30:24Z,2025-04-30T03:30:18Z,2025-04-30T03:30:18Z,true,21.168436666666665,81.72625111111111,0.0,10.2592,131.0,,0.0,1.022011347633994E7,,,true,,34,,,62.64084901406543,,149964637,15,,0,false,,,,,true,,4936118
97674,1,gt06,2025-04-30T03:30:25Z,2025-04-30T03:30:25Z,2025-04-30T03:30:18Z,true,21.168436666666665,81.72625111111111,0.0,10.2592,131.0,,0.0,1.022011347633994E7,,,true,4,19,,true,0.0,,149971448,,,,,,,100,70,true,false,
97675,1,gt06,2025-04-30T03:30:35Z,2025-04-30T03:30:28Z,2025-04-30T03:30:28Z,true,21.167952777777778,81.72685277777778,0.0,17.2786,131.0,,0.0,1.022019595399465E7,,,true,,34,,,82.47765470977376,,149974637,15,,0,false,,,,,true,,4936200
97676,1,gt06,2025-04-30T03:30:44Z,2025-04-30T03:30:38Z,2025-04-30T03:30:38Z,true,21.167367777777777,81.72756944444446,0.0,13.4989,127.0,,0.0,1.0220294825842537E7,,,true,,34,,,98.87184788655249,,149984637,15,,0,false,,,,,true,,4936298
97677,1,gt06,2025-04-30T03:30:54Z,2025-04-30T03:30:48Z,2025-04-30T03:30:48Z,true,21.166908333333332,81.72814000000001,0.0,20.5184,130.0,,0.0,1.022037308097953E7,,,true,,34,,,78.25513699298376,,149994637,15,,0,false,,,,,true,,4936376
97678,1,gt06,2025-04-30T03:31:04Z,2025-04-30T03:30:58Z,2025-04-30T03:30:58Z,true,21.166166666666665,81.7290488888889,0.0,24.838,132.0,,0.0,1.022049845486393E7,,,true,,34,,,125.37388440100736,,150004637,15,,0,false,,,,,true,,4936501
97679,1,gt06,2025-04-30T03:31:14Z,2025-04-30T03:31:08Z,2025-04-30T03:31:08Z,true,21.165293333333334,81.73006500000001,0.0,28.0778,133.0,,0.0,1.0220641905437477E7,,,true,,34,,,143.45057354744358,,150014637,15,,0,false,,,,,true,,4936644
97681,1,gt06,2025-04-30T03:31:25Z,2025-04-30T03:31:21Z,2025-04-30T03:31:21Z,true,21.165293333333334,81.73006500000001,0.0,0.0,133.0,,0.0,1.0220641905437477E7,,,true,,34,,,0.0,,150027637,15,,14,false,,,,,false,,4936644
97682,1,gt06,2025-04-30T03:31:25Z,2025-04-30T03:31:25Z,2025-04-30T03:31:21Z,true,21.165293333333334,81.73006500000001,0.0,0.0,133.0,,0.0,1.0220641905437477E7,,,true,4,19,,true,0.0,,150031903,,,,,,,100,70,false,false,
97683,1,gt06,2025-04-30T03:31:34Z,2025-04-30T03:31:28Z,2025-04-30T03:31:28Z,true,21.164685555555554,81.73067611111111,0.0,9.71923,141.0,,0.0,1.0220734653118642E7,,,true,,34,,,92.74768116443248,,150034637,15,,0,false,,,,,true,,4936736
97684,1,gt06,2025-04-30T03:31:44Z,2025-04-30T03:31:38Z,2025-04-30T03:31:38Z,true,21.164179444444443,81.73109333333333,0.0,16.7387,141.0,,0.0,1.0220805717474734E7,,,true,,34,,,71.06435609204752,,150044637,15,,0,false,,,,,true,,4936807
97685,1,gt06,2025-04-30T03:31:54Z,2025-04-30T03:31:48Z,2025-04-30T03:31:48Z,true,21.163480555555555,81.73166722222221,0.0,16.7387,142.0,,0.0,1.0220903708006147E7,,,true,,34,,,97.99053141312021,,150054637,15,,0,false,,,,,true,,4936904
97687,1,gt06,2025-04-30T03:32:04Z,2025-04-30T03:31:58Z,2025-04-30T03:31:58Z,true,21.163187222222223,81.73190944444444,0.0,7.5594,141.0,,0.0,1.0220944921591807E7,,,true,,34,,,41.21358566039341,,150064637,15,,0,false,,,,,true,,4936945
97688,1,gt06,2025-04-30T03:32:14Z,2025-04-30T03:32:08Z,2025-04-30T03:32:08Z,true,21.16267888888889,81.73232666666667,0.0,17.2786,141.0,,0.0,1.0221016182495052E7,,,true,,34,,,71.26090324454586,,150074637,15,,0,false,,,,,true,,4937016
97689,1,gt06,2025-04-30T03:32:24Z,2025-04-30T03:32:18Z,2025-04-30T03:32:18Z,true,21.161797777777778,81.73305611111111,0.0,28.0778,141.0,,0.0,1.0221140097627016E7,,,true,,34,,,123.91513196361528,,150084637,15,,0,false,,,,,true,,4937139
97690,1,gt06,2025-04-30T03:32:25Z,2025-04-30T03:32:25Z,2025-04-30T03:32:18Z,true,21.161797777777778,81.73305611111111,0.0,28.0778,141.0,,0.0,1.0221140097627016E7,,,true,4,19,,true,0.0,,150092000,,,,,,,100,70,true,false,
97691,1,gt06,2025-04-30T03:32:35Z,2025-04-30T03:32:28Z,2025-04-30T03:32:28Z,true,21.160674444444442,81.73398444444445,0.0,33.4773,142.0,,0.0,1.0221297974155901E7,,,true,,34,,,157.87652888550858,,150094637,15,,0,false,,,,,true,,4937296
97692,1,gt06,2025-04-30T03:32:45Z,2025-04-30T03:32:38Z,2025-04-30T03:32:38Z,true,21.15927888888889,81.73513444444444,0.0,41.0367,142.0,,0.0,1.0221493901246322E7,,,true,,34,,,195.9270904221201,,150104637,15,,0,false,,,,,true,,4937491
97693,1,gt06,2025-04-30T03:32:54Z,2025-04-30T03:32:48Z,2025-04-30T03:32:48Z,true,21.15777111111111,81.73639166666666,0.0,39.9568,142.0,,0.0,1.0221706520677878E7,,,true,,34,,,212.61943155596728,,150114637,15,,0,false,,,,,true,,4937703
97694,1,gt06,2025-04-30T03:33:04Z,2025-04-30T03:32:58Z,2025-04-30T03:32:58Z,true,21.15632777777778,81.73757111111111,0.0,37.797,143.0,,0.0,1.0221908530649647E7,,,true,,34,,,202.00997177034824,,150124637,15,,0,false,,,,,true,,4937905
97695,1,gt06,2025-04-30T03:33:15Z,2025-04-30T03:33:08Z,2025-04-30T03:33:08Z,true,21.154935555555554,81.73874277777777,0.0,36.7171,142.0,,0.0,1.0222105546559343E7,,,true,,34,,,197.01590969516639,,150134637,15,,0,false,,,,,true,,4938101
97696,1,gt06,2025-04-30T03:33:24Z,2025-04-30T03:33:18Z,2025-04-30T03:33:18Z,true,21.153588333333335,81.73985611111111,0.0,35.6372,142.0,,0.0,1.0222294890891876E7,,,true,,34,,,189.3443325331831,,150144637,15,,0,false,,,,,true,,4938290
97697,1,gt06,2025-04-30T03:33:25Z,2025-04-30T03:33:25Z,2025-04-30T03:33:18Z,true,21.153588333333335,81.73985611111111,0.0,35.6372,142.0,,0.0,1.0222294890891876E7,,,true,4,19,,true,0.0,,150151461,,,,,,,100,70,true,false,
97698,1,gt06,2025-04-30T03:33:35Z,2025-04-30T03:33:28Z,2025-04-30T03:33:28Z,true,21.152289444444445,81.74092444444445,0.0,35.0972,142.0,,0.0,1.0222477122796835E7,,,true,,34,,,182.2319049588154,,150154637,15,,0,false,,,,,true,,4938472
97699,1,gt06,2025-04-30T03:33:45Z,2025-04-30T03:33:38Z,2025-04-30T03:33:38Z,true,21.15102166666667,81.74198888888888,0.0,34.0173,140.0,,0.0,1.022265637054516E7,,,true,,34,,,179.24774832397515,,150164637,15,,0,false,,,,,true,,4938651
97700,1,gt06,2025-04-30T03:33:54Z,2025-04-30T03:33:48Z,2025-04-30T03:33:48Z,true,21.149736666666666,81.7430488888889,0.0,34.5572,141.0,,0.0,1.0222836850468656E7,,,true,,34,,,180.47992349678813,,150174637,15,,0,false,,,,,true,,4938831
97701,1,gt06,2025-04-30T03:34:05Z,2025-04-30T03:33:58Z,2025-04-30T03:33:58Z,true,21.14857,81.74403277777778,0.0,27.5378,141.0,,0.0,1.0223002081545679E7,,,true,,34,,,165.23107702205445,,150184637,15,,0,false,,,,,true,,4938996
97702,1,gt06,2025-04-30T03:34:14Z,2025-04-30T03:34:11Z,2025-04-30T03:34:11Z,true,21.14857,81.74403277777778,0.0,0.0,141.0,,0.0,1.0223002081545679E7,,,true,,34,,,0.0,,150197637,15,,14,false,,,,,false,,4938996
97703,1,gt06,2025-04-30T03:34:24Z,2025-04-30T03:34:18Z,2025-04-30T03:34:18Z,true,21.147949444444443,81.74456555555555,0.0,9.71923,144.0,,0.0,1.0223090578372005E7,,,true,,34,,,88.49682632619667,,150204637,15,,0,false,,,,,true,,4939084
97704,1,gt06,2025-04-30T03:34:25Z,2025-04-30T03:34:25Z,2025-04-30T03:34:18Z,true,21.147949444444443,81.74456555555555,0.0,9.71923,144.0,,0.0,1.0223090578372005E7,,,true,4,19,,true,0.0,,150211720,,,,,,,100,70,true,false,
97705,1,gt06,2025-04-30T03:34:26Z,2025-04-30T03:34:26Z,2025-04-30T03:34:18Z,true,21.147949444444443,81.74456555555555,0.0,9.71923,144.0,,0.0,1.0223090578372005E7,,,,,,,,0.0,,150211720,,,,,13.88,,,,true,,
97706,1,gt06,2025-04-30T03:34:34Z,2025-04-30T03:34:28Z,2025-04-30T03:34:28Z,true,21.14747444444444,81.74495611111111,0.0,18.8985,143.0,,0.0,1.0223157212663813E7,,,true,,34,,,66.63429180740668,,150211720,15,,0,false,,,,,true,,4939150
97707,1,gt06,2025-04-30T03:34:44Z,2025-04-30T03:34:38Z,2025-04-30T03:34:38Z,true,21.146660555555556,81.74561277777778,0.0,26.9979,143.0,,0.0,1.0223270600410001E7,,,true,,34,,,113.38774618910651,,150221720,15,,0,false,,,,,true,,4939263
97708,1,gt06,2025-04-30T03:35:13Z,2025-04-30T03:34:48Z,2025-04-30T03:34:48Z,true,21.14554944444444,81.74642,0.0,31.8575,145.0,,0.0,1.0223420008263143E7,,,true,,34,,,149.4078531406936,,150231720,15,,0,false,,,,,true,,4939412
97709,1,gt06,2025-04-30T03:35:14Z,2025-04-30T03:34:58Z,2025-04-30T03:34:58Z,true,21.144242222222225,81.74733499999999,0.0,34.5572,146.0,,0.0,1.0223593791909812E7,,,true,,34,,,173.7836466684686,,150241720,15,,0,false,,,,,true,,4939585
97710,1,gt06,2025-04-30T03:35:14Z,2025-04-30T03:35:05Z,2025-04-30T03:35:05Z,true,21.14323388888889,81.74787666666666,0.0,35.0972,168.0,,0.0,1.0223719339568721E7,,,true,,34,,,125.54765890990558,,150248720,15,,2,false,,,,,true,,4939710
97711,1,gt06,2025-04-30T03:35:14Z,2025-04-30T03:35:06Z,2025-04-30T03:35:06Z,true,21.143075,81.747905,0.0,34.5572,172.0,,0.0,1.0223737269960565E7,,,true,,34,,,17.930391844900814,,150249720,15,,2,false,,,,,true,,4939727
97712,1,gt06,2025-04-30T03:35:16Z,2025-04-30T03:35:10Z,2025-04-30T03:35:10Z,true,21.142432777777778,81.74788833333334,0.0,34.5572,192.0,,0.0,1.022380878275049E7,,,true,,34,,,71.51278992306199,,150253720,15,,2,false,,,,,true,,4939798
97713,1,gt06,2025-04-30T03:35:17Z,2025-04-30T03:35:11Z,2025-04-30T03:35:11Z,true,21.142273333333332,81.74784555555556,0.0,35.0972,196.0,,0.0,1.022382707928782E7,,,true,,34,,,18.296537329503593,,150254720,15,,2,false,,,,,true,,4939816
97714,1,gt06,2025-04-30T03:35:45Z,2025-04-30T03:35:45Z,2025-04-30T03:35:11Z,true,21.142273333333332,81.74784555555556,0.0,35.0972,196.0,,0.0,1.022382707928782E7,,,true,4,19,,true,0.0,,150288632,,,,,,,100,70,true,false,
97715,1,gt06,2025-04-30T03:35:46Z,2025-04-30T03:35:46Z,2025-04-30T03:35:11Z,true,21.142273333333332,81.74784555555556,0.0,35.0972,196.0,,0.0,1.022382707928782E7,,,,,,,,0.0,,150288632,,,,,13.83,,,,true,,
97716,1,gt06,2025-04-30T03:35:46Z,2025-04-30T03:35:21Z,2025-04-30T03:35:21Z,true,21.140788333333333,81.74713777777778,0.0,35.0972,205.0,,0.0,1.0224007986591764E7,,,true,,34,,,180.90730394393196,,150288632,15,,0,false,,,,,true,,4939996
97717,1,gt06,2025-04-30T03:35:46Z,2025-04-30T03:35:31Z,2025-04-30T03:35:31Z,true,21.139305555555556,81.74637,0.0,33.4773,205.0,,0.0,1.022419129028542E7,,,true,,34,,,183.30369365640234,,150298632,15,,0,false,,,,,true,,4940179
97718,1,gt06,2025-04-30T03:35:47Z,2025-04-30T03:35:44Z,2025-04-30T03:35:44Z,true,21.139305555555556,81.74637,0.0,0.0,205.0,,0.0,1.022419129028542E7,,,true,,34,,,0.0,,150311632,15,,14,false,,,,,false,,4940179
97719,1,gt06,2025-04-30T03:36:00Z,2025-04-30T03:35:51Z,2025-04-30T03:35:51Z,true,21.13635055555556,81.7448488888889,0.0,37.257,205.0,,0.0,1.0224556189339396E7,,,true,,34,,,364.89905397669077,,150318632,15,,0,false,,,,,true,,4940543
97720,1,gt06,2025-04-30T03:36:08Z,2025-04-30T03:36:01Z,2025-04-30T03:36:01Z,true,21.13480611111111,81.7440461111111,0.0,34.0173,206.0,,0.0,1.0224747256275725E7,,,true,,34,,,191.06693632869758,,150328632,15,,0,false,,,,,true,,4940734
97722,1,gt06,2025-04-30T03:36:26Z,2025-04-30T03:36:11Z,2025-04-30T03:36:11Z,true,21.133817222222223,81.74354611111112,0.0,7.5594,203.0,,0.0,1.022486896677689E7,,,true,,34,,,121.71050116623807,,150338632,15,,0,false,,,,,true,,4940855
97723,1,gt06,2025-04-30T03:36:27Z,2025-04-30T03:36:27Z,2025-04-30T03:36:11Z,true,21.133817222222223,81.74354611111112,0.0,7.5594,203.0,,0.0,1.022486896677689E7,,,true,4,19,,true,0.0,,150354147,,,,,,,100,70,true,false,
97724,1,gt06,2025-04-30T03:36:27Z,2025-04-30T03:36:27Z,2025-04-30T03:36:11Z,true,21.133817222222223,81.74354611111112,0.0,7.5594,203.0,,0.0,1.022486896677689E7,,,,,,,,0.0,,150354147,,,,,13.88,,,,true,,
97725,1,gt06,2025-04-30T03:36:28Z,2025-04-30T03:36:11Z,2025-04-30T03:36:11Z,true,21.133817222222223,81.74354611111112,0.0,7.5594,203.0,,0.0,1.022486896677689E7,,,true,,34,,,0.0,,150354147,15,,0,false,,,,,true,,4940855
97726,1,gt06,2025-04-30T03:36:28Z,2025-04-30T03:36:24Z,2025-04-30T03:36:24Z,true,21.133817222222223,81.74354611111112,0.0,0.0,203.0,,0.0,1.022486896677689E7,,,true,,34,,,0.0,,150367147,15,,14,false,,,,,false,,4940855
97727,1,gt06,2025-04-30T03:36:37Z,2025-04-30T03:36:31Z,2025-04-30T03:36:31Z,true,21.133267777777778,81.7432461111111,0.0,18.3585,206.0,,0.0,1.022493760587208E7,,,true,,34,,,68.63909518969865,,150374147,15,,0,false,,,,,true,,4940923
97728,1,gt06,2025-04-30T03:36:47Z,2025-04-30T03:36:41Z,2025-04-30T03:36:41Z,true,21.132391666666667,81.7428011111111,0.0,25.9179,206.0,,0.0,1.0225045525845734E7,,,true,,34,,,107.9199736552742,,150384147,15,,0,false,,,,,true,,4941030
97729,1,gt06,2025-04-30T03:36:57Z,2025-04-30T03:36:51Z,2025-04-30T03:36:51Z,true,21.131213333333335,81.74218388888889,0.0,30.2376,205.0,,0.0,1.0225191516535599E7,,,true,,34,,,145.9906898652433,,150394147,15,,0,false,,,,,true,,4941175
97730,1,gt06,2025-04-30T03:37:07Z,2025-04-30T03:37:01Z,2025-04-30T03:37:01Z,true,21.129795555555557,81.7414438888889,0.0,36.7171,206.0,,0.0,1.0225367053295592E7,,,true,,34,,,175.5367599930263,,150404147,15,,0,false,,,,,true,,4941350
97731,1,gt06,2025-04-30T03:37:18Z,2025-04-30T03:37:11Z,2025-04-30T03:37:11Z,true,21.128231666666665,81.74062944444444,0.0,37.257,206.0,,0.0,1.022556059809332E7,,,true,,34,,,193.54479772846497,,150414147,15,,0,false,,,,,true,,4941543
97732,1,gt06,2025-04-30T03:37:27Z,2025-04-30T03:37:27Z,2025-04-30T03:37:11Z,true,21.128231666666665,81.74062944444444,0.0,37.257,206.0,,0.0,1.022556059809332E7,,,true,4,19,,true,0.0,,150430184,,,,,,,100,70,true,false,
97733,1,gt06,2025-04-30T03:37:28Z,2025-04-30T03:37:21Z,2025-04-30T03:37:21Z,true,21.12665388888889,81.7397988888889,0.0,37.257,205.0,,0.0,1.0225756266720997E7,,,true,,34,,,195.66862767732027,,150424147,15,,0,false,,,,,true,,4941738
97734,1,gt06,2025-04-30T03:37:37Z,2025-04-30T03:37:31Z,2025-04-30T03:37:31Z,true,21.125075555555558,81.73896333333333,0.0,37.797,207.0,,0.0,1.0225952220595075E7,,,true,,34,,,195.95387407852368,,150434147,15,,0,false,,,,,true,,4941933
97735,1,gt06,2025-04-30T03:37:48Z,2025-04-30T03:37:41Z,2025-04-30T03:37:41Z,true,21.123488888888886,81.73813722222222,0.0,38.3369,205.0,,0.0,1.0226148576663231E7,,,true,,34,,,196.35606815632963,,150444147,15,,0,false,,,,,true,,4942129
97736,1,gt06,2025-04-30T03:37:58Z,2025-04-30T03:37:51Z,2025-04-30T03:37:51Z,true,21.121945,81.73732666666666,0.0,34.5572,205.0,,0.0,1.0226339944951346E7,,,true,,34,,,191.36828811433435,,150454147,15,,0,false,,,,,true,,4942320
97737,1,gt06,2025-04-30T03:38:15Z,2025-04-30T03:38:01Z,2025-04-30T03:38:01Z,true,21.120517222222222,81.73670444444444,0.0,32.3974,197.0,,0.0,1.0226511515639728E7,,,true,,34,,,171.57068838207906,,150464147,15,,0,false,,,,,true,,4942491
97738,1,gt06,2025-04-30T03:38:18Z,2025-04-30T03:38:18Z,2025-04-30T03:38:01Z,true,21.120517222222222,81.73670444444444,0.0,32.3974,197.0,,0.0,1.0226511515639728E7,,,true,4,19,,true,0.0,,150480690,,,,,,,100,70,true,false,
97739,1,gt06,2025-04-30T03:38:18Z,2025-04-30T03:38:18Z,2025-04-30T03:38:01Z,true,21.120517222222222,81.73670444444444,0.0,32.3974,197.0,,0.0,1.0226511515639728E7,,,,,,,,0.0,,150480690,,,,,13.83,,,,true,,
97740,1,gt06,2025-04-30T03:38:19Z,2025-04-30T03:38:01Z,2025-04-30T03:38:01Z,true,21.120517222222222,81.73670444444444,0.0,32.3974,197.0,,0.0,1.0226511515639728E7,,,true,,34,,,0.0,,150480690,15,,0,false,,,,,true,,4942491
97741,1,gt06,2025-04-30T03:38:19Z,2025-04-30T03:38:11Z,2025-04-30T03:38:11Z,true,21.119038888888888,81.73637111111111,0.0,29.6976,186.0,,0.0,1.0226679683804005E7,,,true,,34,,,168.16816427685595,,150490690,15,,0,false,,,,,true,,4942659
97742,1,gt06,2025-04-30T03:38:27Z,2025-04-30T03:38:23Z,2025-04-30T03:38:23Z,true,21.119038888888888,81.73637111111111,0.0,0.0,186.0,,0.0,1.0226679683804005E7,,,true,,34,,,0.0,,150502690,15,,14,false,,,,,false,,4942659
97743,1,gt06,2025-04-30T03:39:04Z,2025-04-30T03:38:25Z,2025-04-30T03:38:25Z,true,21.11747833333333,81.73620055555556,0.0,18.8985,211.0,,0.0,1.0226854304551786E7,,,true,,34,,,174.62074778013272,,150504690,15,,2,false,,,,,true,,4942833
97744,1,gt06,2025-04-30T03:39:07Z,2025-04-30T03:39:07Z,2025-04-30T03:38:25Z,true,21.11747833333333,81.73620055555556,0.0,18.8985,211.0,,0.0,1.0226854304551786E7,,,true,4,19,,true,0.0,,150546714,,,,,,,100,70,true,false,
97745,1,gt06,2025-04-30T03:39:08Z,2025-04-30T03:39:08Z,2025-04-30T03:38:25Z,true,21.11747833333333,81.73620055555556,0.0,18.8985,211.0,,0.0,1.0226854304551786E7,,,,,,,,0.0,,150546714,,,,,13.83,,,,true,,
97746,1,gt06,2025-04-30T03:39:09Z,2025-04-30T03:38:25Z,2025-04-30T03:38:25Z,true,21.11747833333333,81.73620055555556,0.0,18.8985,211.0,,0.0,1.0226854304551786E7,,,true,,34,,,0.0,,150546714,15,,2,false,,,,,true,,4942833
97747,1,gt06,2025-04-30T03:39:09Z,2025-04-30T03:38:26Z,2025-04-30T03:38:26Z,true,21.11740277777778,81.73615111111111,0.0,18.3585,212.0,,0.0,1.0226864158723028E7,,,true,,34,,,9.854171243320744,,150547714,15,,2,false,,,,,true,,4942842
97748,1,gt06,2025-04-30T03:39:09Z,2025-04-30T03:38:29Z,2025-04-30T03:38:29Z,true,21.117182777777774,81.73603722222222,0.0,14.5788,192.0,,0.0,1.0226891355119985E7,,,true,,34,,,27.19639695535997,,150550714,15,,2,false,,,,,true,,4942869
97749,1,gt06,2025-04-30T03:39:09Z,2025-04-30T03:38:30Z,2025-04-30T03:38:30Z,true,21.117115555555557,81.73603,0.0,14.0389,179.0,,0.0,1.0226898875752477E7,,,true,,34,,,7.520632491562998,,150551714,15,,2,false,,,,,true,,4942876
97750,1,gt06,2025-04-30T03:39:09Z,2025-04-30T03:38:33Z,2025-04-30T03:38:33Z,true,21.116937222222223,81.7360738888889,0.0,12.959,155.0,,0.0,1.022691924417516E7,,,true,,34,,,20.368422682814604,,150554714,15,,2,false,,,,,true,,4942896
97751,1,gt06,2025-04-30T03:39:09Z,2025-04-30T03:38:34Z,2025-04-30T03:38:34Z,true,21.11687722222222,81.73610222222223,0.0,14.5788,155.0,,0.0,1.0226926542677315E7,,,true,,34,,,7.29850215446797,,150555714,15,,2,false,,,,,true,,4942903
97752,1,gt06,2025-04-30T03:39:09Z,2025-04-30T03:38:44Z,2025-04-30T03:38:44Z,true,21.115988333333334,81.73651944444445,0.0,24.2981,156.0,,0.0,1.0227034563009633E7,,,true,,34,,,108.02033231721337,,150565714,15,,0,false,,,,,true,,4943010
97753,1,gt06,2025-04-30T03:39:09Z,2025-04-30T03:38:54Z,2025-04-30T03:38:54Z,true,21.114838888888887,81.73708055555555,0.0,29.6976,155.0,,0.0,1.0227175161246188E7,,,true,,34,,,140.5982365543615,,150575714,15,,0,false,,,,,true,,4943150
97754,1,gt06,2025-04-30T03:39:10Z,2025-04-30T03:39:07Z,2025-04-30T03:39:07Z,true,21.114838888888887,81.73708055555555,0.0,0.0,155.0,,0.0,1.0227175161246188E7,,,true,,34,,,0.0,,150588714,15,,14,false,,,,,false,,4943150
97755,1,gt06,2025-04-30T03:39:20Z,2025-04-30T03:39:14Z,2025-04-30T03:39:14Z,true,21.112140555555555,81.73843444444444,0.0,34.5572,154.0,,0.0,1.0227506814375661E7,,,true,,34,,,331.65312947257684,,150595714,15,,0,false,,,,,true,,4943481
97756,1,gt06,2025-04-30T03:39:30Z,2025-04-30T03:39:24Z,2025-04-30T03:39:24Z,true,21.110586666666666,81.73922222222221,0.0,38.3369,154.0,,0.0,1.0227698162648626E7,,,true,,34,,,191.34827296474506,,150605714,15,,0,false,,,,,true,,4943672
97757,1,gt06,2025-04-30T03:39:41Z,2025-04-30T03:39:34Z,2025-04-30T03:39:34Z,true,21.108976666666667,81.74003944444443,0.0,37.797,154.0,,0.0,1.022789646523649E7,,,true,,34,,,198.30258786502523,,150615714,15,,0,false,,,,,true,,4943870
97758,1,gt06,2025-04-30T03:39:50Z,2025-04-30T03:39:44Z,2025-04-30T03:39:44Z,true,21.107398333333332,81.74083611111112,0.0,37.257,154.0,,0.0,1.0228090669104988E7,,,true,,34,,,194.20386849778677,,150625714,15,,0,false,,,,,true,,4944064
97759,1,gt06,2025-04-30T03:40:00Z,2025-04-30T03:39:54Z,2025-04-30T03:39:54Z,true,21.105824444444444,81.74164777777777,0.0,37.257,154.0,,0.0,1.022828509612833E7,,,true,,34,,,194.42702334114696,,150635714,15,,0,false,,,,,true,,4944258
97760,1,gt06,2025-04-30T03:40:08Z,2025-04-30T03:40:08Z,2025-04-30T03:39:54Z,true,21.105824444444444,81.74164777777777,0.0,37.257,154.0,,0.0,1.022828509612833E7,,,true,4,19,,true,0.0,,150649238,,,,,,,100,70,true,false,
97761,1,gt06,2025-04-30T03:40:10Z,2025-04-30T03:40:04Z,2025-04-30T03:40:04Z,true,21.104262777777777,81.74244166666666,0.0,36.7171,155.0,,0.0,1.0228477500038156E7,,,true,,34,,,192.40390982746084,,150645714,15,,0,false,,,,,true,,4944450
97762,1,gt06,2025-04-30T03:40:20Z,2025-04-30T03:40:14Z,2025-04-30T03:40:14Z,true,21.10274944444444,81.74320833333333,0.0,34.5572,154.0,,0.0,1.0228663831599925E7,,,true,,34,,,186.33156176809163,,150655714,15,,0,false,,,,,true,,4944636
97763,1,gt06,2025-04-30T03:40:31Z,2025-04-30T03:40:24Z,2025-04-30T03:40:24Z,true,21.101669444444447,81.74377333333334,0.0,15.6588,155.0,,0.0,1.0228797611782217E7,,,true,,34,,,133.78018229302924,,150665714,15,,0,false,,,,,true,,4944769
97764,1,gt06,2025-04-30T03:40:40Z,2025-04-30T03:40:37Z,2025-04-30T03:40:37Z,true,21.101669444444447,81.74377333333334,0.0,0.0,155.0,,0.0,1.0228797611782217E7,,,true,,34,,,0.0,,150678714,15,,14,false,,,,,false,,4944769
97765,1,gt06,2025-04-30T03:40:50Z,2025-04-30T03:40:46Z,2025-04-30T03:40:46Z,true,21.101669444444447,81.74377333333334,0.0,0.0,155.0,,0.0,1.0228797611782217E7,,,true,,34,,,0.0,,150687714,15,,14,false,,,,,false,,4944769
97766,1,gt06,2025-04-30T03:41:01Z,2025-04-30T03:40:57Z,2025-04-30T03:40:57Z,true,21.101669444444447,81.74377333333334,0.0,0.0,155.0,,0.0,1.0228797611782217E7,,,true,,34,,,0.0,,150698714,15,,14,false,,,,,false,,4944769
97767,1,gt06,2025-04-30T03:41:08Z,2025-04-30T03:41:08Z,2025-04-30T03:40:57Z,true,21.101669444444447,81.74377333333334,0.0,0.0,155.0,,0.0,1.0228797611782217E7,,,true,4,19,,true,0.0,,150709235,,,,,,,100,70,false,false,
97768,1,gt06,2025-04-30T03:41:11Z,2025-04-30T03:41:04Z,2025-04-30T03:41:04Z,true,21.100985555555557,81.74412666666666,0.0,12.959,155.0,,0.0,1.022888212424348E7,,,true,,34,,,84.51246126265292,,150705714,15,,0,false,,,,,true,,4944853
97770,1,gt06,2025-04-30T03:41:20Z,2025-04-30T03:41:14Z,2025-04-30T03:41:14Z,true,21.10019611111111,81.74452333333333,0.0,22.6782,154.0,,0.0,1.0228979181460213E7,,,true,,34,,,97.05721673282271,,150715714,15,,0,false,,,,,true,,4944950
97771,1,gt06,2025-04-30T03:41:30Z,2025-04-30T03:41:24Z,2025-04-30T03:41:24Z,true,21.099061111111112,81.74509833333335,0.0,27.5378,154.0,,0.0,1.0229118930797953E7,,,true,,34,,,139.74933773977546,,150725714,15,,0,false,,,,,true,,4945089
97772,1,gt06,2025-04-30T03:41:40Z,2025-04-30T03:41:34Z,2025-04-30T03:41:34Z,true,21.09776111111111,81.74575888888889,0.0,33.4773,153.0,,0.0,1.0229279083682712E7,,,true,,34,,,160.152884759186,,150735714,15,,0,false,,,,,true,,4945249
97773,1,gt06,2025-04-30T03:41:51Z,2025-04-30T03:41:44Z,2025-04-30T03:41:44Z,true,21.096297777777778,81.74651666666666,0.0,35.6372,154.0,,0.0,1.0229459996627245E7,,,true,,34,,,180.9129445337335,,150745714,15,,0,false,,,,,true,,4945429
97775,1,gt06,2025-04-30T03:42:00Z,2025-04-30T03:41:54Z,2025-04-30T03:41:54Z,true,21.094771666666666,81.74725222222223,0.0,34.5572,154.0,,0.0,1.022964626868653E7,,,true,,34,,,186.27205928385507,,150755714,15,,0,false,,,,,true,,4945615
97776,1,gt06,2025-04-30T03:42:08Z,2025-04-30T03:42:08Z,2025-04-30T03:41:54Z,true,21.094771666666666,81.74725222222223,0.0,34.5572,154.0,,0.0,1.022964626868653E7,,,true,4,19,,true,0.0,,150769357,,,,,,,100,70,true,false,
97777,1,gt06,2025-04-30T03:42:10Z,2025-04-30T03:42:04Z,2025-04-30T03:42:04Z,true,21.093459444444445,81.74788666666667,0.0,28.0778,155.0,,0.0,1.022980651884671E7,,,true,,34,,,160.2501601802782,,150765714,15,,0,false,,,,,true,,4945775
97778,1,gt06,2025-04-30T03:42:21Z,2025-04-30T03:42:14Z,2025-04-30T03:42:14Z,true,21.092345555555557,81.74845166666665,0.0,26.9979,154.0,,0.0,1.0229943700831676E7,,,true,,34,,,137.1819849661687,,150775714,15,,0,false,,,,,true,,4945912
97779,1,gt06,2025-04-30T03:42:30Z,2025-04-30T03:42:24Z,2025-04-30T03:42:24Z,true,21.091220555555555,81.74901777777778,0.0,25.378,155.0,,0.0,1.0230082051028816E7,,,true,,34,,,138.35019714029082,,150785714,15,,0,false,,,,,true,,4946050
97780,1,gt06,2025-04-30T03:42:40Z,2025-04-30T03:42:34Z,2025-04-30T03:42:34Z,true,21.090117777777778,81.74960222222224,0.0,29.6976,149.0,,0.0,1.0230218999527562E7,,,true,,34,,,136.94849874556544,,150795714,15,,0,false,,,,,true,,4946186
97781,1,gt06,2025-04-30T03:42:57Z,2025-04-30T03:42:57Z,2025-04-30T03:42:34Z,true,21.090117777777778,81.74960222222224,0.0,29.6976,149.0,,0.0,1.0230218999527562E7,,,true,4,19,,true,0.0,,150818450,,,,,,,100,70,true,false,
97782,1,gt06,2025-04-30T03:42:57Z,2025-04-30T03:42:57Z,2025-04-30T03:42:34Z,true,21.090117777777778,81.74960222222224,0.0,29.6976,149.0,,0.0,1.0230218999527562E7,,,,,,,,0.0,,150818450,,,,,13.83,,,,true,,
97783,1,gt06,2025-04-30T03:42:58Z,2025-04-30T03:42:44Z,2025-04-30T03:42:44Z,true,21.08885888888889,81.75029444444445,0.0,24.2981,153.0,,0.0,1.0230376505094681E7,,,true,,34,,,157.50556711842748,,150818450,15,,0,false,,,,,true,,4946343
97784,1,gt06,2025-04-30T03:43:00Z,2025-04-30T03:42:57Z,2025-04-30T03:42:57Z,true,21.08885888888889,81.75029444444445,0.0,0.0,153.0,,0.0,1.0230376505094681E7,,,true,,34,,,0.0,,150831450,15,,14,false,,,,,false,,4946343
97785,1,gt06,2025-04-30T03:43:23Z,2025-04-30T03:43:07Z,2025-04-30T03:43:07Z,true,21.08885888888889,81.75029444444445,0.0,0.0,153.0,,0.0,1.0230376505094681E7,,,true,,34,,,0.0,,150841450,15,,14,false,,,,,false,,4946343
97786,1,gt06,2025-04-30T03:43:26Z,2025-04-30T03:43:26Z,2025-04-30T03:43:07Z,true,21.08885888888889,81.75029444444445,0.0,0.0,153.0,,0.0,1.0230376505094681E7,,,true,4,19,,true,0.0,,150860130,,,,,,,100,70,false,false,
97787,1,gt06,2025-04-30T03:43:29Z,2025-04-30T03:43:29Z,2025-04-30T03:43:07Z,true,21.08885888888889,81.75029444444445,0.0,0.0,153.0,,0.0,1.0230376505094681E7,,,,,,,,0.0,,150860130,,,,,13.93,,,,false,,
97788,1,gt06,2025-04-30T03:43:30Z,2025-04-30T03:43:07Z,2025-04-30T03:43:07Z,true,21.08885888888889,81.75029444444445,0.0,0.0,153.0,,0.0,1.0230376505094681E7,,,true,,34,,,0.0,,150860130,15,,14,false,,,,,false,,4946343
97789,1,gt06,2025-04-30T03:43:30Z,2025-04-30T03:43:17Z,2025-04-30T03:43:17Z,true,21.08885888888889,81.75029444444445,0.0,0.0,153.0,,0.0,1.0230376505094681E7,,,true,,34,,,0.0,,150870130,15,,14,false,,,,,false,,4946343
97790,1,gt06,2025-04-30T03:43:30Z,2025-04-30T03:43:26Z,2025-04-30T03:43:26Z,true,21.08885888888889,81.75029444444445,0.0,0.0,153.0,,0.0,1.0230376505094681E7,,,true,,34,,,0.0,,150879130,15,,14,false,,,,,false,,4946343
97791,1,gt06,2025-04-30T03:43:41Z,2025-04-30T03:43:37Z,2025-04-30T03:43:37Z,true,21.08885888888889,81.75029444444445,0.0,0.0,153.0,,0.0,1.0230376505094681E7,,,true,,34,,,0.0,,150890130,15,,14,false,,,,,false,,4946343
97792,1,gt06,2025-04-30T03:43:55Z,2025-04-30T03:43:44Z,2025-04-30T03:43:44Z,true,21.08823222222222,81.75062444444444,0.0,8.63931,154.0,,0.0,1.0230454230699059E7,,,true,,34,,,77.72560437709556,,150897130,15,,0,false,,,,,true,,4946420
97793,1,gt06,2025-04-30T03:44:00Z,2025-04-30T03:43:54Z,2025-04-30T03:43:54Z,true,21.087604444444445,81.75093888888888,0.0,18.3585,153.0,,0.0,1.023053136958304E7,,,true,,34,,,77.13888398171753,,150907130,15,,0,false,,,,,true,,4946497
97794,1,gt06,2025-04-30T03:44:14Z,2025-04-30T03:44:14Z,2025-04-30T03:43:54Z,true,21.087604444444445,81.75093888888888,0.0,18.3585,153.0,,0.0,1.023053136958304E7,,,true,4,19,,true,0.0,,150927397,,,,,,,100,70,true,false,
97795,1,gt06,2025-04-30T03:44:15Z,2025-04-30T03:44:15Z,2025-04-30T03:43:54Z,true,21.087604444444445,81.75093888888888,0.0,18.3585,153.0,,0.0,1.023053136958304E7,,,,,,,,0.0,,150927397,,,,,13.83,,,,true,,
97796,1,gt06,2025-04-30T03:44:16Z,2025-04-30T03:44:04Z,2025-04-30T03:44:04Z,true,21.08664,81.75144555555556,0.0,26.9979,154.0,,0.0,1.0230650934892518E7,,,true,,34,,,119.56530947800127,,150927397,15,,0,false,,,,,true,,4946616
97797,1,gt06,2025-04-30T03:44:21Z,2025-04-30T03:44:17Z,2025-04-30T03:44:17Z,true,21.08664,81.75144555555556,0.0,0.0,154.0,,0.0,1.0230650934892518E7,,,true,,34,,,0.0,,150940397,15,,14,false,,,,,false,,4946616
97798,1,gt06,2025-04-30T03:44:25Z,2025-04-30T03:44:18Z,2025-04-30T03:44:18Z,true,21.084894444444444,81.75203499999999,0.0,25.9179,173.0,,0.0,1.0230854665949775E7,,,true,,34,,,203.73105725728388,,150941397,15,,2,false,,,,,true,,4946819
97799,1,gt06,2025-04-30T03:44:27Z,2025-04-30T03:44:19Z,2025-04-30T03:44:19Z,true,21.08478388888889,81.75204666666666,0.0,21.5983,175.0,,0.0,1.0230867032451233E7,,,true,,34,,,12.366501458572664,,150942397,15,,2,false,,,,,true,,4946831
97800,1,gt06,2025-04-30T03:44:45Z,2025-04-30T03:44:29Z,2025-04-30T03:44:29Z,true,21.083970555555556,81.75205777777778,0.0,8.09935,179.0,,0.0,1.0230957579658723E7,,,true,,34,,,90.54720748965819,,150952397,15,,0,false,,,,,true,,4946921
97801,1,gt06,2025-04-30T03:44:54Z,2025-04-30T03:44:54Z,2025-04-30T03:44:29Z,true,21.083970555555556,81.75205777777778,0.0,8.09935,179.0,,0.0,1.0230957579658723E7,,,true,4,19,,true,0.0,,150977209,,,,,,,100,70,true,false,
97802,1,gt06,2025-04-30T03:44:55Z,2025-04-30T03:44:55Z,2025-04-30T03:44:29Z,true,21.083970555555556,81.75205777777778,0.0,8.09935,179.0,,0.0,1.0230957579658723E7,,,,,,,,0.0,,150977209,,,,,13.83,,,,true,,
97803,1,gt06,2025-04-30T03:44:56Z,2025-04-30T03:44:29Z,2025-04-30T03:44:29Z,true,21.083970555555556,81.75205777777778,0.0,8.09935,179.0,,0.0,1.0230957579658723E7,,,true,,34,,,0.0,,150977209,15,,0,false,,,,,true,,4946921
97804,1,gt06,2025-04-30T03:44:56Z,2025-04-30T03:44:30Z,2025-04-30T03:44:30Z,true,21.083940555555557,81.7520538888889,0.0,4.85961,199.0,,0.0,1.0230960943582583E7,,,true,,34,,,3.363923860119773,,150978209,15,,2,false,,,,,true,,4946924
97805,1,gt06,2025-04-30T03:44:57Z,2025-04-30T03:44:53Z,2025-04-30T03:44:53Z,true,21.083940555555557,81.7520538888889,0.0,0.0,199.0,,0.0,1.0230960943582583E7,,,true,,34,,,0.0,,151001209,15,,14,false,,,,,false,,4946924
97806,1,gt06,2025-04-30T03:45:09Z,2025-04-30T03:45:00Z,2025-04-30T03:45:00Z,true,21.08272611111111,81.751875,0.0,23.2182,188.0,,0.0,1.023109740581925E7,,,true,,34,,,136.46223666629257,,151008209,15,,0,false,,,,,true,,4947060
97807,1,gt06,2025-04-30T03:45:17Z,2025-04-30T03:45:10Z,2025-04-30T03:45:10Z,true,21.08147,81.75170277777778,0.0,29.1577,186.0,,0.0,1.0231238375062402E7,,,true,,34,,,140.96924315237976,,151018209,15,,0,false,,,,,true,,4947200
97808,1,gt06,2025-04-30T03:45:30Z,2025-04-30T03:45:20Z,2025-04-30T03:45:20Z,true,21.079918333333335,81.75153166666668,0.0,36.1771,186.0,,0.0,1.0231412017789427E7,,,true,,34,,,173.64272702484138,,151028209,15,,0,false,,,,,true,,4947373
97809,1,gt06,2025-04-30T03:45:32Z,2025-04-30T03:45:32Z,2025-04-30T03:45:20Z,true,21.079918333333335,81.75153166666668,0.0,36.1771,186.0,,0.0,1.0231412017789427E7,,,true,4,19,,true,0.0,,151040472,,,,,,,100,70,true,false,
97810,1,gt06,2025-04-30T03:45:33Z,2025-04-30T03:45:33Z,2025-04-30T03:45:20Z,true,21.079918333333335,81.75153166666668,0.0,36.1771,186.0,,0.0,1.0231412017789427E7,,,,,,,,0.0,,151040472,,,,,13.83,,,,true,,
97811,1,gt06,2025-04-30T03:45:34Z,2025-04-30T03:45:20Z,2025-04-30T03:45:20Z,true,21.079918333333335,81.75153166666668,0.0,36.1771,186.0,,0.0,1.0231412017789427E7,,,true,,34,,,0.0,,151040472,15,,0,false,,,,,true,,4947373
97812,1,gt06,2025-04-30T03:45:47Z,2025-04-30T03:45:33Z,2025-04-30T03:45:33Z,true,21.079918333333335,81.75153166666668,0.0,0.0,186.0,,0.0,1.0231412017789427E7,,,true,,34,,,0.0,,151053472,15,,14,false,,,,,false,,4947373
97813,1,gt06,2025-04-30T03:45:49Z,2025-04-30T03:45:40Z,2025-04-30T03:45:40Z,true,21.076542222222223,81.75139833333334,0.0,36.7171,178.0,,0.0,1.0231788099854147E7,,,true,,34,,,376.0820647201746,,151060472,15,,0,false,,,,,true,,4947749
97815,1,gt06,2025-04-30T03:46:20Z,2025-04-30T03:45:50Z,2025-04-30T03:45:50Z,true,21.074835,81.75132,0.0,36.1771,188.0,,0.0,1.0231978321066152E7,,,true,,34,,,190.2212120054337,,151070472,15,,0,false,,,,,true,,4947939
97816,1,gt06,2025-04-30T03:46:22Z,2025-04-30T03:46:22Z,2025-04-30T03:45:50Z,true,21.074835,81.75132,0.0,36.1771,188.0,,0.0,1.0231978321066152E7,,,true,4,19,,true,0.0,,151102923,,,,,,,100,70,true,false,
97817,1,gt06,2025-04-30T03:46:23Z,2025-04-30T03:46:23Z,2025-04-30T03:45:50Z,true,21.074835,81.75132,0.0,36.1771,188.0,,0.0,1.0231978321066152E7,,,,,,,,0.0,,151102923,,,,,13.780000000000001,,,,true,,
97818,1,gt06,2025-04-30T03:46:25Z,2025-04-30T03:45:50Z,2025-04-30T03:45:50Z,true,21.074835,81.75132,0.0,36.1771,188.0,,0.0,1.0231978321066152E7,,,true,,34,,,0.0,,151102923,15,,0,false,,,,,true,,4947939
97819,1,gt06,2025-04-30T03:46:25Z,2025-04-30T03:46:00Z,2025-04-30T03:46:00Z,true,21.073212222222224,81.75090055555556,0.0,34.5572,198.0,,0.0,1.0232164147753257E7,,,true,,34,,,185.82668710496827,,151112923,15,,0,false,,,,,true,,4948124
97820,1,gt06,2025-04-30T03:46:25Z,2025-04-30T03:46:10Z,2025-04-30T03:46:10Z,true,21.071660555555557,81.75040555555555,0.0,36.1771,191.0,,0.0,1.0232344369123688E7,,,true,,34,,,180.22137043087054,,151122923,15,,0,false,,,,,true,,4948304
97821,1,gt06,2025-04-30T03:46:25Z,2025-04-30T03:46:22Z,2025-04-30T03:46:22Z,true,21.071660555555557,81.75040555555555,0.0,0.0,191.0,,0.0,1.0232344369123688E7,,,true,,34,,,0.0,,151134923,15,,14,false,,,,,false,,4948304
97822,1,gt06,2025-04-30T03:46:36Z,2025-04-30T03:46:29Z,2025-04-30T03:46:29Z,true,21.068882777777777,81.75011722222222,0.0,28.0778,173.0,,0.0,1.0232655037076822E7,,,true,,34,,,310.66795313267045,,151141923,15,,2,false,,,,,true,,4948614
97823,1,gt06,2025-04-30T03:46:48Z,2025-04-30T03:46:48Z,2025-04-30T03:46:29Z,true,21.068882777777777,81.75011722222222,0.0,28.0778,173.0,,0.0,1.0232655037076822E7,,,true,4,19,,true,0.0,,151160791,,,,,,,100,70,true,false,
97824,1,gt06,2025-04-30T03:46:49Z,2025-04-30T03:46:49Z,2025-04-30T03:46:29Z,true,21.068882777777777,81.75011722222222,0.0,28.0778,173.0,,0.0,1.0232655037076822E7,,,,,,,,0.0,,151160791,,,,,13.88,,,,true,,
97825,1,gt06,2025-04-30T03:46:50Z,2025-04-30T03:46:30Z,2025-04-30T03:46:30Z,true,21.068752222222223,81.75013722222222,0.0,28.0778,171.0,,0.0,1.0232669718197566E7,,,true,,34,,,14.681120743351345,,151160791,15,,2,false,,,,,true,,4948628
97826,1,gt06,2025-04-30T03:46:50Z,2025-04-30T03:46:40Z,2025-04-30T03:46:40Z,true,21.067763888888887,81.75039833333334,0.0,14.0389,167.0,,0.0,1.023278303309009E7,,,true,,34,,,113.31489252474773,,151170791,15,,0,false,,,,,true,,4948741
97827,1,gt06,2025-04-30T03:46:51Z,2025-04-30T03:46:45Z,2025-04-30T03:46:45Z,true,21.067575,81.75039111111111,0.0,5.93953,209.0,,0.0,1.0232804073484747E7,,,true,,34,,,21.040394656951722,,151175791,15,,2,false,,,,,true,,4948762
97828,1,gt06,2025-04-30T03:46:52Z,2025-04-30T03:46:46Z,2025-04-30T03:46:46Z,true,21.067552222222222,81.75037277777777,0.0,6.47948,223.0,,0.0,1.0232807244638411E7,,,true,,34,,,3.1711536654591432,,151176791,15,,2,false,,,,,true,,4948765
97829,1,gt06,2025-04-30T03:47:07Z,2025-04-30T03:46:48Z,2025-04-30T03:46:48Z,true,21.067521666666668,81.75032222222222,0.0,5.93953,248.0,,0.0,1.0232813501590183E7,,,true,,34,,,6.256951770999572,,151178791,15,,2,false,,,,,true,,4948771
97830,1,gt06,2025-04-30T03:47:30Z,2025-04-30T03:47:30Z,2025-04-30T03:46:48Z,true,21.067521666666668,81.75032222222222,0.0,5.93953,248.0,,0.0,1.0232813501590183E7,,,true,4,19,,true,0.0,,151220806,,,,,,,100,70,true,false,
97831,1,gt06,2025-04-30T03:47:31Z,2025-04-30T03:47:31Z,2025-04-30T03:46:48Z,true,21.067521666666668,81.75032222222222,0.0,5.93953,248.0,,0.0,1.0232813501590183E7,,,,,,,,0.0,,151220806,,,,,13.88,,,,true,,
97832,1,gt06,2025-04-30T03:47:32Z,2025-04-30T03:46:48Z,2025-04-30T03:46:48Z,true,21.067521666666668,81.75032222222222,0.0,5.93953,248.0,,0.0,1.0232813501590183E7,,,true,,34,,,0.0,,151220806,15,,2,false,,,,,true,,4948771
97833,1,gt06,2025-04-30T03:47:32Z,2025-04-30T03:46:49Z,2025-04-30T03:46:49Z,true,21.067514444444445,81.75029333333333,0.0,5.39957,257.0,,0.0,1.0232816608357279E7,,,true,,34,,,3.1067670962446177,,151221806,15,,2,false,,,,,true,,4948774
97834,1,gt06,2025-04-30T03:47:32Z,2025-04-30T03:46:59Z,2025-04-30T03:46:59Z,true,21.067428333333332,81.74982722222222,0.0,14.0389,244.0,,0.0,1.0232865967117243E7,,,true,,34,,,49.35875996454646,,151231806,15,,0,false,,,,,true,,4948823
97835,1,gt06,2025-04-30T03:47:32Z,2025-04-30T03:47:01Z,2025-04-30T03:47:01Z,true,21.067336666666666,81.74970111111111,0.0,17.2786,220.0,,0.0,1.0232882572666442E7,,,true,,34,,,16.60554919957578,,151233806,15,,2,false,,,,,true,,4948839
97836,1,gt06,2025-04-30T03:47:32Z,2025-04-30T03:47:02Z,2025-04-30T03:47:02Z,true,21.067268333333335,81.74965277777778,0.0,17.8186,205.0,,0.0,1.0232891687072288E7,,,true,,34,,,9.114405845637709,,151234806,15,,2,false,,,,,true,,4948848
97837,1,gt06,2025-04-30T03:47:32Z,2025-04-30T03:47:05Z,2025-04-30T03:47:05Z,true,21.06700222222222,81.74958055555555,0.0,21.0583,187.0,,0.0,1.0232922245680353E7,,,true,,34,,,30.558608064907276,,151237806,15,,2,false,,,,,true,,4948878
97838,1,gt06,2025-04-30T03:47:32Z,2025-04-30T03:47:06Z,2025-04-30T03:47:06Z,true,21.06690166666667,81.749565,0.0,22.1382,187.0,,0.0,1.0232933555504669E7,,,true,,34,,,11.309824316158835,,151238806,15,,2,false,,,,,true,,4948889
97839,1,gt06,2025-04-30T03:47:32Z,2025-04-30T03:47:16Z,2025-04-30T03:47:16Z,true,21.065778333333334,81.74938611111112,0.0,24.838,188.0,,0.0,1.0233059977612618E7,,,true,,34,,,126.42210794919262,,151248806,15,,0,false,,,,,true,,4949015
97840,1,gt06,2025-04-30T03:47:33Z,2025-04-30T03:47:28Z,2025-04-30T03:47:28Z,true,21.065778333333334,81.74938611111112,0.0,0.0,188.0,,0.0,1.0233059977612618E7,,,true,,34,,,0.0,,151260806,15,,14,false,,,,,false,,4949015
97841,1,gt06,2025-04-30T03:48:07Z,2025-04-30T03:48:07Z,2025-04-30T03:47:28Z,true,21.065778333333334,81.74938611111112,0.0,0.0,188.0,,0.0,1.0233059977612618E7,,,true,4,19,,true,0.0,,151299852,,,,,,,100,70,false,false,
97842,1,gt06,2025-04-30T03:48:08Z,2025-04-30T03:48:08Z,2025-04-30T03:47:28Z,true,21.065778333333334,81.74938611111112,0.0,0.0,188.0,,0.0,1.0233059977612618E7,,,,,,,,0.0,,151299852,,,,,13.83,,,,false,,
97843,1,gt06,2025-04-30T03:48:09Z,2025-04-30T03:47:36Z,2025-04-30T03:47:36Z,true,21.063306666666666,81.74902222222222,0.0,24.2981,189.0,,0.0,1.0233337706815077E7,,,true,,34,,,277.72920245898354,,151299852,15,,0,false,,,,,true,,4949292
97844,1,gt06,2025-04-30T03:48:09Z,2025-04-30T03:47:46Z,2025-04-30T03:47:46Z,true,21.06224,81.7488461111111,0.0,22.1382,190.0,,0.0,1.0233457848704364E7,,,true,,34,,,120.14188928650002,,151309852,15,,0,false,,,,,true,,4949412
97845,1,gt06,2025-04-30T03:48:09Z,2025-04-30T03:47:56Z,2025-04-30T03:47:56Z,true,21.061145,81.74868666666667,0.0,24.2981,186.0,,0.0,1.0233580863755036E7,,,true,,34,,,123.01505067256852,,151319852,15,,0,false,,,,,true,,4949535
97846,1,gt06,2025-04-30T03:48:12Z,2025-04-30T03:48:09Z,2025-04-30T03:48:09Z,true,21.061145,81.74868666666667,0.0,0.0,186.0,,0.0,1.0233580863755036E7,,,true,,34,,,0.0,,151332852,15,,14,false,,,,,false,,4949535
97847,1,gt06,2025-04-30T03:48:23Z,2025-04-30T03:48:16Z,2025-04-30T03:48:16Z,true,21.059314999999998,81.74839555555556,0.0,11.3391,192.0,,0.0,1.0233786810899876E7,,,true,,34,,,205.94714484036604,,151339852,15,,0,false,,,,,true,,4949740
97848,1,gt06,2025-04-30T03:48:37Z,2025-04-30T03:48:37Z,2025-04-30T03:48:16Z,true,21.059314999999998,81.74839555555556,0.0,11.3391,192.0,,0.0,1.0233786810899876E7,,,true,4,19,,true,0.0,,151360847,,,,,,,100,70,true,false,
97849,1,gt06,2025-04-30T03:48:38Z,2025-04-30T03:48:38Z,2025-04-30T03:48:16Z,true,21.059314999999998,81.74839555555556,0.0,11.3391,192.0,,0.0,1.0233786810899876E7,,,,,,,,0.0,,151360847,,,,,13.88,,,,true,,
97850,1,gt06,2025-04-30T03:48:38Z,2025-04-30T03:48:26Z,2025-04-30T03:48:26Z,true,21.05870388888889,81.74831388888889,0.0,14.5788,185.0,,0.0,1.0233855366454253E7,,,true,,34,,,68.55555437644868,,151360847,15,,0,false,,,,,true,,4949808
97851,1,gt06,2025-04-30T03:48:42Z,2025-04-30T03:48:39Z,2025-04-30T03:48:39Z,true,21.05870388888889,81.74831388888889,0.0,0.0,185.0,,0.0,1.0233855366454253E7,,,true,,34,,,0.0,,151373847,15,,14,false,,,,,false,,4949808
97852,1,gt06,2025-04-30T03:48:52Z,2025-04-30T03:48:46Z,2025-04-30T03:48:46Z,true,21.05719277777778,81.7480738888889,0.0,19.4385,192.0,,0.0,1.023402542024267E7,,,true,,34,,,170.05378841796394,,151380847,15,,0,false,,,,,true,,4949978
97853,1,gt06,2025-04-30T03:49:04Z,2025-04-30T03:48:56Z,2025-04-30T03:48:56Z,true,21.056204444444443,81.74793722222222,0.0,18.8985,188.0,,0.0,1.0234136353309138E7,,,true,,34,,,110.93306646774474,,151390847,15,,0,false,,,,,true,,4950088
97854,1,gt06,2025-04-30T03:49:14Z,2025-04-30T03:49:06Z,2025-04-30T03:49:06Z,true,21.055456111111113,81.7478061111111,0.0,11.8791,190.0,,0.0,1.0234220763583602E7,,,true,,34,,,84.41027446528635,,151400847,15,,0,false,,,,,true,,4950172
97855,1,gt06,2025-04-30T03:49:34Z,2025-04-30T03:49:16Z,2025-04-30T03:49:16Z,true,21.054812222222225,81.74764,0.0,16.7387,200.0,,0.0,1.0234294489056775E7,,,true,,34,,,73.7254731725856,,151410847,15,,0,false,,,,,true,,4950245
97856,1,gt06,2025-04-30T03:49:36Z,2025-04-30T03:49:24Z,2025-04-30T03:49:24Z,true,21.05437333333333,81.74743611111111,0.0,9.71923,180.0,,0.0,1.0234347739905665E7,,,true,,34,,,53.250848888478366,,151418847,15,,2,false,,,,,true,,4950298
97857,1,gt06,2025-04-30T03:49:36Z,2025-04-30T03:49:25Z,2025-04-30T03:49:25Z,true,21.054328333333334,81.74744166666666,0.0,8.63931,166.0,,0.0,1.0234352782421514E7,,,true,,34,,,5.042515848886364,,151419847,15,,2,false,,,,,true,,4950303
97858,1,gt06,2025-04-30T03:49:36Z,2025-04-30T03:49:26Z,2025-04-30T03:49:26Z,true,21.054295,81.74745666666668,0.0,7.01944,147.0,,0.0,1.0234356807005305E7,,,true,,34,,,4.02458378969507,,151420847,15,,2,false,,,,,true,,4950307
97859,1,gt06,2025-04-30T03:49:36Z,2025-04-30T03:49:27Z,2025-04-30T03:49:27Z,true,21.05427333333333,81.74747055555555,0.0,4.31966,142.0,,0.0,1.0234359617573166E7,,,true,,34,,,2.8105678605183004,,151421847,15,,2,false,,,,,true,,4950309
97860,1,gt06,2025-04-30T03:49:37Z,2025-04-30T03:49:37Z,2025-04-30T03:49:27Z,true,21.05427333333333,81.74747055555555,0.0,4.31966,142.0,,0.0,1.0234359617573166E7,,,true,4,19,,true,0.0,,151432082,,,,,,,100,70,true,false,
97861,1,gt06,2025-04-30T03:49:43Z,2025-04-30T03:49:40Z,2025-04-30T03:49:40Z,true,21.05427333333333,81.74747055555555,0.0,0.0,142.0,,0.0,1.0234359617573166E7,,,true,,34,,,0.0,,151434847,15,,14,false,,,,,false,,4950309
97862,1,gt06,2025-04-30T03:49:55Z,2025-04-30T03:49:49Z,2025-04-30T03:49:49Z,true,21.05427333333333,81.74747055555555,0.0,0.0,142.0,,0.0,1.0234359617573166E7,,,true,,34,,,0.0,,151443847,15,,14,false,,,,,false,,4950309
97863,1,gt06,2025-04-30T03:50:03Z,2025-04-30T03:50:00Z,2025-04-30T03:50:00Z,true,21.05427333333333,81.74747055555555,0.0,0.0,142.0,,0.0,1.0234359617573166E7,,,true,,34,,,0.0,,151454847,15,,14,false,,,,,false,,4950309
97864,1,gt06,2025-04-30T03:50:13Z,2025-04-30T03:50:10Z,2025-04-30T03:50:10Z,true,21.05427333333333,81.74747055555555,0.0,0.0,142.0,,0.0,1.0234359617573166E7,,,true,,34,,,0.0,,151464847,15,,14,false,,,,,false,,4950309
97865,1,gt06,2025-04-30T03:50:29Z,2025-04-30T03:50:20Z,2025-04-30T03:50:20Z,true,21.05427333333333,81.74747055555555,0.0,0.0,142.0,,0.0,1.0234359617573166E7,,,true,,34,,,0.0,,151474847,15,,14,false,,,,,false,,4950309
97866,1,gt06,2025-04-30T03:50:30Z,2025-04-30T03:50:30Z,2025-04-30T03:50:20Z,true,21.05427333333333,81.74747055555555,0.0,0.0,142.0,,0.0,1.0234359617573166E7,,,true,4,19,,true,0.0,,151484876,,,,,,,100,70,false,false,
97867,1,gt06,2025-04-30T03:50:31Z,2025-04-30T03:50:31Z,2025-04-30T03:50:20Z,true,21.05427333333333,81.74747055555555,0.0,0.0,142.0,,0.0,1.0234359617573166E7,,,,,,,,0.0,,151484876,,,,,13.98,,,,false,,
97868,1,gt06,2025-04-30T03:50:32Z,2025-04-30T03:50:20Z,2025-04-30T03:50:20Z,true,21.05427333333333,81.74747055555555,0.0,0.0,142.0,,0.0,1.0234359617573166E7,,,true,,34,,,0.0,,151484876,15,,14,false,,,,,false,,4950309
97869,1,gt06,2025-04-30T03:50:33Z,2025-04-30T03:50:30Z,2025-04-30T03:50:30Z,true,21.05427333333333,81.74747055555555,0.0,0.0,142.0,,0.0,1.0234359617573166E7,,,true,,34,,,0.0,,151494876,15,,14,false,,,,,false,,4950309
97870,1,gt06,2025-04-30T03:50:45Z,2025-04-30T03:50:39Z,2025-04-30T03:50:39Z,true,21.05427333333333,81.74747055555555,0.0,0.0,142.0,,0.0,1.0234359617573166E7,,,true,,34,,,0.0,,151503876,15,,14,false,,,,,false,,4950309
97871,1,gt06,2025-04-30T03:50:54Z,2025-04-30T03:50:50Z,2025-04-30T03:50:50Z,true,21.05427333333333,81.74747055555555,0.0,0.0,142.0,,0.0,1.0234359617573166E7,,,true,,34,,,0.0,,151514876,15,,14,false,,,,,false,,4950309
97872,1,gt06,2025-04-30T03:51:03Z,2025-04-30T03:51:00Z,2025-04-30T03:51:00Z,true,21.05427333333333,81.74747055555555,0.0,0.0,142.0,,0.0,1.0234359617573166E7,,,true,,34,,,0.0,,151524876,15,,14,false,,,,,false,,4950309
97873,1,gt06,2025-04-30T03:51:17Z,2025-04-30T03:51:09Z,2025-04-30T03:51:09Z,true,21.05427333333333,81.74747055555555,0.0,0.0,142.0,,0.0,1.0234359617573166E7,,,true,,34,,,0.0,,151533876,15,,14,false,,,,,false,,4950309
97875,1,gt06,2025-04-30T03:51:24Z,2025-04-30T03:51:20Z,2025-04-30T03:51:20Z,true,21.05427333333333,81.74747055555555,0.0,0.0,142.0,,0.0,1.0234359617573166E7,,,true,,34,,,0.0,,151544876,15,,14,false,,,,,false,,4950309
97876,1,gt06,2025-04-30T03:51:32Z,2025-04-30T03:51:32Z,2025-04-30T03:51:20Z,true,21.05427333333333,81.74747055555555,0.0,0.0,142.0,,0.0,1.0234359617573166E7,,,true,4,19,,true,0.0,,151557087,,,,,,,100,70,false,false,
97877,1,gt06,2025-04-30T03:51:33Z,2025-04-30T03:51:30Z,2025-04-30T03:51:30Z,true,21.05427333333333,81.74747055555555,0.0,0.0,142.0,,0.0,1.0234359617573166E7,,,true,,34,,,0.0,,151554876,15,,14,false,,,,,false,,4950309
97878,1,gt06,2025-04-30T03:51:44Z,2025-04-30T03:51:40Z,2025-04-30T03:51:40Z,true,21.05427333333333,81.74747055555555,0.0,0.0,142.0,,0.0,1.0234359617573166E7,,,true,,34,,,0.0,,151564876,15,,14,false,,,,,false,,4950309
97879,1,gt06,2025-04-30T03:51:53Z,2025-04-30T03:51:50Z,2025-04-30T03:51:50Z,true,21.05427333333333,81.74747055555555,0.0,0.0,142.0,,0.0,1.0234359617573166E7,,,true,,34,,,0.0,,151574876,15,,14,false,,,,,false,,4950309
97881,1,gt06,2025-04-30T03:52:03Z,2025-04-30T03:51:59Z,2025-04-30T03:51:59Z,true,21.05427333333333,81.74747055555555,0.0,0.0,142.0,,0.0,1.0234359617573166E7,,,true,,34,,,0.0,,151583876,15,,14,false,,,,,false,,4950309
97882,1,gt06,2025-04-30T03:52:14Z,2025-04-30T03:52:10Z,2025-04-30T03:52:10Z,true,21.05427333333333,81.74747055555555,0.0,0.0,142.0,,0.0,1.0234359617573166E7,,,true,,34,,,0.0,,151594876,15,,14,false,,,,,false,,4950309
97883,1,gt06,2025-04-30T03:52:28Z,2025-04-30T03:52:20Z,2025-04-30T03:52:20Z,true,21.05427333333333,81.74747055555555,0.0,0.0,142.0,,0.0,1.0234359617573166E7,,,true,,34,,,0.0,,151604876,15,,14,false,,,,,false,,4950309
97884,1,gt06,2025-04-30T03:52:31Z,2025-04-30T03:52:31Z,2025-04-30T03:52:20Z,true,21.05427333333333,81.74747055555555,0.0,0.0,142.0,,0.0,1.0234359617573166E7,,,true,4,19,,true,0.0,,151615527,,,,,,,100,70,false,false,
97885,1,gt06,2025-04-30T03:52:33Z,2025-04-30T03:52:29Z,2025-04-30T03:52:29Z,true,21.05427333333333,81.74747055555555,0.0,0.0,142.0,,0.0,1.0234359617573166E7,,,true,,34,,,0.0,,151613876,15,,14,false,,,,,false,,4950309
97886,1,gt06,2025-04-30T03:52:44Z,2025-04-30T03:52:40Z,2025-04-30T03:52:40Z,true,21.05427333333333,81.74747055555555,0.0,0.0,142.0,,0.0,1.0234359617573166E7,,,true,,34,,,0.0,,151624876,15,,14,false,,,,,false,,4950309
97887,1,gt06,2025-04-30T03:52:53Z,2025-04-30T03:52:49Z,2025-04-30T03:52:49Z,true,21.05427333333333,81.74747055555555,0.0,0.0,142.0,,0.0,1.0234359617573166E7,,,true,,34,,,0.0,,151633876,15,,14,false,,,,,false,,4950309
97888,1,gt06,2025-04-30T03:53:04Z,2025-04-30T03:53:00Z,2025-04-30T03:53:00Z,true,21.05427333333333,81.74747055555555,0.0,0.0,142.0,,0.0,1.0234359617573166E7,,,true,,34,,,0.0,,151644876,15,,14,false,,,,,false,,4950309
97889,1,gt06,2025-04-30T03:53:13Z,2025-04-30T03:53:10Z,2025-04-30T03:53:10Z,true,21.05427333333333,81.74747055555555,0.0,0.0,142.0,,0.0,1.0234359617573166E7,,,true,,34,,,0.0,,151654876,15,,14,false,,,,,false,,4950309
97890,1,gt06,2025-04-30T03:53:26Z,2025-04-30T03:53:19Z,2025-04-30T03:53:19Z,true,21.05427333333333,81.74747055555555,0.0,0.0,142.0,,0.0,1.0234359617573166E7,,,true,,34,,,0.0,,151663876,15,,14,false,,,,,false,,4950309
97891,1,gt06,2025-04-30T03:53:31Z,2025-04-30T03:53:31Z,2025-04-30T03:53:19Z,true,21.05427333333333,81.74747055555555,0.0,0.0,142.0,,0.0,1.0234359617573166E7,,,true,4,19,,true,0.0,,151675429,,,,,,,100,70,false,false,
97892,1,gt06,2025-04-30T03:53:34Z,2025-04-30T03:53:30Z,2025-04-30T03:53:30Z,true,21.05427333333333,81.74747055555555,0.0,0.0,142.0,,0.0,1.0234359617573166E7,,,true,,34,,,0.0,,151674876,15,,14,false,,,,,false,,4950309
97893,1,gt06,2025-04-30T03:53:43Z,2025-04-30T03:53:40Z,2025-04-30T03:53:40Z,true,21.05427333333333,81.74747055555555,0.0,0.0,142.0,,0.0,1.0234359617573166E7,,,true,,34,,,0.0,,151684876,15,,14,false,,,,,false,,4950309
97894,1,gt06,2025-04-30T03:53:53Z,2025-04-30T03:53:49Z,2025-04-30T03:53:49Z,true,21.05427333333333,81.74747055555555,0.0,0.0,142.0,,0.0,1.0234359617573166E7,,,true,,34,,,0.0,,151693876,15,,14,false,,,,,false,,4950309
97895,1,gt06,2025-04-30T03:54:04Z,2025-04-30T03:54:00Z,2025-04-30T03:54:00Z,true,21.05427333333333,81.74747055555555,0.0,0.0,142.0,,0.0,1.0234359617573166E7,,,true,,34,,,0.0,,151704876,15,,14,false,,,,,false,,4950309
97896,1,gt06,2025-04-30T03:54:16Z,2025-04-30T03:54:09Z,2025-04-30T03:54:09Z,true,21.05427333333333,81.74747055555555,0.0,0.0,142.0,,0.0,1.0234359617573166E7,,,true,,34,,,0.0,,151713876,15,,14,false,,,,,false,,4950309
97897,1,gt06,2025-04-30T03:54:24Z,2025-04-30T03:54:20Z,2025-04-30T03:54:20Z,true,21.05427333333333,81.74747055555555,0.0,0.0,142.0,,0.0,1.0234359617573166E7,,,true,,34,,,0.0,,151724876,15,,14,false,,,,,false,,4950309
97898,1,gt06,2025-04-30T03:54:30Z,2025-04-30T03:54:30Z,2025-04-30T03:54:20Z,true,21.05427333333333,81.74747055555555,0.0,0.0,142.0,,0.0,1.0234359617573166E7,,,true,4,19,,true,0.0,,151735365,,,,,,,100,70,false,false,
97899,1,gt06,2025-04-30T03:54:34Z,2025-04-30T03:54:30Z,2025-04-30T03:54:30Z,true,21.05427333333333,81.74747055555555,0.0,0.0,142.0,,0.0,1.0234359617573166E7,,,true,,34,,,0.0,,151734876,15,,14,false,,,,,false,,4950309
97900,1,gt06,2025-04-30T03:54:43Z,2025-04-30T03:54:39Z,2025-04-30T03:54:39Z,true,21.05427333333333,81.74747055555555,0.0,0.0,142.0,,0.0,1.0234359617573166E7,,,true,,34,,,0.0,,151743876,15,,14,false,,,,,false,,4950309
97901,1,gt06,2025-04-30T03:54:54Z,2025-04-30T03:54:50Z,2025-04-30T03:54:50Z,true,21.05427333333333,81.74747055555555,0.0,0.0,142.0,,0.0,1.0234359617573166E7,,,true,,34,,,0.0,,151754876,15,,14,false,,,,,false,,4950309
97902,1,gt06,2025-04-30T03:55:03Z,2025-04-30T03:55:00Z,2025-04-30T03:55:00Z,true,21.05427333333333,81.74747055555555,0.0,0.0,142.0,,0.0,1.0234359617573166E7,,,true,,34,,,0.0,,151764876,15,,14,false,,,,,false,,4950309
97903,1,gt06,2025-04-30T03:55:13Z,2025-04-30T03:55:09Z,2025-04-30T03:55:09Z,true,21.05427333333333,81.74747055555555,0.0,0.0,142.0,,0.0,1.0234359617573166E7,,,true,,34,,,0.0,,151773876,15,,14,false,,,,,false,,4950309
97904,1,gt06,2025-04-30T03:55:25Z,2025-04-30T03:55:20Z,2025-04-30T03:55:20Z,true,21.05427333333333,81.74747055555555,0.0,0.0,142.0,,0.0,1.0234359617573166E7,,,true,,34,,,0.0,,151784876,15,,14,false,,,,,false,,4950309
97905,1,gt06,2025-04-30T03:55:31Z,2025-04-30T03:55:31Z,2025-04-30T03:55:20Z,true,21.05427333333333,81.74747055555555,0.0,0.0,142.0,,0.0,1.0234359617573166E7,,,true,4,19,,true,0.0,,151795726,,,,,,,100,70,false,false,
97906,1,gt06,2025-04-30T03:55:33Z,2025-04-30T03:55:29Z,2025-04-30T03:55:29Z,true,21.05427333333333,81.74747055555555,0.0,0.0,142.0,,0.0,1.0234359617573166E7,,,true,,34,,,0.0,,151793876,15,,14,false,,,,,false,,4950309
97907,1,gt06,2025-04-30T03:55:44Z,2025-04-30T03:55:40Z,2025-04-30T03:55:40Z,true,21.05427333333333,81.74747055555555,0.0,0.0,142.0,,0.0,1.0234359617573166E7,,,true,,34,,,0.0,,151804876,15,,14,false,,,,,false,,4950309
97908,1,gt06,2025-04-30T03:55:53Z,2025-04-30T03:55:50Z,2025-04-30T03:55:50Z,true,21.05427333333333,81.74747055555555,0.0,0.0,142.0,,0.0,1.0234359617573166E7,,,true,,34,,,0.0,,151814876,15,,14,false,,,,,false,,4950309
97909,1,gt06,2025-04-30T03:56:03Z,2025-04-30T03:55:59Z,2025-04-30T03:55:59Z,true,21.05427333333333,81.74747055555555,0.0,0.0,142.0,,0.0,1.0234359617573166E7,,,true,,34,,,0.0,,151823876,15,,14,false,,,,,false,,4950309
97910,1,gt06,2025-04-30T03:56:15Z,2025-04-30T03:56:10Z,2025-04-30T03:56:10Z,true,21.05427333333333,81.74747055555555,0.0,0.0,142.0,,0.0,1.0234359617573166E7,,,true,,34,,,0.0,,151834876,15,,14,false,,,,,false,,4950309
97912,1,gt06,2025-04-30T03:56:27Z,2025-04-30T03:56:20Z,2025-04-30T03:56:20Z,true,21.05427333333333,81.74747055555555,0.0,0.0,142.0,,0.0,1.0234359617573166E7,,,true,,34,,,0.0,,151844876,15,,14,false,,,,,false,,4950309
97913,1,gt06,2025-04-30T03:56:31Z,2025-04-30T03:56:31Z,2025-04-30T03:56:20Z,true,21.05427333333333,81.74747055555555,0.0,0.0,142.0,,0.0,1.0234359617573166E7,,,true,4,19,,true,0.0,,151855387,,,,,,,100,70,false,false,
97914,1,gt06,2025-04-30T03:56:33Z,2025-04-30T03:56:29Z,2025-04-30T03:56:29Z,true,21.05427333333333,81.74747055555555,0.0,0.0,142.0,,0.0,1.0234359617573166E7,,,true,,34,,,0.0,,151853876,15,,14,false,,,,,false,,4950309
97915,1,gt06,2025-04-30T03:57:38Z,2025-04-30T03:56:40Z,2025-04-30T03:56:40Z,true,21.05427333333333,81.74747055555555,0.0,0.0,142.0,,0.0,1.0234359617573166E7,,,true,,34,,,0.0,,151864876,15,,14,false,,,,,false,,4950309
97916,1,gt06,2025-04-30T03:57:39Z,2025-04-30T03:57:39Z,2025-04-30T03:56:40Z,true,21.05427333333333,81.74747055555555,0.0,0.0,142.0,,0.0,1.0234359617573166E7,,,true,4,19,,true,0.0,,151923605,,,,,,,100,70,false,false,
97917,1,gt06,2025-04-30T03:57:40Z,2025-04-30T03:56:49Z,2025-04-30T03:56:49Z,true,21.05427333333333,81.74747055555555,0.0,0.0,142.0,,0.0,1.0234359617573166E7,,,true,,34,,,0.0,,151873876,15,,14,false,,,,,false,,4950309
97918,1,gt06,2025-04-30T03:57:40Z,2025-04-30T03:57:00Z,2025-04-30T03:57:00Z,true,21.05427333333333,81.74747055555555,0.0,0.0,142.0,,0.0,1.0234359617573166E7,,,true,,34,,,0.0,,151884876,15,,14,false,,,,,false,,4950309
97919,1,gt06,2025-04-30T03:57:40Z,2025-04-30T03:57:10Z,2025-04-30T03:57:10Z,true,21.05427333333333,81.74747055555555,0.0,0.0,142.0,,0.0,1.0234359617573166E7,,,true,,34,,,0.0,,151894876,15,,14,false,,,,,false,,4950309
97920,1,gt06,2025-04-30T03:57:40Z,2025-04-30T03:57:22Z,2025-04-30T03:57:22Z,true,21.053998333333332,81.74776333333332,0.0,3.7797,95.0,,0.0,1.0234402771778686E7,,,true,,34,,,43.15420551923675,,151906876,15,,2,false,,,,,true,,4950352
97921,1,gt06,2025-04-30T03:57:40Z,2025-04-30T03:57:23Z,2025-04-30T03:57:23Z,true,21.05399611111111,81.747785,0.0,3.7797,96.0,,0.0,1.0234405036239192E7,,,true,,34,,,2.2644605058380107,,151907876,15,,2,false,,,,,true,,4950354
97922,1,gt06,2025-04-30T03:57:40Z,2025-04-30T03:57:35Z,2025-04-30T03:57:35Z,true,21.05399611111111,81.747785,0.0,0.0,96.0,,0.0,1.0234405036239192E7,,,true,,34,,,0.0,,151919876,15,,14,false,,,,,false,,4950354
97923,1,gt06,2025-04-30T03:57:54Z,2025-04-30T03:57:54Z,2025-04-30T03:57:35Z,true,21.05399611111111,81.747785,0.0,0.0,96.0,,0.0,1.0234405036239192E7,,,true,4,19,,true,0.0,,151938668,,,,,,,100,70,false,false,
97924,1,gt06,2025-04-30T03:57:55Z,2025-04-30T03:57:55Z,2025-04-30T03:57:35Z,true,21.05399611111111,81.747785,0.0,0.0,96.0,,0.0,1.0234405036239192E7,,,,,,,,0.0,,151938668,,,,,13.93,,,,false,,
97925,1,gt06,2025-04-30T03:58:08Z,2025-04-30T03:58:08Z,2025-04-30T03:57:35Z,true,21.05399611111111,81.747785,0.0,0.0,96.0,,0.0,1.0234405036239192E7,,,true,4,19,,true,0.0,,151938668,,,,,,,100,70,false,false,
97926,1,gt06,2025-04-30T03:58:09Z,2025-04-30T03:58:09Z,2025-04-30T03:57:35Z,true,21.05399611111111,81.747785,0.0,0.0,96.0,,0.0,1.0234405036239192E7,,,,,,,,0.0,,151938668,,,,,13.93,,,,false,,
97927,1,gt06,2025-04-30T03:58:09Z,2025-04-30T03:58:09Z,2025-04-30T03:57:35Z,true,21.05399611111111,81.747785,0.0,0.0,96.0,,0.0,1.0234405036239192E7,,,,,,,,0.0,,151938668,,,,,13.88,,,,false,,
97928,1,gt06,2025-04-30T03:58:10Z,2025-04-30T03:57:43Z,2025-04-30T03:57:43Z,true,21.053976666666667,81.74808166666668,0.0,4.31966,115.0,,0.0,1.0234435932280606E7,,,true,,34,,,30.896041414172387,,151938668,15,,0,false,,,,,true,,4950384
97929,1,gt06,2025-04-30T03:58:10Z,2025-04-30T03:57:56Z,2025-04-30T03:57:56Z,true,21.053976666666667,81.74808166666668,0.0,0.0,115.0,,0.0,1.0234435932280606E7,,,true,,34,,,0.0,,151951668,15,,14,false,,,,,false,,4950384
97930,1,gt06,2025-04-30T03:58:10Z,2025-04-30T03:58:06Z,2025-04-30T03:58:06Z,true,21.053976666666667,81.74808166666668,0.0,0.0,115.0,,0.0,1.0234435932280606E7,,,true,,34,,,0.0,,151961668,15,,14,false,,,,,false,,4950384
97931,1,gt06,2025-04-30T03:58:19Z,2025-04-30T03:58:13Z,2025-04-30T03:58:13Z,true,21.053336666666667,81.74891444444444,0.0,10.2592,130.0,,0.0,1.023454800711887E7,,,true,,34,,,112.074838263211,,151968668,15,,0,false,,,,,true,,4950496
97932,1,gt06,2025-04-30T03:58:29Z,2025-04-30T03:58:23Z,2025-04-30T03:58:23Z,true,21.05297777777778,81.74936500000001,0.0,11.8791,129.0,,0.0,1.023460954621597E7,,,true,,34,,,61.539097100996045,,151978668,15,,0,false,,,,,true,,4950557
97933,1,gt06,2025-04-30T03:58:40Z,2025-04-30T03:58:33Z,2025-04-30T03:58:33Z,true,21.052540555555556,81.74991833333333,0.0,15.1188,131.0,,0.0,1.0234684868518397E7,,,true,,34,,,75.32230242701434,,151988668,15,,0,false,,,,,true,,4950632
97934,1,gt06,2025-04-30T03:58:49Z,2025-04-30T03:58:43Z,2025-04-30T03:58:43Z,true,21.051987222222223,81.75060388888889,0.0,20.5184,130.0,,0.0,1.0234779031768223E7,,,true,,34,,,94.16324982512819,,151998668,15,,0,false,,,,,true,,4950726
97935,1,gt06,2025-04-30T03:58:59Z,2025-04-30T03:58:53Z,2025-04-30T03:58:53Z,true,21.051343333333335,81.75140444444445,0.0,21.5983,130.0,,0.0,1.0234888826152202E7,,,true,,34,,,109.79438397794256,,152008668,15,,0,false,,,,,true,,4950835
97936,1,gt06,2025-04-30T03:59:08Z,2025-04-30T03:59:08Z,2025-04-30T03:58:53Z,true,21.051343333333335,81.75140444444445,0.0,21.5983,130.0,,0.0,1.0234888826152202E7,,,true,4,19,,true,0.0,,152024096,,,,,,,100,70,true,false,
97937,1,gt06,2025-04-30T03:59:09Z,2025-04-30T03:59:03Z,2025-04-30T03:59:03Z,true,21.050644444444444,81.75229944444445,0.0,23.7581,130.0,,0.0,1.0235010063220829E7,,,true,,34,,,121.23706862641971,,152018668,15,,0,false,,,,,true,,4950956
97938,1,gt06,2025-04-30T03:59:19Z,2025-04-30T03:59:13Z,2025-04-30T03:59:13Z,true,21.049891666666667,81.75324222222223,0.0,24.838,129.0,,0.0,1.0235138964833612E7,,,true,,34,,,128.90161278247314,,152028668,15,,0,false,,,,,true,,4951084
97939,1,gt06,2025-04-30T03:59:29Z,2025-04-30T03:59:23Z,2025-04-30T03:59:23Z,true,21.049121666666668,81.75420277777778,0.0,24.838,130.0,,0.0,1.0235270516832784E7,,,true,,34,,,131.55199917201045,,152038668,15,,0,false,,,,,true,,4951215
97940,1,gt06,2025-04-30T04:00:02Z,2025-04-30T04:00:02Z,2025-04-30T03:59:23Z,true,21.049121666666668,81.75420277777778,0.0,24.838,130.0,,0.0,1.0235270516832784E7,,,true,4,19,,true,0.0,,152077551,,,,,,,100,70,true,false,
97941,1,gt06,2025-04-30T04:00:03Z,2025-04-30T04:00:03Z,2025-04-30T03:59:23Z,true,21.049121666666668,81.75420277777778,0.0,24.838,130.0,,0.0,1.0235270516832784E7,,,,,,,,0.0,,152077551,,,,,13.93,,,,true,,
97942,1,gt06,2025-04-30T04:00:04Z,2025-04-30T04:00:04Z,2025-04-30T03:59:23Z,true,21.049121666666668,81.75420277777778,0.0,24.838,130.0,,0.0,1.0235270516832784E7,8991102305876965395,,,,,,,0.0,,152077551,,,,,,,,,true,,
97943,1,gt06,2025-04-30T04:00:04Z,2025-04-30T03:59:57Z,2025-04-30T03:59:57Z,true,21.049121666666668,81.75420277777778,0.0,24.838,130.0,,0.0,1.0235270516832784E7,,,true,,34,,,0.0,,152077551,12,,8,false,,,,,true,,4951215
97944,1,gt06,2025-04-30T04:00:15Z,2025-04-30T04:00:07Z,2025-04-30T04:00:07Z,true,21.049121666666668,81.75420277777778,0.0,0.0,130.0,,0.0,1.0235270516832784E7,,,true,,34,,,0.0,,152087551,12,,14,false,,,,,false,,4951215
97945,1,gt06,2025-04-30T04:00:22Z,2025-04-30T04:00:16Z,2025-04-30T04:00:16Z,true,21.049011111111113,81.75521555555557,0.0,14.0389,129.0,,0.0,1.0235376453132603E7,,,true,,34,,,105.9362998203728,,152096551,15,,0,false,,,,,true,,4951320
97946,1,gt06,2025-04-30T04:00:34Z,2025-04-30T04:00:26Z,2025-04-30T04:00:26Z,true,21.048586666666665,81.75581444444444,0.0,7.5594,132.0,,0.0,1.0235454579554027E7,,,true,,34,,,78.12642142345541,,152106551,15,,0,false,,,,,true,,4951398
97947,1,gt06,2025-04-30T04:00:42Z,2025-04-30T04:00:36Z,2025-04-30T04:00:36Z,true,21.047644444444447,81.7565911111111,0.0,11.3391,129.0,,0.0,1.0235586913363298E7,,,true,,34,,,132.33380927193667,,152116551,15,,0,false,,,,,true,,4951530
97948,1,gt06,2025-04-30T04:00:54Z,2025-04-30T04:00:46Z,2025-04-30T04:00:46Z,true,21.04617,81.75791777777778,0.0,10.2592,131.0,,0.0,1.0235801243933098E7,,,true,,34,,,214.33056979939138,,152126551,15,,0,false,,,,,true,,4951744
97949,1,gt06,2025-04-30T04:01:04Z,2025-04-30T04:00:56Z,2025-04-30T04:00:56Z,true,21.045805,81.75833222222222,0.0,11.8791,129.0,,0.0,1.0235860446397685E7,,,true,,34,,,59.20246458540736,,152136551,15,,0,false,,,,,true,,4951803
97950,1,gt06,2025-04-30T04:01:04Z,2025-04-30T04:01:04Z,2025-04-30T04:00:56Z,true,21.045805,81.75833222222222,0.0,11.8791,129.0,,0.0,1.0235860446397685E7,,,true,4,19,,true,0.0,,152144854,,,,,,,100,70,true,false,
97951,1,gt06,2025-04-30T04:01:05Z,2025-04-30T04:01:05Z,2025-04-30T04:00:56Z,true,21.045805,81.75833222222222,0.0,11.8791,129.0,,0.0,1.0235860446397685E7,,64,,,,92,,0.0,197,152144854,,1,,,,85,,,true,,
97952,1,gt06,2025-04-30T04:01:16Z,2025-04-30T04:01:06Z,2025-04-30T04:01:06Z,true,21.045462777777775,81.75874777777777,0.0,12.959,134.0,,0.0,1.0235918024800291E7,,,true,,34,,,57.57840260714509,,152144854,15,,0,false,,,,,true,,4951860
97954,1,gt06,2025-04-30T04:01:22Z,2025-04-30T04:01:16Z,2025-04-30T04:01:16Z,true,21.045042777777777,81.75928055555555,0.0,14.5788,128.0,,0.0,1.0235990480669433E7,,,true,,34,,,72.45586914250732,,152154854,15,,0,false,,,,,true,,4951932
97955,1,gt06,2025-04-30T04:01:35Z,2025-04-30T04:01:26Z,2025-04-30T04:01:26Z,true,21.04462111111111,81.75982777777779,0.0,12.959,131.0,,0.0,1.02360642074681E7,,,true,,34,,,73.72679866646865,,152164854,15,,0,false,,,,,true,,4952005
97956,1,gt06,2025-04-30T04:01:42Z,2025-04-30T04:01:36Z,2025-04-30T04:01:36Z,true,21.044237777777777,81.76032888888889,0.0,12.419,127.0,,0.0,1.0236131523702547E7,,,true,,34,,,67.31623444666299,,152174854,15,,0,false,,,,,true,,4952072
97957,1,gt06,2025-04-30T04:01:52Z,2025-04-30T04:01:46Z,2025-04-30T04:01:46Z,true,21.043828333333334,81.76083277777778,0.0,14.5788,132.0,,0.0,1.0236200936542913E7,,,true,,34,,,69.41284036687816,,152184854,15,,0,false,,,,,true,,4952141
97959,1,gt06,2025-04-30T04:02:04Z,2025-04-30T04:02:04Z,2025-04-30T04:01:46Z,true,21.043828333333334,81.76083277777778,0.0,14.5788,132.0,,0.0,1.0236200936542913E7,,,true,4,19,,true,0.0,,152202599,,,,,,,100,70,true,false,
97960,1,gt06,2025-04-30T04:02:05Z,2025-04-30T04:01:56Z,2025-04-30T04:01:56Z,true,21.043436666666665,81.76131,0.0,10.7991,130.0,,0.0,1.0236266961243745E7,,,true,,34,,,66.02470083070763,,152194854,15,,0,false,,,,,true,,4952207
97961,1,gt06,2025-04-30T04:02:12Z,2025-04-30T04:02:08Z,2025-04-30T04:02:08Z,true,21.043436666666665,81.76131,0.0,0.0,130.0,,0.0,1.0236266961243745E7,,,true,,34,,,0.0,,152206854,15,,14,false,,,,,false,,4952207
97962,1,gt06,2025-04-30T04:02:25Z,2025-04-30T04:02:18Z,2025-04-30T04:02:18Z,true,21.043436666666665,81.76131,0.0,0.0,130.0,,0.0,1.0236266961243745E7,,,true,,34,,,0.0,,152216854,15,,14,false,,,,,false,,4952207
97963,1,gt06,2025-04-30T04:02:33Z,2025-04-30T04:02:28Z,2025-04-30T04:02:28Z,true,21.043436666666665,81.76131,0.0,0.0,130.0,,0.0,1.0236266961243745E7,,,true,,34,,,0.0,,152226854,15,,14,false,,,,,false,,4952207
97964,1,gt06,2025-04-30T04:02:42Z,2025-04-30T04:02:38Z,2025-04-30T04:02:38Z,true,21.043436666666665,81.76131,0.0,0.0,130.0,,0.0,1.0236266961243745E7,,,true,,34,,,0.0,,152236854,15,,14,false,,,,,false,,4952207
97965,1,gt06,2025-04-30T04:02:55Z,2025-04-30T04:02:47Z,2025-04-30T04:02:47Z,true,21.043436666666665,81.76131,0.0,0.0,130.0,,0.0,1.0236266961243745E7,,,true,,34,,,0.0,,152245854,15,,14,false,,,,,false,,4952207
97966,1,gt06,2025-04-30T04:03:04Z,2025-04-30T04:03:04Z,2025-04-30T04:02:47Z,true,21.043436666666665,81.76131,0.0,0.0,130.0,,0.0,1.0236266961243745E7,,,true,4,19,,true,0.0,,152262640,,,,,,,100,70,false,false,
97967,1,gt06,2025-04-30T04:03:05Z,2025-04-30T04:02:56Z,2025-04-30T04:02:56Z,true,21.04297,81.76188722222223,0.0,8.63931,134.0,,0.0,1.0236346303605601E7,,,true,,34,,,79.3423618560483,,152254854,15,,0,false,,,,,true,,4952286
97968,1,gt06,2025-04-30T04:03:16Z,2025-04-30T04:03:06Z,2025-04-30T04:03:06Z,true,21.042545,81.76237888888889,0.0,14.5788,133.0,,0.0,1.023641592900525E7,,,true,,34,,,69.625399648878,,152264854,15,,0,false,,,,,true,,4952355
97969,1,gt06,2025-04-30T04:03:24Z,2025-04-30T04:03:16Z,2025-04-30T04:03:16Z,true,21.042018888888887,81.7629461111111,0.0,18.3585,136.0,,0.0,1.0236499013515206E7,,,true,,34,,,83.08450995647557,,152274854,15,,0,false,,,,,true,,4952438
97970,1,gt06,2025-04-30T04:03:32Z,2025-04-30T04:03:26Z,2025-04-30T04:03:26Z,true,21.041330555555554,81.763565,0.0,19.4385,143.0,,0.0,1.0236599043161131E7,,,true,,34,,,100.02964592553255,,152284854,15,,0,false,,,,,true,,4952538
97971,1,gt06,2025-04-30T04:03:43Z,2025-04-30T04:03:36Z,2025-04-30T04:03:36Z,true,21.040570555555558,81.76409055555555,0.0,18.8985,149.0,,0.0,1.023669973677152E7,,,true,,34,,,100.69361038839803,,152294854,15,,0,false,,,,,true,,4952638
97972,1,gt06,2025-04-30T04:03:53Z,2025-04-30T04:03:46Z,2025-04-30T04:03:46Z,true,21.039762222222222,81.7645188888889,0.0,19.4385,157.0,,0.0,1.0236800123473307E7,,,true,,34,,,100.38670178678858,,152304854,15,,0,false,,,,,true,,4952738
97973,1,gt06,2025-04-30T04:04:04Z,2025-04-30T04:03:56Z,2025-04-30T04:03:56Z,true,21.038957222222223,81.76485222222223,0.0,15.1188,160.0,,0.0,1.0236896195177803E7,,,true,,34,,,96.0717044952196,,152314854,15,,0,false,,,,,true,,4952834
97974,1,gt06,2025-04-30T04:04:05Z,2025-04-30T04:04:05Z,2025-04-30T04:03:56Z,true,21.038957222222223,81.76485222222223,0.0,15.1188,160.0,,0.0,1.0236896195177803E7,,,true,3,19,,true,0.0,,152324069,,,,,,,100,70,true,false,
97975,1,gt06,2025-04-30T04:04:12Z,2025-04-30T04:04:07Z,2025-04-30T04:04:07Z,true,21.038957222222223,81.76485222222223,0.0,0.0,160.0,,0.0,1.0236896195177803E7,,,true,,34,,,0.0,,152325854,15,,14,false,,,,,false,,4952834
97976,1,gt06,2025-04-30T04:04:29Z,2025-04-30T04:04:16Z,2025-04-30T04:04:16Z,true,21.038400555555558,81.7650438888889,0.0,11.8791,165.0,,0.0,1.0236961284184992E7,,,true,,34,,,65.08900719005176,,152334854,15,,0,false,,,,,true,,4952899
97977,1,gt06,2025-04-30T04:04:31Z,2025-04-30T04:04:26Z,2025-04-30T04:04:26Z,true,21.037744999999997,81.76523944444443,0.0,12.959,163.0,,0.0,1.0237037035991888E7,,,true,,34,,,75.75180689675824,,152344854,15,,0,false,,,,,true,,4952974
97978,1,gt06,2025-04-30T04:04:43Z,2025-04-30T04:04:38Z,2025-04-30T04:04:38Z,true,21.037744999999997,81.76523944444443,0.0,0.0,163.0,,0.0,1.0237037035991888E7,,,true,,34,,,0.0,,152356854,15,,14,false,,,,,false,,4952974
97979,1,gt06,2025-04-30T04:05:01Z,2025-04-30T04:04:46Z,2025-04-30T04:04:46Z,true,21.037156666666665,81.76540722222222,0.0,11.8791,165.0,,0.0,1.0237104809179014E7,,,true,,34,,,67.77318712504078,,152364854,15,,0,false,,,,,true,,4953041
97980,1,gt06,2025-04-30T04:05:07Z,2025-04-30T04:05:07Z,2025-04-30T04:04:46Z,true,21.037156666666665,81.76540722222222,0.0,11.8791,165.0,,0.0,1.0237104809179014E7,,,true,4,19,,true,0.0,,152385586,,,,,,,100,70,true,false,
97981,1,gt06,2025-04-30T04:05:08Z,2025-04-30T04:05:08Z,2025-04-30T04:04:46Z,true,21.037156666666665,81.76540722222222,0.0,11.8791,165.0,,0.0,1.0237104809179014E7,,,,,,,,0.0,,152385586,,,,,13.93,,,,true,,
97982,1,gt06,2025-04-30T04:05:09Z,2025-04-30T04:04:46Z,2025-04-30T04:04:46Z,true,21.037156666666665,81.76540722222222,0.0,11.8791,165.0,,0.0,1.0237104809179014E7,,,true,,34,,,0.0,,152385586,15,,0,false,,,,,true,,4953041
97983,1,gt06,2025-04-30T04:05:09Z,2025-04-30T04:04:56Z,2025-04-30T04:04:56Z,true,21.036415555555557,81.76562277777776,0.0,19.9784,165.0,,0.0,1.0237190295199972E7,,,true,,34,,,85.4860209574285,,152395586,15,,0,false,,,,,true,,4953126
97984,1,gt06,2025-04-30T04:05:13Z,2025-04-30T04:05:08Z,2025-04-30T04:05:08Z,true,21.036415555555557,81.76562277777776,0.0,0.0,165.0,,0.0,1.0237190295199972E7,,,true,,34,,,0.0,,152407586,15,,14,false,,,,,false,,4953126
97985,1,gt06,2025-04-30T04:05:22Z,2025-04-30T04:05:16Z,2025-04-30T04:05:16Z,true,21.034477222222222,81.76617777777778,0.0,21.5983,164.0,,0.0,1.0237413642011391E7,,,true,,34,,,223.34681141943474,,152415586,15,,0,false,,,,,true,,4953349
97986,1,gt06,2025-04-30T04:05:32Z,2025-04-30T04:05:26Z,2025-04-30T04:05:26Z,true,21.033481666666667,81.7664688888889,0.0,22.1382,164.0,,0.0,1.0237528520231372E7,,,true,,34,,,114.87821998139721,,152425586,15,,0,false,,,,,true,,4953463
97987,1,gt06,2025-04-30T04:05:42Z,2025-04-30T04:05:36Z,2025-04-30T04:05:36Z,true,21.032439444444446,81.76678,0.0,23.7581,163.0,,0.0,1.0237648958942529E7,,,true,,34,,,120.43871115758029,,152435586,15,,0,false,,,,,true,,4953583
97988,1,gt06,2025-04-30T04:05:52Z,2025-04-30T04:05:46Z,2025-04-30T04:05:46Z,true,21.03134111111111,81.76709333333332,0.0,24.2981,165.0,,0.0,1.0237775485116823E7,,,true,,34,,,126.52617429429452,,152445586,15,,0,false,,,,,true,,4953709
97989,1,gt06,2025-04-30T04:06:03Z,2025-04-30T04:05:56Z,2025-04-30T04:05:56Z,true,21.030228333333334,81.76733,0.0,23.7581,170.0,,0.0,1.0237901776182428E7,,,true,,34,,,126.29106560448477,,152455586,15,,0,false,,,,,true,,4953835
97990,1,gt06,2025-04-30T04:06:13Z,2025-04-30T04:06:13Z,2025-04-30T04:05:56Z,true,21.030228333333334,81.76733,0.0,23.7581,170.0,,0.0,1.0237901776182428E7,,,true,4,19,,true,0.0,,152472121,,,,,,,100,70,true,false,
97991,1,gt06,2025-04-30T04:06:17Z,2025-04-30T04:06:17Z,2025-04-30T04:05:56Z,true,21.030228333333334,81.76733,0.0,23.7581,170.0,,0.0,1.0237901776182428E7,,,true,4,19,,true,0.0,,152476880,,,,,,,100,70,true,false,
97992,1,gt06,2025-04-30T04:06:18Z,2025-04-30T04:06:18Z,2025-04-30T04:05:56Z,true,21.030228333333334,81.76733,0.0,23.7581,170.0,,0.0,1.0237901776182428E7,,,,,,,,0.0,,152476880,,,,,13.93,,,,true,,
97993,1,gt06,2025-04-30T04:06:19Z,2025-04-30T04:06:06Z,2025-04-30T04:06:06Z,true,21.02912111111111,81.76750333333334,0.0,23.2182,171.0,,0.0,1.0238026340481149E7,,,true,,34,,,124.56429872106548,,152476880,15,,0,false,,,,,true,,4953959
97995,1,gt06,2025-04-30T04:06:22Z,2025-04-30T04:06:18Z,2025-04-30T04:06:18Z,true,21.02912111111111,81.76750333333334,0.0,0.0,171.0,,0.0,1.0238026340481149E7,,,true,,34,,,0.0,,152488880,15,,14,false,,,,,false,,4953959
97996,1,gt06,2025-04-30T04:06:33Z,2025-04-30T04:06:26Z,2025-04-30T04:06:26Z,true,21.02699833333333,81.76783777777777,0.0,23.2182,172.0,,0.0,1.0238265188554028E7,,,true,,34,,,238.84807287813894,,152496880,15,,0,false,,,,,true,,4954197
97997,1,gt06,2025-04-30T04:06:44Z,2025-04-30T04:06:36Z,2025-04-30T04:06:36Z,true,21.025910000000003,81.76799944444444,0.0,23.7581,170.0,,0.0,1.0238387500303341E7,,,true,,34,,,122.31174931393943,,152506880,15,,0,false,,,,,true,,4954319
97998,1,gt06,2025-04-30T04:06:58Z,2025-04-30T04:06:58Z,2025-04-30T04:06:36Z,true,21.025910000000003,81.76799944444444,0.0,23.7581,170.0,,0.0,1.0238387500303341E7,,,true,4,19,,true,0.0,,152528572,,,,,,,83,70,true,false,
97999,1,gt06,2025-04-30T04:06:59Z,2025-04-30T04:06:59Z,2025-04-30T04:06:36Z,true,21.025910000000003,81.76799944444444,0.0,23.7581,170.0,,0.0,1.0238387500303341E7,,,,,,,,0.0,,152528572,,,,,13.98,,,,true,,
98000,1,gt06,2025-04-30T04:06:59Z,2025-04-30T04:06:46Z,2025-04-30T04:06:46Z,true,21.024841111111108,81.76819055555556,0.0,23.2182,168.0,,0.0,1.0238508134142274E7,,,true,,34,,,120.63383893344854,,152528572,15,,0,false,,,,,true,,4954439
98002,1,gt06,2025-04-30T04:07:03Z,2025-04-30T04:06:56Z,2025-04-30T04:06:56Z,true,21.02383,81.768605,0.0,23.2182,146.0,,0.0,1.0238628647544153E7,,,true,,34,,,120.51340187876518,,152538572,15,,2,false,,,,,true,,4954559
98003,1,gt06,2025-04-30T04:07:03Z,2025-04-30T04:06:57Z,2025-04-30T04:06:57Z,true,21.02374,81.76867222222222,0.0,23.7581,143.0,,0.0,1.0238640533552576E7,,,true,,34,,,132.39941030103827,,152539572,15,,2,false,,,,,true,,4954571
98001,1,gt06,2025-04-30T04:07:02Z,2025-04-30T04:06:58Z,2025-04-30T04:06:58Z,true,21.024841111111108,81.76819055555556,0.0,0.0,168.0,,0.0,1.0238508134142274E7,,,true,,34,,,0.0,,152540572,15,,14,false,,,,,false,,4954439
98004,1,gt06,2025-04-30T04:07:13Z,2025-04-30T04:07:07Z,2025-04-30T04:07:07Z,true,21.02292111111111,81.76944888888889,0.0,23.2182,134.0,,0.0,1.0238758689770397E7,,,true,,34,,,250.55562812320602,,152549572,15,,0,false,,,,,true,,4954692
98005,1,gt06,2025-04-30T04:07:24Z,2025-04-30T04:07:19Z,2025-04-30T04:07:19Z,true,21.02292111111111,81.76944888888889,0.0,0.0,134.0,,0.0,1.0238758689770397E7,,,true,,34,,,0.0,,152561572,15,,14,false,,,,,false,,4954692
98006,1,gt06,2025-04-30T04:07:33Z,2025-04-30T04:07:27Z,2025-04-30T04:07:27Z,true,21.02221388888889,81.77023388888888,0.0,9.17927,134.0,,0.0,1.0238872054639904E7,,,true,,34,,,113.36486950778853,,152569572,15,,0,false,,,,,true,,4954805
98007,1,gt06,2025-04-30T04:07:43Z,2025-04-30T04:07:37Z,2025-04-30T04:07:37Z,true,21.021744444444447,81.77074333333333,0.0,14.5788,135.0,,0.0,1.0238946440203026E7,,,true,,34,,,74.38556312165822,,152579572,15,,0,false,,,,,true,,4954879
98008,1,gt06,2025-04-30T04:07:54Z,2025-04-30T04:07:47Z,2025-04-30T04:07:47Z,true,21.021467222222224,81.77104777777777,0.0,12.419,132.0,,0.0,1.023899063441803E7,,,true,,34,,,44.194215003824034,,152589572,15,,0,false,,,,,true,,4954923
98009,1,gt06,2025-04-30T04:07:58Z,2025-04-30T04:07:58Z,2025-04-30T04:07:47Z,true,21.021467222222224,81.77104777777777,0.0,12.419,132.0,,0.0,1.023899063441803E7,,,true,4,19,,true,0.0,,152600685,,,,,,,100,70,true,false,
98010,1,gt06,2025-04-30T04:08:03Z,2025-04-30T04:07:57Z,2025-04-30T04:07:57Z,true,21.021007222222224,81.77155277777779,0.0,12.959,134.0,,0.0,1.023906395412641E7,,,true,,34,,,73.31970838031322,,152599572,15,,0,false,,,,,true,,4954996
98011,1,gt06,2025-04-30T04:08:13Z,2025-04-30T04:08:09Z,2025-04-30T04:08:09Z,true,21.021007222222224,81.77155277777779,0.0,0.0,134.0,,0.0,1.023906395412641E7,,,true,,34,,,0.0,,152611572,15,,14,false,,,,,false,,4954996
98012,1,gt06,2025-04-30T04:08:23Z,2025-04-30T04:08:19Z,2025-04-30T04:08:19Z,true,21.021007222222224,81.77155277777779,0.0,0.0,134.0,,0.0,1.023906395412641E7,,,true,,34,,,0.0,,152621572,15,,14,false,,,,,false,,4954996
98013,1,gt06,2025-04-30T04:08:33Z,2025-04-30T04:08:29Z,2025-04-30T04:08:29Z,true,21.021007222222224,81.77155277777779,0.0,0.0,134.0,,0.0,1.023906395412641E7,,,true,,34,,,0.0,,152631572,15,,14,false,,,,,false,,4954996
98014,1,gt06,2025-04-30T04:08:44Z,2025-04-30T04:08:39Z,2025-04-30T04:08:39Z,true,21.021007222222224,81.77155277777779,0.0,0.0,134.0,,0.0,1.023906395412641E7,,,true,,34,,,0.0,,152641572,15,,14,false,,,,,false,,4954996
98015,1,gt06,2025-04-30T04:08:53Z,2025-04-30T04:08:49Z,2025-04-30T04:08:49Z,true,21.021007222222224,81.77155277777779,0.0,0.0,134.0,,0.0,1.023906395412641E7,,,true,,34,,,0.0,,152651572,15,,14,false,,,,,false,,4954996
98016,1,gt06,2025-04-30T04:08:58Z,2025-04-30T04:08:58Z,2025-04-30T04:08:49Z,true,21.021007222222224,81.77155277777779,0.0,0.0,134.0,,0.0,1.023906395412641E7,,,true,4,19,,true,0.0,,152660708,,,,,,,100,70,false,false,
98017,1,gt06,2025-04-30T04:09:03Z,2025-04-30T04:08:59Z,2025-04-30T04:08:59Z,true,21.021007222222224,81.77155277777779,0.0,0.0,134.0,,0.0,1.023906395412641E7,,,true,,34,,,0.0,,152661572,15,,14,false,,,,,false,,4954996
98018,1,gt06,2025-04-30T04:09:14Z,2025-04-30T04:09:07Z,2025-04-30T04:09:07Z,true,21.020542777777777,81.77208388888889,0.0,9.17927,133.0,,0.0,1.0239139577059297E7,,,true,,34,,,75.62293288675319,,152669572,15,,0,false,,,,,true,,4955071
98019,1,gt06,2025-04-30T04:09:23Z,2025-04-30T04:09:17Z,2025-04-30T04:09:17Z,true,21.02012666666667,81.77254777777777,0.0,13.4989,133.0,,0.0,1.0239206429351697E7,,,true,,34,,,66.85229240065341,,152679572,15,,0,false,,,,,true,,4955137
98020,1,gt06,2025-04-30T04:09:33Z,2025-04-30T04:09:27Z,2025-04-30T04:09:27Z,true,21.019682777777778,81.77299944444445,0.0,12.419,134.0,,0.0,1.0239274579531137E7,,,true,,34,,,68.15017944085804,,152689572,15,,0,false,,,,,true,,4955205
98021,1,gt06,2025-04-30T04:09:44Z,2025-04-30T04:09:37Z,2025-04-30T04:09:37Z,true,21.01925277777778,81.77346833333333,0.0,13.4989,133.0,,0.0,1.0239342882099953E7,,,true,,34,,,68.30256881592344,,152699572,15,,0,false,,,,,true,,4955273
98022,1,gt06,2025-04-30T04:09:53Z,2025-04-30T04:09:47Z,2025-04-30T04:09:47Z,true,21.01882777777778,81.77394666666666,0.0,13.4989,133.0,,0.0,1.0239411503346866E7,,,true,,34,,,68.62124691311165,,152709572,15,,0,false,,,,,true,,4955341
98023,1,gt06,2025-04-30T04:09:58Z,2025-04-30T04:09:58Z,2025-04-30T04:09:47Z,true,21.01882777777778,81.77394666666666,0.0,13.4989,133.0,,0.0,1.0239411503346866E7,,,true,4,19,,true,0.0,,152720724,,,,,,,100,70,true,false,
98024,1,gt06,2025-04-30T04:10:04Z,2025-04-30T04:09:57Z,2025-04-30T04:09:57Z,true,21.018390555555555,81.77441666666667,0.0,12.959,133.0,,0.0,1.0239480453671888E7,,,true,,34,,,68.95032502136036,,152719572,15,,0,false,,,,,true,,4955409
98025,1,gt06,2025-04-30T04:10:13Z,2025-04-30T04:10:07Z,2025-04-30T04:10:07Z,true,21.017994444444447,81.77486722222223,0.0,12.419,133.0,,0.0,1.023954476805236E7,,,true,,34,,,64.31438047219217,,152729572,15,,0,false,,,,,true,,4955473
98026,1,gt06,2025-04-30T04:10:23Z,2025-04-30T04:10:17Z,2025-04-30T04:10:17Z,true,21.017584444444445,81.77532666666666,0.0,12.959,134.0,,0.0,1.023961081679202E7,,,true,,34,,,66.04873966123446,,152739572,15,,0,false,,,,,true,,4955539
98027,1,gt06,2025-04-30T04:10:34Z,2025-04-30T04:10:27Z,2025-04-30T04:10:27Z,true,21.017118888888888,81.77583944444444,0.0,16.7387,134.0,,0.0,1.0239685147946084E7,,,true,,34,,,74.33115406314552,,152749572,15,,0,false,,,,,true,,4955613
98028,1,gt06,2025-04-30T04:10:43Z,2025-04-30T04:10:37Z,2025-04-30T04:10:37Z,true,21.01655277777778,81.77646,0.0,21.0583,134.0,,0.0,1.0239775312553622E7,,,true,,34,,,90.1646075379548,,152759572,15,,0,false,,,,,true,,4955703
98029,1,gt06,2025-04-30T04:10:54Z,2025-04-30T04:10:47Z,2025-04-30T04:10:47Z,true,21.015836111111113,81.7772211111111,0.0,21.5983,133.0,,0.0,1.0239887651229158E7,,,true,,34,,,112.33867553625063,,152769572,15,,0,false,,,,,true,,4955815
98030,1,gt06,2025-04-30T04:10:58Z,2025-04-30T04:10:58Z,2025-04-30T04:10:47Z,true,21.015836111111113,81.7772211111111,0.0,21.5983,133.0,,0.0,1.0239887651229158E7,,,true,4,19,,true,0.0,,152780757,,,,,,,100,70,true,false,
98031,1,gt06,2025-04-30T04:11:04Z,2025-04-30T04:10:57Z,2025-04-30T04:10:57Z,true,21.01513611111111,81.77798666666666,0.0,21.0583,134.0,,0.0,1.0239999009733062E7,,,true,,34,,,111.35850390470016,,152779572,15,,0,false,,,,,true,,4955926
98032,1,gt06,2025-04-30T04:11:13Z,2025-04-30T04:11:07Z,2025-04-30T04:11:07Z,true,21.01439,81.77867166666667,0.0,21.0583,143.0,,0.0,1.0240108395758143E7,,,true,,34,,,109.38602508082941,,152789572,15,,0,false,,,,,true,,4956035
98034,1,gt06,2025-04-30T04:11:24Z,2025-04-30T04:11:17Z,2025-04-30T04:11:17Z,true,21.013503333333333,81.77923277777778,0.0,22.6782,153.0,,0.0,1.0240223035231702E7,,,true,,34,,,114.63947356002977,,152799572,15,,0,false,,,,,true,,4956149
98035,1,gt06,2025-04-30T04:11:33Z,2025-04-30T04:11:27Z,2025-04-30T04:11:27Z,true,21.01247222222222,81.77972944444444,0.0,26.4579,156.0,,0.0,1.0240348887823781E7,,,true,,34,,,125.85259207948438,,152809572,15,,0,false,,,,,true,,4956274
98036,1,gt06,2025-04-30T04:11:43Z,2025-04-30T04:11:37Z,2025-04-30T04:11:37Z,true,21.011297222222222,81.78028166666667,0.0,28.0778,155.0,,0.0,1.0240491722839473E7,,,true,,34,,,142.83501569209136,,152819572,15,,0,false,,,,,true,,4956416
98037,1,gt06,2025-04-30T04:11:54Z,2025-04-30T04:11:47Z,2025-04-30T04:11:47Z,true,21.010115,81.78083666666667,0.0,27.5378,156.0,,0.0,1.02406354102571E7,,,true,,34,,,143.68741762714225,,152829572,15,,0,false,,,,,true,,4956559
98039,1,gt06,2025-04-30T04:11:58Z,2025-04-30T04:11:58Z,2025-04-30T04:11:47Z,true,21.010115,81.78083666666667,0.0,27.5378,156.0,,0.0,1.02406354102571E7,,,true,4,19,,true,0.0,,152840775,,,,,,,100,70,true,false,
98040,1,gt06,2025-04-30T04:12:03Z,2025-04-30T04:11:57Z,2025-04-30T04:11:57Z,true,21.008945,81.78137944444444,0.0,27.5378,156.0,,0.0,1.0240777343226142E7,,,true,,34,,,141.93296904263727,,152839572,15,,0,false,,,,,true,,4956700
98041,1,gt06,2025-04-30T04:12:13Z,2025-04-30T04:12:07Z,2025-04-30T04:12:07Z,true,21.00777611111111,81.7819261111111,0.0,26.9979,156.0,,0.0,1.0240919324096244E7,,,true,,34,,,141.9808701018341,,152849572,15,,0,false,,,,,true,,4956842
98042,1,gt06,2025-04-30T04:12:24Z,2025-04-30T04:12:17Z,2025-04-30T04:12:17Z,true,21.006667222222223,81.78243722222223,0.0,24.2981,155.0,,0.0,1.0241053707396476E7,,,true,,34,,,134.3833002313519,,152859572,15,,0,false,,,,,true,,4956976
98043,1,gt06,2025-04-30T04:12:33Z,2025-04-30T04:12:27Z,2025-04-30T04:12:27Z,true,21.005813888888888,81.78283166666667,0.0,15.6588,157.0,,0.0,1.024115716694719E7,,,true,,34,,,103.4595507149302,,152869572,15,,0,false,,,,,true,,4957079
98044,1,gt06,2025-04-30T04:12:44Z,2025-04-30T04:12:39Z,2025-04-30T04:12:39Z,true,21.005813888888888,81.78283166666667,0.0,0.0,157.0,,0.0,1.024115716694719E7,,,true,,34,,,0.0,,152881572,15,,14,false,,,,,false,,4957079
98045,1,gt06,2025-04-30T04:13:51Z,2025-04-30T04:12:49Z,2025-04-30T04:12:49Z,true,21.005813888888888,81.78283166666667,0.0,0.0,157.0,,0.0,1.024115716694719E7,,,true,,34,,,0.0,,152891572,15,,14,false,,,,,false,,4957079
98046,1,gt06,2025-04-30T04:13:52Z,2025-04-30T04:13:52Z,2025-04-30T04:12:49Z,true,21.005813888888888,81.78283166666667,0.0,0.0,157.0,,0.0,1.024115716694719E7,,,true,4,19,,true,0.0,,152954396,,,,,,,100,70,false,false,
98047,1,gt06,2025-04-30T04:13:53Z,2025-04-30T04:12:57Z,2025-04-30T04:12:57Z,true,21.004997777777778,81.78322444444444,0.0,13.4989,155.0,,0.0,1.0241256764546052E7,,,true,,34,,,99.5975988616505,,152899572,15,,0,false,,,,,true,,4957178
98048,1,gt06,2025-04-30T04:13:53Z,2025-04-30T04:13:07Z,2025-04-30T04:13:07Z,true,21.004226111111112,81.78359111111111,0.0,22.6782,155.0,,0.0,1.0241350738260092E7,,,true,,34,,,93.97371404119869,,152909572,15,,0,false,,,,,true,,4957271
98049,1,gt06,2025-04-30T04:13:53Z,2025-04-30T04:13:17Z,2025-04-30T04:13:17Z,true,21.003151111111112,81.78409388888889,0.0,28.0778,156.0,,0.0,1.0241481316306196E7,,,true,,34,,,130.57804610432837,,152919572,15,,0,false,,,,,true,,4957401
98050,1,gt06,2025-04-30T04:13:53Z,2025-04-30T04:13:27Z,2025-04-30T04:13:27Z,true,21.00183388888889,81.78471722222223,0.0,32.3974,156.0,,0.0,1.0241641620535422E7,,,true,,34,,,160.30422922609225,,152929572,15,,0,false,,,,,true,,4957561
98051,1,gt06,2025-04-30T04:13:53Z,2025-04-30T04:13:37Z,2025-04-30T04:13:37Z,true,21.000411666666665,81.78539333333333,0.0,32.3974,155.0,,0.0,1.0241814833400909E7,,,true,,34,,,173.2128654862915,,152939572,15,,0,false,,,,,true,,4957734
98052,1,gt06,2025-04-30T04:13:53Z,2025-04-30T04:13:47Z,2025-04-30T04:13:47Z,true,20.99900166666667,81.78604222222222,0.0,32.9374,156.0,,0.0,1.0241985667402131E7,,,true,,34,,,170.83400122273926,,152949572,15,,0,false,,,,,true,,4957904
98053,1,gt06,2025-04-30T04:13:58Z,2025-04-30T04:13:58Z,2025-04-30T04:13:47Z,true,20.99900166666667,81.78604222222222,0.0,32.9374,156.0,,0.0,1.0241985667402131E7,,,true,4,19,,true,0.0,,152960675,,,,,,,100,70,true,false,
98054,1,gt06,2025-04-30T04:14:04Z,2025-04-30T04:13:57Z,2025-04-30T04:13:57Z,true,20.997606666666666,81.78670666666667,0.0,31.8575,153.0,,0.0,1.0242155619169038E7,,,true,,34,,,169.95176690658582,,152959572,15,,0,false,,,,,true,,4958073
98055,1,gt06,2025-04-30T04:14:25Z,2025-04-30T04:14:25Z,2025-04-30T04:13:57Z,true,20.997606666666666,81.78670666666667,0.0,31.8575,153.0,,0.0,1.0242155619169038E7,,,true,4,19,,true,0.0,,152987770,,,,,,,100,70,true,false,
98056,1,gt06,2025-04-30T04:14:26Z,2025-04-30T04:14:26Z,2025-04-30T04:13:57Z,true,20.997606666666666,81.78670666666667,0.0,31.8575,153.0,,0.0,1.0242155619169038E7,,,,,,,,0.0,,152987770,,,,,13.88,,,,true,,
98057,1,gt06,2025-04-30T04:14:27Z,2025-04-30T04:14:07Z,2025-04-30T04:14:07Z,true,20.996566666666666,81.78741333333333,0.0,15.6588,139.0,,0.0,1.0242292721262794E7,,,true,,34,,,137.10209375644996,,152987770,15,,0,false,,,,,true,,4958210
98058,1,gt06,2025-04-30T04:14:27Z,2025-04-30T04:14:17Z,2025-04-30T04:14:17Z,true,20.996111111111112,81.78787444444444,0.0,15.6588,133.0,,0.0,1.0242362494406298E7,,,true,,34,,,69.77314350371782,,152997770,15,,0,false,,,,,true,,4958279
98059,1,gt06,2025-04-30T04:14:34Z,2025-04-30T04:14:29Z,2025-04-30T04:14:29Z,true,20.996111111111112,81.78787444444444,0.0,0.0,133.0,,0.0,1.0242362494406298E7,,,true,,34,,,0.0,,153009770,15,,14,false,,,,,false,,4958279
98060,1,gt06,2025-04-30T04:15:03Z,2025-04-30T04:15:03Z,2025-04-30T04:14:29Z,true,20.996111111111112,81.78787444444444,0.0,0.0,133.0,,0.0,1.0242362494406298E7,,,true,4,19,,true,0.0,,153043750,,,,,,,100,70,false,false,
98061,1,gt06,2025-04-30T04:15:04Z,2025-04-30T04:15:04Z,2025-04-30T04:14:29Z,true,20.996111111111112,81.78787444444444,0.0,0.0,133.0,,0.0,1.0242362494406298E7,,,,,,,,0.0,,153043750,,,,,13.88,,,,false,,
98062,1,gt06,2025-04-30T04:15:05Z,2025-04-30T04:14:37Z,2025-04-30T04:14:37Z,true,20.994913333333333,81.78984666666666,0.0,28.6177,116.0,,0.0,1.024260701739771E7,,,true,,34,,,244.52299141211745,,153043750,15,,0,false,,,,,true,,4958523
98063,1,gt06,2025-04-30T04:15:05Z,2025-04-30T04:14:47Z,2025-04-30T04:14:47Z,true,20.99428888888889,81.79117000000001,0.0,30.7775,117.0,,0.0,1.0242761119464567E7,,,true,,34,,,154.10206685732436,,153053750,15,,0,false,,,,,true,,4958677
98064,1,gt06,2025-04-30T04:15:05Z,2025-04-30T04:14:59Z,2025-04-30T04:14:59Z,true,20.99428888888889,81.79117000000001,0.0,0.0,117.0,,0.0,1.0242761119464567E7,,,true,,34,,,0.0,,153065750,15,,14,false,,,,,false,,4958677
98065,1,gt06,2025-04-30T04:15:14Z,2025-04-30T04:15:07Z,2025-04-30T04:15:07Z,true,20.99292777777778,81.79401666666666,0.0,32.9374,115.0,,0.0,1.0243093516276594E7,,,true,,34,,,332.3968120275863,,153073750,15,,0,false,,,,,true,,4959009
98066,1,gt06,2025-04-30T04:15:24Z,2025-04-30T04:15:17Z,2025-04-30T04:15:17Z,true,20.992237222222222,81.79545555555555,0.0,31.8575,116.0,,0.0,1.0243261662180401E7,,,true,,34,,,168.1459038076827,,153083750,15,,0,false,,,,,true,,4959177
98067,1,gt06,2025-04-30T04:15:36Z,2025-04-30T04:15:36Z,2025-04-30T04:15:17Z,true,20.992237222222222,81.79545555555555,0.0,31.8575,116.0,,0.0,1.0243261662180401E7,,,true,4,19,,true,0.0,,153103040,,,,,,,100,70,true,false,
98068,1,gt06,2025-04-30T04:15:37Z,2025-04-30T04:15:37Z,2025-04-30T04:15:17Z,true,20.992237222222222,81.79545555555555,0.0,31.8575,116.0,,0.0,1.0243261662180401E7,,,,,,,,0.0,,153103040,,,,,13.88,,,,true,,
98069,1,gt06,2025-04-30T04:15:38Z,2025-04-30T04:15:27Z,2025-04-30T04:15:27Z,true,20.99157055555556,81.796845,0.0,30.2376,117.0,,0.0,1.0243424022571085E7,,,true,,34,,,162.36039068364394,,153103040,15,,0,false,,,,,true,,4959339
98070,1,gt06,2025-04-30T04:15:43Z,2025-04-30T04:15:39Z,2025-04-30T04:15:39Z,true,20.99157055555556,81.796845,0.0,0.0,117.0,,0.0,1.0243424022571085E7,,,true,,34,,,0.0,,153115040,15,,14,false,,,,,false,,4959339
98071,1,gt06,2025-04-30T04:15:56Z,2025-04-30T04:15:47Z,2025-04-30T04:15:47Z,true,20.990403333333333,81.79929055555556,0.0,23.7581,116.0,,0.0,1.0243709480277777E7,,,true,,34,,,285.4577066925294,,153123040,15,,0,false,,,,,true,,4959624
98072,1,gt06,2025-04-30T04:16:03Z,2025-04-30T04:15:59Z,2025-04-30T04:15:59Z,true,20.990403333333333,81.79929055555556,0.0,0.0,116.0,,0.0,1.0243709480277777E7,,,true,,34,,,0.0,,153135040,15,,14,false,,,,,false,,4959624
98073,1,gt06,2025-04-30T04:16:15Z,2025-04-30T04:16:07Z,2025-04-30T04:16:07Z,true,20.990061666666666,81.80001944444444,0.0,7.5594,118.0,,0.0,1.02437942473351E7,,,true,,34,,,84.7670573234916,,153143040,15,,0,false,,,,,true,,4959708
98075,1,gt06,2025-04-30T04:16:23Z,2025-04-30T04:16:17Z,2025-04-30T04:16:17Z,true,20.98982888888889,81.80046944444445,0.0,13.4989,116.0,,0.0,1.024384771577741E7,,,true,,34,,,53.46844230924321,,153153040,15,,0,false,,,,,true,,4959761
98076,1,gt06,2025-04-30T04:16:33Z,2025-04-30T04:16:27Z,2025-04-30T04:16:27Z,true,20.989565555555554,81.80106166666667,0.0,12.419,114.0,,0.0,1.0243915891195746E7,,,true,,34,,,68.17541833635705,,153163040,15,,0,false,,,,,true,,4959829
98077,1,gt06,2025-04-30T04:16:42Z,2025-04-30T04:16:42Z,2025-04-30T04:16:27Z,true,20.989565555555554,81.80106166666667,0.0,12.419,114.0,,0.0,1.0243915891195746E7,,,true,4,19,,true,0.0,,153177781,,,,,,,100,70,true,false,
98078,1,gt06,2025-04-30T04:16:43Z,2025-04-30T04:16:37Z,2025-04-30T04:16:37Z,true,20.989292777777777,81.80162555555556,0.0,12.419,115.0,,0.0,1.0243981897311645E7,,,true,,34,,,66.00611589919286,,153173040,15,,0,false,,,,,true,,4959894
98079,1,gt06,2025-04-30T04:16:57Z,2025-04-30T04:16:47Z,2025-04-30T04:16:47Z,true,20.98903333333333,81.80220055555556,0.0,12.419,116.0,,0.0,1.0244048271821387E7,,,true,,34,,,66.37450974220432,,153183040,15,,0,false,,,,,true,,4959960
98080,1,gt06,2025-04-30T04:17:03Z,2025-04-30T04:16:57Z,2025-04-30T04:16:57Z,true,20.98875388888889,81.80274833333334,0.0,11.8791,119.0,,0.0,1.0244113148507126E7,,,true,,34,,,64.87668573854378,,153193040,15,,0,false,,,,,true,,4960024
98081,1,gt06,2025-04-30T04:17:17Z,2025-04-30T04:17:07Z,2025-04-30T04:17:07Z,true,20.98847166666667,81.80329666666667,0.0,12.419,117.0,,0.0,1.024417822468101E7,,,true,,34,,,65.07617388539667,,153203040,15,,0,false,,,,,true,,4960089
98082,1,gt06,2025-04-30T04:17:23Z,2025-04-30T04:17:17Z,2025-04-30T04:17:17Z,true,20.988208333333333,81.80385166666666,0.0,11.8791,116.0,,0.0,1.0244242929222096E7,,,true,,34,,,64.70454108474414,,153213040,15,,0,false,,,,,true,,4960153
98083,1,gt06,2025-04-30T04:17:34Z,2025-04-30T04:17:27Z,2025-04-30T04:17:27Z,true,20.987956666666665,81.80438333333333,0.0,10.7991,117.0,,0.0,1.0244304883527732E7,,,true,,34,,,61.95430563649117,,153223040,15,,0,false,,,,,true,,4960214
98084,1,gt06,2025-04-30T04:17:39Z,2025-04-30T04:17:39Z,2025-04-30T04:17:27Z,true,20.987956666666665,81.80438333333333,0.0,10.7991,117.0,,0.0,1.0244304883527732E7,,,true,4,19,,true,0.0,,153235001,,,,,,,100,70,true,false,
98085,1,gt06,2025-04-30T04:17:43Z,2025-04-30T04:17:37Z,2025-04-30T04:17:37Z,true,20.987647777777777,81.80503222222222,0.0,15.6588,117.0,,0.0,1.0244380585184554E7,,,true,,34,,,75.70165682133481,,153233040,15,,0,false,,,,,true,,4960289
98086,1,gt06,2025-04-30T04:18:04Z,2025-04-30T04:17:47Z,2025-04-30T04:17:47Z,true,20.987192222222223,81.80597833333334,0.0,24.838,117.0,,0.0,1.0244491225204337E7,,,true,,34,,,110.64001978310878,,153243040,15,,0,false,,,,,true,,4960399
98087,1,gt06,2025-04-30T04:18:06Z,2025-04-30T04:17:57Z,2025-04-30T04:17:57Z,true,20.98662555555556,81.80714333333333,0.0,28.6177,116.0,,0.0,1.024462775566335E7,,,true,,34,,,136.5304590135329,,153253040,15,,0,false,,,,,true,,4960535
98088,1,gt06,2025-04-30T04:18:13Z,2025-04-30T04:18:07Z,2025-04-30T04:18:07Z,true,20.985988888888887,81.80846666666666,0.0,30.2376,116.0,,0.0,1.0244782483016264E7,,,true,,34,,,154.7273529133015,,153263040,15,,0,false,,,,,true,,4960689
98089,1,gt06,2025-04-30T04:18:28Z,2025-04-30T04:18:17Z,2025-04-30T04:18:17Z,true,20.98536777777778,81.80975055555555,0.0,28.6177,117.0,,0.0,1.0244932773771957E7,,,true,,34,,,150.29075569337715,,153273040,15,,0,false,,,,,true,,4960839
98090,1,gt06,2025-04-30T04:18:50Z,2025-04-30T04:18:27Z,2025-04-30T04:18:27Z,true,20.984767222222224,81.81099722222221,0.0,27.5378,116.0,,0.0,1.0245078577506794E7,,,true,,34,,,145.8037348380148,,153283040,15,,0,false,,,,,true,,4960984
98091,1,gt06,2025-04-30T04:18:52Z,2025-04-30T04:18:52Z,2025-04-30T04:18:27Z,true,20.984767222222224,81.81099722222221,0.0,27.5378,116.0,,0.0,1.0245078577506794E7,,,true,3,19,,true,0.0,,153307696,,,,,,,100,70,true,false,
98092,1,gt06,2025-04-30T04:18:52Z,2025-04-30T04:18:37Z,2025-04-30T04:18:37Z,true,20.984180555555554,81.81223222222222,0.0,27.5378,117.0,,0.0,1.0245222597494774E7,,,true,,34,,,144.01998797899438,,153293040,15,,0,false,,,,,true,,4961128
98093,1,gt06,2025-04-30T04:18:53Z,2025-04-30T04:18:47Z,2025-04-30T04:18:47Z,true,20.983754444444443,81.81314666666667,0.0,8.09935,117.0,,0.0,1.0245328821232736E7,,,true,,34,,,106.22373796206314,,153303040,15,,0,false,,,,,true,,4961234
98094,1,gt06,2025-04-30T04:19:06Z,2025-04-30T04:18:59Z,2025-04-30T04:18:59Z,true,20.983754444444443,81.81314666666667,0.0,0.0,117.0,,0.0,1.0245328821232736E7,,,true,,34,,,0.0,,153315040,15,,14,false,,,,,false,,4961234
98095,1,gt06,2025-04-30T04:19:35Z,2025-04-30T04:19:35Z,2025-04-30T04:18:59Z,true,20.983754444444443,81.81314666666667,0.0,0.0,117.0,,0.0,1.0245328821232736E7,,,true,2,19,,true,0.0,,153351514,,,,,,,100,70,false,false,
98096,1,gt06,2025-04-30T04:19:36Z,2025-04-30T04:19:36Z,2025-04-30T04:18:59Z,true,20.983754444444443,81.81314666666667,0.0,0.0,117.0,,0.0,1.0245328821232736E7,,,,,,,,0.0,,153351514,,,,,13.98,,,,false,,
98097,1,gt06,2025-04-30T04:19:37Z,2025-04-30T04:19:09Z,2025-04-30T04:19:09Z,true,20.983754444444443,81.81314666666667,0.0,0.0,117.0,,0.0,1.0245328821232736E7,,,true,,34,,,0.0,,153351514,15,,14,false,,,,,false,,4961234
98098,1,gt06,2025-04-30T04:19:37Z,2025-04-30T04:19:19Z,2025-04-30T04:19:19Z,true,20.983754444444443,81.81314666666667,0.0,0.0,117.0,,0.0,1.0245328821232736E7,,,true,,34,,,0.0,,153361514,15,,14,false,,,,,false,,4961234
98099,1,gt06,2025-04-30T04:19:37Z,2025-04-30T04:19:27Z,2025-04-30T04:19:27Z,true,20.983719444444446,81.81322833333334,0.0,3.7797,116.0,,0.0,1.0245338160911547E7,,,true,,34,,,9.339678811491279,,153369514,15,,0,false,,,,,true,,4961243
98100,1,gt06,2025-04-30T04:19:43Z,2025-04-30T04:19:39Z,2025-04-30T04:19:39Z,true,20.983719444444446,81.81322833333334,0.0,0.0,116.0,,0.0,1.0245338160911547E7,,,true,,34,,,0.0,,153381514,15,,14,false,,,,,false,,4961243
98101,1,gt06,2025-04-30T04:19:54Z,2025-04-30T04:19:47Z,2025-04-30T04:19:47Z,true,20.983458333333335,81.81377333333334,0.0,17.2786,117.0,,0.0,1.0245401828918211E7,,,true,,34,,,63.66800666353317,,153389514,15,,0,false,,,,,true,,4961306
98102,1,gt06,2025-04-30T04:20:03Z,2025-04-30T04:19:57Z,2025-04-30T04:19:57Z,true,20.983037222222222,81.81464777777776,0.0,24.2981,116.0,,0.0,1.0245504093588129E7,,,true,,34,,,102.26466991804553,,153399514,15,,0,false,,,,,true,,4961408
98103,1,gt06,2025-04-30T04:20:14Z,2025-04-30T04:20:07Z,2025-04-30T04:20:07Z,true,20.982497777777777,81.81576944444446,0.0,27.5378,117.0,,0.0,1.0245635233908668E7,,,true,,34,,,131.14032053870184,,153409514,15,,0,false,,,,,true,,4961539
98104,1,gt06,2025-04-30T04:20:24Z,2025-04-30T04:20:17Z,2025-04-30T04:20:17Z,true,20.981847777777777,81.81708666666667,0.0,31.3175,116.0,,0.0,1.0245790088246323E7,,,true,,34,,,154.8543376547278,,153419514,15,,0,false,,,,,true,,4961693
98105,1,gt06,2025-04-30T04:20:38Z,2025-04-30T04:20:38Z,2025-04-30T04:20:17Z,true,20.981847777777777,81.81708666666667,0.0,31.3175,116.0,,0.0,1.0245790088246323E7,,,true,4,19,,true,0.0,,153440212,,,,,,,100,70,true,false,
98106,1,gt06,2025-04-30T04:20:39Z,2025-04-30T04:20:39Z,2025-04-30T04:20:17Z,true,20.981847777777777,81.81708666666667,0.0,31.3175,116.0,,0.0,1.0245790088246323E7,,,,,,,,0.0,,153440212,,,,,13.93,,,,true,,
98107,1,gt06,2025-04-30T04:20:40Z,2025-04-30T04:20:17Z,2025-04-30T04:20:17Z,true,20.981847777777777,81.81708666666667,0.0,31.3175,116.0,,0.0,1.0245790088246323E7,,,true,,34,,,0.0,,153440212,15,,0,false,,,,,true,,4961693
98108,1,gt06,2025-04-30T04:20:40Z,2025-04-30T04:20:27Z,2025-04-30T04:20:27Z,true,20.981158333333333,81.81852333333335,0.0,32.9374,116.0,,0.0,1.0245957982046E7,,,true,,34,,,167.8937996780172,,153450212,15,,0,false,,,,,true,,4961860
98109,1,gt06,2025-04-30T04:20:44Z,2025-04-30T04:20:39Z,2025-04-30T04:20:39Z,true,20.981158333333333,81.81852333333335,0.0,0.0,116.0,,0.0,1.0245957982046E7,,,true,,34,,,0.0,,153462212,15,,14,false,,,,,false,,4961860
98110,1,gt06,2025-04-30T04:21:02Z,2025-04-30T04:20:47Z,2025-04-30T04:20:47Z,true,20.979882777777775,81.82122944444444,0.0,27.5378,117.0,,0.0,1.0246273062707905E7,,,true,,34,,,315.0806619033901,,153470212,15,,0,false,,,,,true,,4962175
98111,1,gt06,2025-04-30T04:21:05Z,2025-04-30T04:20:57Z,2025-04-30T04:20:57Z,true,20.979283333333335,81.82245166666667,0.0,27.5378,118.0,,0.0,1.0246416559888937E7,,,true,,34,,,143.49718103101355,,153480212,15,,0,false,,,,,true,,4962318
98112,1,gt06,2025-04-30T04:21:14Z,2025-04-30T04:21:07Z,2025-04-30T04:21:07Z,true,20.978688333333334,81.82374944444445,0.0,29.1577,113.0,,0.0,1.0246566835598134E7,,,true,,34,,,150.27570919651185,,153490212,15,,0,false,,,,,true,,4962468
98114,1,gt06,2025-04-30T04:21:27Z,2025-04-30T04:21:17Z,2025-04-30T04:21:17Z,true,20.97829888888889,81.82512833333334,0.0,28.6177,101.0,,0.0,1.024671657148939E7,,,true,,34,,,149.7358912572928,,153500212,15,,0,false,,,,,true,,4962617
98115,1,gt06,2025-04-30T04:21:36Z,2025-04-30T04:21:27Z,2025-04-30T04:21:27Z,true,20.978209444444445,81.82653722222223,0.0,27.5378,87.0,,0.0,1.0246863350679327E7,,,true,,34,,,146.7791899368597,,153510212,15,,0,false,,,,,true,,4962763
98116,1,gt06,2025-04-30T04:21:37Z,2025-04-30T04:21:37Z,2025-04-30T04:21:27Z,true,20.978209444444445,81.82653722222223,0.0,27.5378,87.0,,0.0,1.0246863350679327E7,,,true,4,19,,true,0.0,,153520485,,,,,,,100,70,true,false,
98117,1,gt06,2025-04-30T04:21:43Z,2025-04-30T04:21:37Z,2025-04-30T04:21:37Z,true,20.978310555555556,81.82792833333333,0.0,28.0778,84.0,,0.0,1.024700838134603E7,,,true,,34,,,145.0306667035559,,153520212,15,,0,false,,,,,true,,4962907
98118,1,gt06,2025-04-30T04:21:53Z,2025-04-30T04:21:47Z,2025-04-30T04:21:47Z,true,20.97844,81.8292988888889,0.0,27.5378,84.0,,0.0,1.0247151564840082E7,,,true,,34,,,143.18349405105153,,153530212,15,,0,false,,,,,true,,4963050
98120,1,gt06,2025-04-30T04:22:07Z,2025-04-30T04:21:57Z,2025-04-30T04:21:57Z,true,20.978563333333334,81.83061777777777,0.0,24.838,84.0,,0.0,1.0247289336816028E7,,,true,,34,,,137.77197594626315,,153540212,15,,0,false,,,,,true,,4963187
98121,1,gt06,2025-04-30T04:22:13Z,2025-04-30T04:22:07Z,2025-04-30T04:22:07Z,true,20.978671666666667,81.83154722222221,0.0,7.5594,75.0,,0.0,1.0247386693610158E7,,,true,,34,,,97.35679412947908,,153550212,15,,0,false,,,,,true,,4963284
98122,1,gt06,2025-04-30T04:22:23Z,2025-04-30T04:22:19Z,2025-04-30T04:22:19Z,true,20.978671666666667,81.83154722222221,0.0,0.0,75.0,,0.0,1.0247386693610158E7,,,true,,34,,,0.0,,153562212,15,,14,false,,,,,false,,4963284
98123,1,gt06,2025-04-30T04:22:34Z,2025-04-30T04:22:27Z,2025-04-30T04:22:27Z,true,20.978719444444447,81.83189333333333,0.0,10.7991,83.0,,0.0,1.0247423059610378E7,,,true,,34,,,36.36600022001425,,153570212,15,,0,false,,,,,true,,4963320
98124,1,gt06,2025-04-30T04:22:40Z,2025-04-30T04:22:40Z,2025-04-30T04:22:27Z,true,20.978719444444447,81.83189333333333,0.0,10.7991,83.0,,0.0,1.0247423059610378E7,,,true,4,19,,true,0.0,,153582745,,,,,,,100,70,true,false,
98125,1,gt06,2025-04-30T04:22:52Z,2025-04-30T04:22:37Z,2025-04-30T04:22:37Z,true,20.978765555555555,81.83268333333334,0.0,19.9784,88.0,,0.0,1.0247505332881894E7,,,true,,34,,,82.27327151514194,,153580212,15,,0,false,,,,,true,,4963402
98126,1,gt06,2025-04-30T04:22:53Z,2025-04-30T04:22:49Z,2025-04-30T04:22:49Z,true,20.978765555555555,81.83268333333334,0.0,0.0,88.0,,0.0,1.0247505332881894E7,,,true,,34,,,0.0,,153592212,15,,14,false,,,,,false,,4963402
98127,1,gt06,2025-04-30T04:23:37Z,2025-04-30T04:22:57Z,2025-04-30T04:22:57Z,true,20.97875888888889,81.83361277777777,0.0,8.63931,93.0,,0.0,1.0247601942631982E7,,,true,,34,,,96.60975008914106,,153600212,15,,0,false,,,,,true,,4963498
98128,1,gt06,2025-04-30T04:23:39Z,2025-04-30T04:23:39Z,2025-04-30T04:22:57Z,true,20.97875888888889,81.83361277777777,0.0,8.63931,93.0,,0.0,1.0247601942631982E7,,,true,4,19,,true,0.0,,153642442,,,,,,,100,70,true,false,
98129,1,gt06,2025-04-30T04:23:40Z,2025-04-30T04:23:40Z,2025-04-30T04:22:57Z,true,20.97875888888889,81.83361277777777,0.0,8.63931,93.0,,0.0,1.0247601942631982E7,,,,,,,,0.0,,153642442,,,,,13.88,,,,true,,
98130,1,gt06,2025-04-30T04:23:41Z,2025-04-30T04:22:57Z,2025-04-30T04:22:57Z,true,20.97875888888889,81.83361277777777,0.0,8.63931,93.0,,0.0,1.0247601942631982E7,,,true,,34,,,0.0,,153642442,15,,0,false,,,,,true,,4963498
98131,1,gt06,2025-04-30T04:23:41Z,2025-04-30T04:23:07Z,2025-04-30T04:23:07Z,true,20.97868111111111,81.834335,0.0,18.3585,100.0,,0.0,1.0247677508433625E7,,,true,,34,,,75.56580164286224,,153652442,15,,0,false,,,,,true,,4963573
98132,1,gt06,2025-04-30T04:23:41Z,2025-04-30T04:23:17Z,2025-04-30T04:23:17Z,true,20.978446666666667,81.83544666666667,0.0,24.2981,105.0,,0.0,1.0247795966445552E7,,,true,,34,,,118.45801192762558,,153662442,15,,0,false,,,,,true,,4963691
98133,1,gt06,2025-04-30T04:23:41Z,2025-04-30T04:23:27Z,2025-04-30T04:23:27Z,true,20.978070555555558,81.83672166666666,0.0,29.1577,107.0,,0.0,1.0247934947483702E7,,,true,,34,,,138.98103814943988,,153672442,15,,0,false,,,,,true,,4963830
98134,1,gt06,2025-04-30T04:24:23Z,2025-04-30T04:23:40Z,2025-04-30T04:23:40Z,true,20.978070555555558,81.83672166666666,0.0,0.0,107.0,,0.0,1.0247934947483702E7,,,true,,34,,,0.0,,153685442,15,,14,false,,,,,false,,4963830
98135,1,gt06,2025-04-30T04:24:24Z,2025-04-30T04:23:47Z,2025-04-30T04:23:47Z,true,20.977160555555557,81.83964555555556,0.0,31.3175,108.0,,0.0,1.0248255298530024E7,,,true,,34,,,320.35104632145004,,153692442,15,,0,false,,,,,true,,4964150
98136,1,gt06,2025-04-30T04:24:24Z,2025-04-30T04:23:57Z,2025-04-30T04:23:57Z,true,20.976728333333334,81.84105777777778,0.0,28.6177,108.0,,0.0,1.024840977180571E7,,,true,,34,,,154.4732756849844,,153702442,15,,0,false,,,,,true,,4964304
98137,1,gt06,2025-04-30T04:24:24Z,2025-04-30T04:24:07Z,2025-04-30T04:24:07Z,true,20.976317777777776,81.84238166666667,0.0,27.5378,107.0,,0.0,1.0248554770529134E7,,,true,,34,,,144.99872342505248,,153712442,15,,0,false,,,,,true,,4964448
98138,1,gt06,2025-04-30T04:24:24Z,2025-04-30T04:24:17Z,2025-04-30T04:24:17Z,true,20.975910555555554,81.8437311111111,0.0,28.6177,108.0,,0.0,1.0248702178355696E7,,,true,,34,,,147.40782656164382,,153722442,15,,0,false,,,,,true,,4964595
98139,1,gt06,2025-04-30T04:25:23Z,2025-04-30T04:24:27Z,2025-04-30T04:24:27Z,true,20.97547722222222,81.84513222222223,0.0,29.6976,108.0,,0.0,1.0248855594600474E7,,,true,,34,,,153.41624477931808,,153732442,15,,0,false,,,,,true,,4964748
98140,1,gt06,2025-04-30T04:25:24Z,2025-04-30T04:25:24Z,2025-04-30T04:24:27Z,true,20.97547722222222,81.84513222222223,0.0,29.6976,108.0,,0.0,1.0248855594600474E7,,,true,4,19,,true,0.0,,153789255,,,,,,,100,70,true,false,
98141,1,gt06,2025-04-30T04:25:25Z,2025-04-30T04:24:37Z,2025-04-30T04:24:37Z,true,20.975056666666664,81.84652555555556,0.0,28.6177,107.0,,0.0,1.0249007800498195E7,,,true,,34,,,152.2058977201221,,153742442,15,,0,false,,,,,true,,4964900
98142,1,gt06,2025-04-30T04:25:25Z,2025-04-30T04:24:47Z,2025-04-30T04:24:47Z,true,20.97464888888889,81.84786722222222,0.0,26.9979,108.0,,0.0,1.0249154459522048E7,,,true,,34,,,146.65902385250908,,153752442,15,,0,false,,,,,true,,4965046
98143,1,gt06,2025-04-30T04:25:25Z,2025-04-30T04:24:57Z,2025-04-30T04:24:57Z,true,20.974264444444444,81.84913888888889,0.0,26.4579,108.0,,0.0,1.0249293396366617E7,,,true,,34,,,138.9368445682648,,153762442,15,,0,false,,,,,true,,4965184
98144,1,gt06,2025-04-30T04:25:25Z,2025-04-30T04:25:07Z,2025-04-30T04:25:07Z,true,20.97389944444444,81.85035666666667,0.0,25.378,107.0,,0.0,1.0249426338149687E7,,,true,,34,,,132.94178306964508,,153772442,15,,0,false,,,,,true,,4965316
98145,1,gt06,2025-04-30T04:25:25Z,2025-04-30T04:25:17Z,2025-04-30T04:25:17Z,true,20.973515555555554,81.85160499999999,0.0,27.5378,108.0,,0.0,1.0249562950873727E7,,,true,,34,,,136.6127240397137,,153782442,15,,0,false,,,,,true,,4965452
98146,1,gt06,2025-04-30T04:25:34Z,2025-04-30T04:25:27Z,2025-04-30T04:25:27Z,true,20.973135555555555,81.8528938888889,0.0,25.9179,106.0,,0.0,1.0249703443103727E7,,,true,,34,,,140.4922299996507,,153792442,15,,0,false,,,,,true,,4965592
98147,1,gt06,2025-04-30T04:25:40Z,2025-04-30T04:25:40Z,2025-04-30T04:25:27Z,true,20.973135555555555,81.8528938888889,0.0,25.9179,106.0,,0.0,1.0249703443103727E7,,,true,4,19,,true,0.0,,153805292,,,,,,,100,70,true,false,
98148,1,gt06,2025-04-30T04:25:43Z,2025-04-30T04:25:37Z,2025-04-30T04:25:37Z,true,20.972843333333334,81.85388555555556,0.0,11.8791,108.0,,0.0,1.0249811532586943E7,,,true,,34,,,108.08948321650058,,153802442,15,,0,false,,,,,true,,4965700
98149,1,gt06,2025-04-30T04:25:53Z,2025-04-30T04:25:47Z,2025-04-30T04:25:47Z,true,20.97280111111111,81.85402111111111,0.0,3.7797,109.0,,0.0,1.0249826386110296E7,,,true,,34,,,14.853523352412719,,153812442,15,,0,false,,,,,true,,4965714
98150,1,gt06,2025-04-30T04:26:04Z,2025-04-30T04:25:57Z,2025-04-30T04:25:57Z,true,20.972646666666666,81.85445166666666,0.0,14.5788,108.0,,0.0,1.0249874328835785E7,,,true,,34,,,47.94272548833019,,153822442,15,,0,false,,,,,true,,4965761
98151,1,gt06,2025-04-30T04:26:13Z,2025-04-30T04:26:07Z,2025-04-30T04:26:07Z,true,20.972389999999997,81.85526833333333,0.0,19.9784,108.0,,0.0,1.024996389656277E7,,,true,,34,,,89.56772698374995,,153832442,15,,0,false,,,,,true,,4965850
98153,1,gt06,2025-04-30T04:26:24Z,2025-04-30T04:26:24Z,2025-04-30T04:26:07Z,true,20.972389999999997,81.85526833333333,0.0,19.9784,108.0,,0.0,1.024996389656277E7,,,true,4,19,,true,0.0,,153849779,,,,,,,100,70,true,false,
98154,1,gt06,2025-04-30T04:26:25Z,2025-04-30T04:26:25Z,2025-04-30T04:26:07Z,true,20.972389999999997,81.85526833333333,0.0,19.9784,108.0,,0.0,1.024996389656277E7,,,,,,,,0.0,,153849779,,,,,13.93,,,,true,,
98155,1,gt06,2025-04-30T04:26:26Z,2025-04-30T04:26:17Z,2025-04-30T04:26:17Z,true,20.972100555555556,81.85620055555556,0.0,18.8985,108.0,,0.0,1.0250066012972388E7,,,true,,34,,,102.11640961807129,,153849779,15,,0,false,,,,,true,,4965952
98157,1,gt06,2025-04-30T04:26:44Z,2025-04-30T04:26:27Z,2025-04-30T04:26:27Z,true,20.971882777777775,81.85703666666667,0.0,12.959,90.0,,0.0,1.0250156240568696E7,,,true,,34,,,90.22759630728964,,153859779,15,,2,false,,,,,true,,4966042
98158,1,gt06,2025-04-30T04:26:44Z,2025-04-30T04:26:28Z,2025-04-30T04:26:28Z,true,20.97188611111111,81.8571011111111,0.0,12.419,84.0,,0.0,1.0250162617321504E7,,,true,,34,,,96.60434911615987,,153860779,15,,2,false,,,,,true,,4966048
98156,1,gt06,2025-04-30T04:26:42Z,2025-04-30T04:26:29Z,2025-04-30T04:26:29Z,true,20.972100555555556,81.85620055555556,0.0,0.0,108.0,,0.0,1.0250066012972388E7,,,true,,34,,,0.0,,153861779,15,,14,false,,,,,false,,4965952
98159,1,gt06,2025-04-30T04:26:44Z,2025-04-30T04:26:38Z,2025-04-30T04:26:38Z,true,20.971961111111113,81.85756388888889,0.0,5.93953,81.0,,0.0,1.0250208572513392E7,,,true,,34,,,142.55954100381908,,153870779,15,,0,false,,,,,true,,4966096
98160,1,gt06,2025-04-30T04:26:58Z,2025-04-30T04:26:48Z,2025-04-30T04:26:48Z,true,20.972026666666668,81.85786666666667,0.0,7.5594,73.0,,0.0,1.0250240879792767E7,,,true,,34,,,32.30727937484569,,153880779,15,,0,false,,,,,true,,4966128
98161,1,gt06,2025-04-30T04:27:21Z,2025-04-30T04:27:03Z,2025-04-30T04:27:03Z,true,20.972026666666668,81.85786666666667,0.0,0.0,73.0,,0.0,1.0250240879792767E7,,,true,,34,,,0.0,,153895779,15,,14,false,,,,,false,,4966128
98162,1,gt06,2025-04-30T04:27:24Z,2025-04-30T04:27:24Z,2025-04-30T04:27:03Z,true,20.972026666666668,81.85786666666667,0.0,0.0,73.0,,0.0,1.0250240879792767E7,,,true,4,19,,true,0.0,,153916351,,,,,,,100,70,false,false,
98163,1,gt06,2025-04-30T04:27:24Z,2025-04-30T04:27:24Z,2025-04-30T04:27:03Z,true,20.972026666666668,81.85786666666667,0.0,0.0,73.0,,0.0,1.0250240879792767E7,,,,,,,,0.0,,153916351,,,,,13.88,,,,false,,
98164,1,gt06,2025-04-30T04:27:25Z,2025-04-30T04:27:03Z,2025-04-30T04:27:03Z,true,20.972026666666668,81.85786666666667,0.0,0.0,73.0,,0.0,1.0250240879792767E7,,,true,,34,,,0.0,,153916351,15,,14,false,,,,,false,,4966128
98165,1,gt06,2025-04-30T04:27:25Z,2025-04-30T04:27:13Z,2025-04-30T04:27:13Z,true,20.972026666666668,81.85786666666667,0.0,0.0,73.0,,0.0,1.0250240879792767E7,,,true,,34,,,0.0,,153926351,15,,14,false,,,,,false,,4966128
98166,1,gt06,2025-04-30T04:27:25Z,2025-04-30T04:27:13Z,2025-04-30T04:27:13Z,true,20.972035,81.85798944444444,0.0,3.7797,90.0,,0.0,1.0250253675619243E7,,,true,,34,,,12.795826476825884,,153926351,15,,2,false,,,,,true,,4966140
98167,1,gt06,2025-04-30T04:27:29Z,2025-04-30T04:27:25Z,2025-04-30T04:27:25Z,true,20.972035,81.85798944444444,0.0,0.0,90.0,,0.0,1.0250253675619243E7,,,true,,34,,,0.0,,153938351,15,,14,false,,,,,false,,4966140
98168,1,gt06,2025-04-30T04:27:40Z,2025-04-30T04:27:33Z,2025-04-30T04:27:33Z,true,20.97217277777778,81.85908611111111,0.0,15.6588,81.0,,0.0,1.0250368695919061E7,,,true,,34,,,115.02029981781212,,153946351,15,,0,false,,,,,true,,4966255
98169,1,gt06,2025-04-30T04:27:54Z,2025-04-30T04:27:43Z,2025-04-30T04:27:43Z,true,20.97225111111111,81.85962888888889,0.0,5.93953,79.0,,0.0,1.0250425784872038E7,,,true,,34,,,57.08895297782804,,153956351,15,,0,false,,,,,true,,4966312
98170,1,gt06,2025-04-30T04:28:00Z,2025-04-30T04:27:53Z,2025-04-30T04:27:53Z,true,20.972318333333334,81.86006333333333,0.0,13.4989,81.0,,0.0,1.0250471559005914E7,,,true,,34,,,45.7741338762536,,153966351,15,,0,false,,,,,true,,4966357
98171,1,gt06,2025-04-30T04:28:10Z,2025-04-30T04:28:03Z,2025-04-30T04:28:03Z,true,20.97243111111111,81.86072722222222,0.0,6.47948,84.0,,0.0,1.02505416995737E7,,,true,,34,,,70.1405677854353,,153976351,15,,0,false,,,,,true,,4966427
98172,1,gt06,2025-04-30T04:28:20Z,2025-04-30T04:28:13Z,2025-04-30T04:28:13Z,true,20.972453333333334,81.86088388888889,0.0,8.63931,85.0,,0.0,1.0250558171090662E7,,,true,,34,,,16.471516963464516,,153986351,15,,0,false,,,,,true,,4966443
98173,1,gt06,2025-04-30T04:28:24Z,2025-04-30T04:28:24Z,2025-04-30T04:28:13Z,true,20.972453333333334,81.86088388888889,0.0,8.63931,85.0,,0.0,1.0250558171090662E7,,,true,4,19,,true,0.0,,153997283,,,,,,,100,70,true,false,
98174,1,gt06,2025-04-30T04:28:30Z,2025-04-30T04:28:23Z,2025-04-30T04:28:23Z,true,20.972526666666667,81.86149,0.0,15.6588,82.0,,0.0,1.0250621699895322E7,,,true,,34,,,63.528804659499684,,153996351,15,,0,false,,,,,true,,4966506
98175,1,gt06,2025-04-30T04:28:39Z,2025-04-30T04:28:33Z,2025-04-30T04:28:33Z,true,20.972630000000002,81.86224944444444,0.0,7.5594,85.0,,0.0,1.025070147387529E7,,,true,,34,,,79.77397996662737,,154006351,15,,0,false,,,,,true,,4966585
98176,1,gt06,2025-04-30T04:28:50Z,2025-04-30T04:28:50Z,2025-04-30T04:28:33Z,true,20.972630000000002,81.86224944444444,0.0,7.5594,85.0,,0.0,1.025070147387529E7,,,true,4,19,,true,0.0,,154023312,,,,,,,100,70,true,false,
98177,1,gt06,2025-04-30T04:28:51Z,2025-04-30T04:28:51Z,2025-04-30T04:28:33Z,true,20.972630000000002,81.86224944444444,0.0,7.5594,85.0,,0.0,1.025070147387529E7,,,,,,,,0.0,,154023312,,,,,13.88,,,,true,,
98178,1,gt06,2025-04-30T04:28:52Z,2025-04-30T04:28:43Z,2025-04-30T04:28:43Z,true,20.97265611111111,81.86234833333334,0.0,8.09935,75.0,,0.0,1.0250712155924568E7,,,true,,34,,,10.68204927869156,,154023312,15,,0,false,,,,,true,,4966595
98179,1,gt06,2025-04-30T04:29:03Z,2025-04-30T04:28:55Z,2025-04-30T04:28:55Z,true,20.97265611111111,81.86234833333334,0.0,0.0,75.0,,0.0,1.0250712155924568E7,,,true,,34,,,0.0,,154035312,15,,14,false,,,,,false,,4966595
98180,1,gt06,2025-04-30T04:29:10Z,2025-04-30T04:29:03Z,2025-04-30T04:29:03Z,true,20.972856666666665,81.86379944444445,0.0,21.0583,82.0,,0.0,1.0250864634478739E7,,,true,,34,,,152.47855417033531,,154043312,15,,0,false,,,,,true,,4966747
98181,1,gt06,2025-04-30T04:29:22Z,2025-04-30T04:29:13Z,2025-04-30T04:29:13Z,true,20.972975555555557,81.864835,0.0,19.9784,88.0,,0.0,1.0250973085393336E7,,,true,,34,,,108.45091459749099,,154053312,15,,0,false,,,,,true,,4966855
98182,1,gt06,2025-04-30T04:29:25Z,2025-04-30T04:29:19Z,2025-04-30T04:29:19Z,true,20.97290333333333,81.86539055555556,0.0,17.8186,110.0,,0.0,1.025103138932799E7,,,true,,34,,,58.30393465487677,,154059312,15,,2,false,,,,,true,,4966913
98183,1,gt06,2025-04-30T04:29:26Z,2025-04-30T04:29:20Z,2025-04-30T04:29:20Z,true,20.972870555555556,81.8654738888889,0.0,17.8186,115.0,,0.0,1.025104078852158E7,,,true,,34,,,9.399193589590988,,154060312,15,,2,false,,,,,true,,4966922
98184,1,gt06,2025-04-30T04:29:32Z,2025-04-30T04:29:25Z,2025-04-30T04:29:25Z,true,20.972616666666667,81.86584555555555,0.0,18.3585,134.0,,0.0,1.0251088655791178E7,,,true,,34,,,47.867269597730086,,154065312,15,,2,false,,,,,true,,4966969
98185,1,gt06,2025-04-30T04:29:32Z,2025-04-30T04:29:26Z,2025-04-30T04:29:26Z,true,20.97255388888889,81.86591166666668,0.0,18.8985,136.0,,0.0,1.02510984568457E7,,,true,,34,,,9.801054522008615,,154066312,15,,2,false,,,,,true,,4966978
98186,1,gt06,2025-04-30T04:29:42Z,2025-04-30T04:29:36Z,2025-04-30T04:29:36Z,true,20.971831666666667,81.86658,0.0,21.0583,140.0,,0.0,1.025120471039174E7,,,true,,34,,,106.25354603894873,,154076312,15,,0,false,,,,,true,,4967084
98187,1,gt06,2025-04-30T04:29:50Z,2025-04-30T04:29:50Z,2025-04-30T04:29:36Z,true,20.971831666666667,81.86658,0.0,21.0583,140.0,,0.0,1.025120471039174E7,,,true,4,19,,true,0.0,,154090616,,,,,,,100,70,true,false,
98188,1,gt06,2025-04-30T04:29:57Z,2025-04-30T04:29:46Z,2025-04-30T04:29:46Z,true,20.97106388888889,81.86731388888889,0.0,19.9784,134.0,,0.0,1.0251319271341112E7,,,true,,34,,,114.56094937267373,,154086312,15,,0,false,,,,,true,,4967198
98189,1,gt06,2025-04-30T04:29:58Z,2025-04-30T04:29:52Z,2025-04-30T04:29:52Z,true,20.970816666666668,81.86767277777777,0.0,8.63931,109.0,,0.0,1.0251365629208954E7,,,true,,34,,,46.35786784323335,,154092312,15,,2,false,,,,,true,,4967244
98190,1,gt06,2025-04-30T04:30:00Z,2025-04-30T04:29:53Z,2025-04-30T04:29:53Z,true,20.970803333333333,81.86771555555556,0.0,8.63931,105.0,,0.0,1.0251370316969015E7,,,true,,34,,,4.687760060121846,,154093312,15,,2,false,,,,,true,,4967248
98191,1,gt06,2025-04-30T04:30:09Z,2025-04-30T04:30:03Z,2025-04-30T04:30:03Z,true,20.97073333333333,81.86825833333333,0.0,15.1188,92.0,,0.0,1.0251427272145327E7,,,true,,34,,,56.95517631156077,,154103312,15,,0,false,,,,,true,,4967304
98192,1,gt06,2025-04-30T04:30:21Z,2025-04-30T04:30:13Z,2025-04-30T04:30:13Z,true,20.970707777777776,81.86920555555555,0.0,19.4385,93.0,,0.0,1.0251525773262896E7,,,true,,34,,,98.50111756882144,,154113312,15,,0,false,,,,,true,,4967402
98193,1,gt06,2025-04-30T04:30:32Z,2025-04-30T04:30:23Z,2025-04-30T04:30:23Z,true,20.970661666666665,81.87011555555556,0.0,19.4385,95.0,,0.0,1.0251620503382638E7,,,true,,34,,,94.73011974298089,,154123312,15,,0,false,,,,,true,,4967496
98194,1,gt06,2025-04-30T04:30:43Z,2025-04-30T04:30:33Z,2025-04-30T04:30:33Z,true,20.97062777777778,81.87081055555556,0.0,3.7797,96.0,,0.0,1.0251692844370732E7,,,true,,34,,,72.34098809392174,,154133312,15,,0,false,,,,,true,,4967568
98195,1,gt06,2025-04-30T04:30:51Z,2025-04-30T04:30:45Z,2025-04-30T04:30:45Z,true,20.97062777777778,81.87081055555556,0.0,0.0,96.0,,0.0,1.0251692844370732E7,,,true,,34,,,0.0,,154145312,15,,14,false,,,,,false,,4967568
98196,1,gt06,2025-04-30T04:30:52Z,2025-04-30T04:30:52Z,2025-04-30T04:30:45Z,true,20.97062777777778,81.87081055555556,0.0,0.0,96.0,,0.0,1.0251692844370732E7,,,true,4,19,,true,0.0,,154152025,,,,,,,100,70,false,false,
98197,1,gt06,2025-04-30T04:30:59Z,2025-04-30T04:30:55Z,2025-04-30T04:30:55Z,true,20.97062777777778,81.87081055555556,0.0,0.0,96.0,,0.0,1.0251692844370732E7,,,true,,34,,,0.0,,154155312,15,,14,false,,,,,false,,4967568
98198,1,gt06,2025-04-30T04:31:10Z,2025-04-30T04:31:03Z,2025-04-30T04:31:03Z,true,20.970625,81.87087444444445,0.0,5.39957,93.0,,0.0,1.0251699492568994E7,,,true,,34,,,6.648198261603571,,154163312,15,,0,false,,,,,true,,4967574
98200,1,gt06,2025-04-30T04:31:31Z,2025-04-30T04:31:13Z,2025-04-30T04:31:13Z,true,20.97063222222222,81.87133388888888,0.0,12.959,89.0,,0.0,1.025174725680977E7,,,true,,34,,,47.76424077498075,,154173312,15,,0,false,,,,,true,,4967621
98201,1,gt06,2025-04-30T04:31:33Z,2025-04-30T04:31:23Z,2025-04-30T04:31:23Z,true,20.970626111111113,81.87216555555555,0.0,19.4385,91.0,,0.0,1.0251833708021235E7,,,true,,34,,,86.45121146526854,,154183312,15,,0,false,,,,,true,,4967707
98202,1,gt06,2025-04-30T04:31:45Z,2025-04-30T04:31:33Z,2025-04-30T04:31:33Z,true,20.970571666666668,81.87326388888889,0.0,23.2182,94.0,,0.0,1.0251948036305806E7,,,true,,34,,,114.32828457094148,,154193312,15,,0,false,,,,,true,,4967821
98203,1,gt06,2025-04-30T04:31:49Z,2025-04-30T04:31:43Z,2025-04-30T04:31:43Z,true,20.97050388888889,81.87444611111111,0.0,24.2981,93.0,,0.0,1.0252071155214427E7,,,true,,34,,,123.11890862098399,,154203312,15,,0,false,,,,,true,,4967944
98204,1,gt06,2025-04-30T04:31:50Z,2025-04-30T04:31:50Z,2025-04-30T04:31:43Z,true,20.97050388888889,81.87444611111111,0.0,24.2981,93.0,,0.0,1.0252071155214427E7,,,true,4,19,,true,0.0,,154210156,,,,,,,100,70,true,false,
98206,1,gt06,2025-04-30T04:32:00Z,2025-04-30T04:31:53Z,2025-04-30T04:31:53Z,true,20.970438333333334,81.87575888888888,0.0,28.0778,94.0,,0.0,1.0252207808527587E7,,,true,,34,,,136.65331315921767,,154213312,15,,0,false,,,,,true,,4968080
98207,1,gt06,2025-04-30T04:32:09Z,2025-04-30T04:32:03Z,2025-04-30T04:32:03Z,true,20.97037166666667,81.8769588888889,0.0,21.0583,93.0,,0.0,1.0252332764650295E7,,,true,,34,,,124.95612270690002,,154223312,15,,0,false,,,,,true,,4968204
98208,1,gt06,2025-04-30T04:32:19Z,2025-04-30T04:32:13Z,2025-04-30T04:32:13Z,true,20.970325555555558,81.87790222222223,0.0,17.2786,93.0,,0.0,1.0252430954949128E7,,,true,,34,,,98.19029883353322,,154233312,15,,0,false,,,,,true,,4968302
98209,1,gt06,2025-04-30T04:32:35Z,2025-04-30T04:32:23Z,2025-04-30T04:32:23Z,true,20.97019277777778,81.87887222222221,0.0,21.5983,102.0,,0.0,1.0252532860573165E7,,,true,,34,,,101.90562403696785,,154243312,15,,0,false,,,,,true,,4968403
98210,1,gt06,2025-04-30T04:32:46Z,2025-04-30T04:32:33Z,2025-04-30T04:32:33Z,true,20.969976111111112,81.879875,0.0,17.8186,108.0,,0.0,1.0252639849941406E7,,,true,,34,,,106.98936824182428,,154253312,15,,0,false,,,,,true,,4968509
98211,1,gt06,2025-04-30T04:32:47Z,2025-04-30T04:32:40Z,2025-04-30T04:32:40Z,true,20.969738333333336,81.88035444444445,0.0,13.4989,129.0,,0.0,1.0252696279685067E7,,,true,,34,,,56.429743660555054,,154260312,15,,2,false,,,,,true,,4968565
98212,1,gt06,2025-04-30T04:32:47Z,2025-04-30T04:32:41Z,2025-04-30T04:32:41Z,true,20.96969722222222,81.88040555555555,0.0,13.4989,132.0,,0.0,1.0252703291836843E7,,,true,,34,,,7.012151775907505,,154261312,15,,2,false,,,,,true,,4968572
98213,1,gt06,2025-04-30T04:32:50Z,2025-04-30T04:32:50Z,2025-04-30T04:32:41Z,true,20.96969722222222,81.88040555555555,0.0,13.4989,132.0,,0.0,1.0252703291836843E7,,,true,4,19,,true,0.0,,154270704,,,,,,,83,70,true,false,
98214,1,gt06,2025-04-30T04:32:54Z,2025-04-30T04:32:48Z,2025-04-30T04:32:48Z,true,20.969353333333334,81.88070166666667,0.0,14.0389,152.0,,0.0,1.0252752412851589E7,,,true,,34,,,49.121014745081084,,154268312,15,,2,false,,,,,true,,4968621
98215,1,gt06,2025-04-30T04:32:55Z,2025-04-30T04:32:49Z,2025-04-30T04:32:49Z,true,20.969295,81.88073388888888,0.0,14.0389,152.0,,0.0,1.025275971941252E7,,,true,,34,,,7.306560931397839,,154269312,15,,2,false,,,,,true,,4968628
98216,1,gt06,2025-04-30T04:33:06Z,2025-04-30T04:32:59Z,2025-04-30T04:32:59Z,true,20.96869,81.880965,0.0,10.2592,163.0,,0.0,1.0252831224060692E7,,,true,,34,,,71.50464817188617,,154279312,15,,0,false,,,,,true,,4968699
98217,1,gt06,2025-04-30T04:33:17Z,2025-04-30T04:33:09Z,2025-04-30T04:33:09Z,true,20.96835388888889,81.881065,0.0,5.93953,166.0,,0.0,1.0252870056868572E7,,,true,,34,,,38.83280787919704,,154289312,15,,0,false,,,,,true,,4968737
98218,1,gt06,2025-04-30T04:33:25Z,2025-04-30T04:33:19Z,2025-04-30T04:33:19Z,true,20.967961111111112,81.88122666666666,0.0,8.09935,158.0,,0.0,1.0252916898915801E7,,,true,,34,,,46.842047230053936,,154299312,15,,0,false,,,,,true,,4968783
98219,1,gt06,2025-04-30T04:33:36Z,2025-04-30T04:33:30Z,2025-04-30T04:33:30Z,true,20.967961111111112,81.88122666666666,0.0,0.0,158.0,,0.0,1.0252916898915801E7,,,true,,34,,,0.0,,154310312,15,,14,false,,,,,false,,4968783
98220,1,gt06,2025-04-30T04:33:47Z,2025-04-30T04:33:41Z,2025-04-30T04:33:41Z,true,20.967961111111112,81.88122666666666,0.0,0.0,158.0,,0.0,1.0252916898915801E7,,,true,,34,,,0.0,,154321312,15,,14,false,,,,,false,,4968783
98221,1,gt06,2025-04-30T04:33:50Z,2025-04-30T04:33:50Z,2025-04-30T04:33:41Z,true,20.967961111111112,81.88122666666666,0.0,0.0,158.0,,0.0,1.0252916898915801E7,,,true,4,19,,true,0.0,,154330643,,,,,,,100,70,false,false,
98222,1,gt06,2025-04-30T04:33:55Z,2025-04-30T04:33:51Z,2025-04-30T04:33:51Z,true,20.967961111111112,81.88122666666666,0.0,0.0,158.0,,0.0,1.0252916898915801E7,,,true,,34,,,0.0,,154331312,15,,14,false,,,,,false,,4968783
98223,1,gt06,2025-04-30T04:34:06Z,2025-04-30T04:34:01Z,2025-04-30T04:34:01Z,true,20.967961111111112,81.88122666666666,0.0,0.0,158.0,,0.0,1.0252916898915801E7,,,true,,34,,,0.0,,154341312,15,,14,false,,,,,false,,4968783
98224,1,gt06,2025-04-30T04:34:17Z,2025-04-30T04:34:11Z,2025-04-30T04:34:11Z,true,20.967961111111112,81.88122666666666,0.0,0.0,158.0,,0.0,1.0252916898915801E7,,,true,,34,,,0.0,,154351312,15,,14,false,,,,,false,,4968783
98225,1,gt06,2025-04-30T04:34:33Z,2025-04-30T04:34:21Z,2025-04-30T04:34:21Z,true,20.967961111111112,81.88122666666666,0.0,0.0,158.0,,0.0,1.0252916898915801E7,,,true,,34,,,0.0,,154361312,15,,14,false,,,,,false,,4968783
98226,1,gt06,2025-04-30T04:34:35Z,2025-04-30T04:34:31Z,2025-04-30T04:34:31Z,true,20.967961111111112,81.88122666666666,0.0,0.0,158.0,,0.0,1.0252916898915801E7,,,true,,34,,,0.0,,154371312,15,,14,false,,,,,false,,4968783
98227,1,gt06,2025-04-30T04:34:56Z,2025-04-30T04:34:41Z,2025-04-30T04:34:41Z,true,20.967961111111112,81.88122666666666,0.0,0.0,158.0,,0.0,1.0252916898915801E7,,,true,,34,,,0.0,,154381312,15,,14,false,,,,,false,,4968783
98228,1,gt06,2025-04-30T04:34:57Z,2025-04-30T04:34:57Z,2025-04-30T04:34:41Z,true,20.967961111111112,81.88122666666666,0.0,0.0,158.0,,0.0,1.0252916898915801E7,,,true,4,19,,true,0.0,,154397724,,,,,,,100,70,false,false,
98229,1,gt06,2025-04-30T04:34:58Z,2025-04-30T04:34:51Z,2025-04-30T04:34:51Z,true,20.967961111111112,81.88122666666666,0.0,0.0,158.0,,0.0,1.0252916898915801E7,,,true,,34,,,0.0,,154391312,15,,14,false,,,,,false,,4968783
98230,1,gt06,2025-04-30T04:35:07Z,2025-04-30T04:35:01Z,2025-04-30T04:35:01Z,true,20.967961111111112,81.88122666666666,0.0,0.0,158.0,,0.0,1.0252916898915801E7,,,true,,34,,,0.0,,154401312,15,,14,false,,,,,false,,4968783
98231,1,gt06,2025-04-30T04:35:17Z,2025-04-30T04:35:11Z,2025-04-30T04:35:11Z,true,20.967961111111112,81.88122666666666,0.0,0.0,158.0,,0.0,1.0252916898915801E7,,,true,,34,,,0.0,,154411312,15,,14,false,,,,,false,,4968783
98232,1,gt06,2025-04-30T04:35:26Z,2025-04-30T04:35:21Z,2025-04-30T04:35:21Z,true,20.967961111111112,81.88122666666666,0.0,0.0,158.0,,0.0,1.0252916898915801E7,,,true,,34,,,0.0,,154421312,15,,14,false,,,,,false,,4968783
98233,1,gt06,2025-04-30T04:35:27Z,2025-04-30T04:35:27Z,2025-04-30T04:35:21Z,true,20.967961111111112,81.88122666666666,0.0,0.0,158.0,,0.0,1.0252916898915801E7,,,false,4,19,,true,0.0,,154421312,,,,,,,100,68,false,false,
98234,1,gt06,2025-04-30T04:35:28Z,2025-04-30T04:35:22Z,2025-04-30T04:35:22Z,true,20.96769888888889,81.88136,0.0,2.15983,162.0,,0.0,1.0252949212605478E7,,,false,,34,,,32.31368967776137,,154421312,15,,3,false,,,,,true,,4968783
98235,1,gt06,2025-04-30T04:35:37Z,2025-04-30T04:35:30Z,2025-04-30T04:35:30Z,true,20.967687222222224,81.88136555555556,0.0,0.0,162.0,,0.0,1.025295063393844E7,,,false,4,38,,true,1.4213329601581655,,154421312,15,,,,,,100,68,false,false,
98236,1,gt06,2025-04-30T04:35:38Z,2025-04-30T04:35:34Z,2025-04-30T04:35:34Z,true,20.96769888888889,81.88136,0.0,0.0,162.0,,0.0,1.02529520552714E7,,,false,,34,,,1.4213329601581655,,154421312,15,,14,false,,,,,false,,4968783
98238,1,gt06,2025-04-30T04:35:53Z,2025-04-30T04:35:42Z,2025-04-30T04:35:42Z,true,20.967687777777776,81.88136722222222,0.0,0.0,162.0,,0.0,1.0252953502159752E7,,,false,,34,,,1.4468883522224463,,154421312,15,,4,false,,,,,false,,4968783
98237,1,gt06,2025-04-30T04:35:51Z,2025-04-30T04:35:44Z,2025-04-30T04:35:44Z,true,20.96769888888889,81.88136,0.0,0.0,162.0,,0.0,1.02529520552714E7,,,false,,34,,,0.0,,154421312,15,,14,false,,,,,false,,4968783
98239,1,gt06,2025-04-30T04:36:01Z,2025-04-30T04:35:54Z,2025-04-30T04:35:54Z,true,20.967687777777776,81.88136722222222,0.0,0.0,162.0,,0.0,1.0252953502159752E7,,,false,,34,,,1.4468883522224463,,154421312,15,,14,false,,,,,false,,4968783
98241,1,gt06,2025-04-30T04:36:25Z,2025-04-30T04:36:04Z,2025-04-30T04:36:04Z,true,20.967687777777776,81.88136722222222,0.0,0.0,162.0,,0.0,1.0252953502159752E7,,,false,,34,,,0.0,,154421312,15,,14,false,,,,,false,,4968783
98242,1,gt06,2025-04-30T04:36:27Z,2025-04-30T04:36:27Z,2025-04-30T04:36:04Z,true,20.967687777777776,81.88136722222222,0.0,0.0,162.0,,0.0,1.0252953502159752E7,,,false,4,19,,true,0.0,,154421312,,,,,,,100,68,false,false,
98243,1,gt06,2025-04-30T04:36:28Z,2025-04-30T04:36:14Z,2025-04-30T04:36:14Z,true,20.967687777777776,81.88136722222222,0.0,0.0,162.0,,0.0,1.0252953502159752E7,,,false,,34,,,0.0,,154421312,15,,14,false,,,,,false,,4968783
98244,1,gt06,2025-04-30T04:36:28Z,2025-04-30T04:36:24Z,2025-04-30T04:36:24Z,true,20.967687777777776,81.88136722222222,0.0,0.0,162.0,,0.0,1.0252953502159752E7,,,false,,34,,,0.0,,154421312,15,,14,false,,,,,false,,4968783
98245,1,gt06,2025-04-30T04:36:41Z,2025-04-30T04:36:34Z,2025-04-30T04:36:34Z,true,20.967687777777776,81.88136722222222,0.0,0.0,162.0,,0.0,1.0252953502159752E7,,,false,,34,,,0.0,,154421312,15,,14,false,,,,,false,,4968783
98246,1,gt06,2025-04-30T04:36:48Z,2025-04-30T04:36:43Z,2025-04-30T04:36:43Z,true,20.967687777777776,81.88136722222222,0.0,0.0,162.0,,0.0,1.0252953502159752E7,,,false,,34,,,0.0,,154421312,15,,14,false,,,,,false,,4968783
98247,1,gt06,2025-04-30T04:36:59Z,2025-04-30T04:36:54Z,2025-04-30T04:36:54Z,true,20.967687777777776,81.88136722222222,0.0,0.0,162.0,,0.0,1.0252953502159752E7,,,false,,34,,,0.0,,154421312,15,,14,false,,,,,false,,4968783
98248,1,gt06,2025-04-30T04:37:15Z,2025-04-30T04:37:04Z,2025-04-30T04:37:04Z,true,20.967687777777776,81.88136722222222,0.0,0.0,162.0,,0.0,1.0252953502159752E7,,,false,,34,,,0.0,,154421312,15,,14,false,,,,,false,,4968783
98249,1,gt06,2025-04-30T04:40:40Z,2025-04-30T04:37:14Z,2025-04-30T04:37:14Z,true,20.967687777777776,81.88136722222222,0.0,0.0,162.0,,0.0,1.0252953502159752E7,,,false,,34,,,0.0,,154421312,15,,14,false,,,,,false,,4968783
98250,1,gt06,2025-04-30T04:40:45Z,2025-04-30T04:40:45Z,2025-04-30T04:37:14Z,true,20.967687777777776,81.88136722222222,0.0,0.0,162.0,,0.0,1.0252953502159752E7,,,false,4,19,,true,0.0,,154421312,,,,,,,100,4,false,false,
98251,1,gt06,2025-04-30T04:40:46Z,2025-04-30T04:40:46Z,2025-04-30T04:37:14Z,true,20.967687777777776,81.88136722222222,0.0,0.0,162.0,,0.0,1.0252953502159752E7,,,,,,,,0.0,,154421312,,,,,12.71,,,,false,,
98252,1,gt06,2025-04-30T04:40:46Z,2025-04-30T04:40:46Z,2025-04-30T04:37:14Z,true,20.967687777777776,81.88136722222222,0.0,0.0,162.0,,0.0,1.0252953502159752E7,,,,,,,,0.0,,154421312,,,,,12.66,,,,false,,
98253,1,gt06,2025-04-30T04:40:48Z,2025-04-30T04:37:14Z,2025-04-30T04:37:14Z,true,20.967687777777776,81.88136722222222,0.0,0.0,162.0,,0.0,1.0252953502159752E7,,,false,,34,,,0.0,,154421312,15,,14,false,,,,,false,,4968783
98254,1,gt06,2025-04-30T04:40:48Z,2025-04-30T04:37:24Z,2025-04-30T04:37:24Z,true,20.967687777777776,81.88136722222222,0.0,0.0,162.0,,0.0,1.0252953502159752E7,,,false,,34,,,0.0,,154421312,15,,14,false,,,,,false,,4968783
98255,1,gt06,2025-04-30T04:40:48Z,2025-04-30T04:37:34Z,2025-04-30T04:37:34Z,true,20.967687777777776,81.88136722222222,0.0,0.0,162.0,,0.0,1.0252953502159752E7,,,false,,34,,,0.0,,154421312,15,,14,false,,,,,false,,4968783
98256,1,gt06,2025-04-30T04:40:48Z,2025-04-30T04:37:44Z,2025-04-30T04:37:44Z,true,20.967687777777776,81.88136722222222,0.0,0.0,162.0,,0.0,1.0252953502159752E7,,,false,,34,,,0.0,,154421312,15,,14,false,,,,,false,,4968783
98257,1,gt06,2025-04-30T04:40:48Z,2025-04-30T04:37:54Z,2025-04-30T04:37:54Z,true,20.967687777777776,81.88136722222222,0.0,0.0,162.0,,0.0,1.0252953502159752E7,,,false,,34,,,0.0,,154421312,15,,14,false,,,,,false,,4968783
98258,1,gt06,2025-04-30T04:40:48Z,2025-04-30T04:38:04Z,2025-04-30T04:38:04Z,true,20.967687777777776,81.88136722222222,0.0,0.0,162.0,,0.0,1.0252953502159752E7,,,false,,34,,,0.0,,154421312,15,,14,false,,,,,false,,4968783
98259,1,gt06,2025-04-30T04:40:48Z,2025-04-30T04:38:14Z,2025-04-30T04:38:14Z,true,20.967687777777776,81.88136722222222,0.0,0.0,162.0,,0.0,1.0252953502159752E7,,,false,,34,,,0.0,,154421312,15,,14,false,,,,,false,,4968783
98260,1,gt06,2025-04-30T04:40:48Z,2025-04-30T04:38:24Z,2025-04-30T04:38:24Z,true,20.967687777777776,81.88136722222222,0.0,0.0,162.0,,0.0,1.0252953502159752E7,,,false,,34,,,0.0,,154421312,15,,14,false,,,,,false,,4968783
98261,1,gt06,2025-04-30T04:40:48Z,2025-04-30T04:38:34Z,2025-04-30T04:38:34Z,true,20.967687777777776,81.88136722222222,0.0,0.0,162.0,,0.0,1.0252953502159752E7,,,false,,34,,,0.0,,154421312,15,,14,false,,,,,false,,4968783
98262,1,gt06,2025-04-30T04:40:48Z,2025-04-30T04:38:44Z,2025-04-30T04:38:44Z,true,20.967687777777776,81.88136722222222,0.0,0.0,162.0,,0.0,1.0252953502159752E7,,,false,,34,,,0.0,,154421312,15,,14,false,,,,,false,,4968783
98263,1,gt06,2025-04-30T04:40:49Z,2025-04-30T04:38:54Z,2025-04-30T04:38:54Z,true,20.967687777777776,81.88136722222222,0.0,0.0,162.0,,0.0,1.0252953502159752E7,,,false,,34,,,0.0,,154421312,15,,14,false,,,,,false,,4968783
98264,1,gt06,2025-04-30T04:40:49Z,2025-04-30T04:39:04Z,2025-04-30T04:39:04Z,true,20.967687777777776,81.88136722222222,0.0,0.0,162.0,,0.0,1.0252953502159752E7,,,false,,34,,,0.0,,154421312,15,,14,false,,,,,false,,4968783
98265,1,gt06,2025-04-30T04:40:49Z,2025-04-30T04:39:14Z,2025-04-30T04:39:14Z,true,20.967687777777776,81.88136722222222,0.0,0.0,162.0,,0.0,1.0252953502159752E7,,,false,,34,,,0.0,,154421312,15,,14,false,,,,,false,,4968783
98266,1,gt06,2025-04-30T04:40:49Z,2025-04-30T04:40:42Z,2025-04-30T04:40:42Z,false,20.967687777777776,81.88136722222222,0.0,0.0,162.0,,0.0,1.0252953502159752E7,,,false,,34,,,0.0,,154421312,15,,14,false,,,,,false,,4968783
98267,1,gt06,2025-04-30T04:40:56Z,2025-04-30T04:40:52Z,2025-04-30T04:40:52Z,false,20.967687777777776,81.88136722222222,0.0,0.0,162.0,,0.0,1.0252953502159752E7,,,false,,34,,,0.0,,154421312,15,,14,false,,,,,false,,4968783
98268,1,gt06,2025-04-30T04:41:08Z,2025-04-30T04:41:02Z,2025-04-30T04:41:02Z,false,20.967687777777776,81.88136722222222,0.0,0.0,162.0,,0.0,1.0252953502159752E7,,,false,,34,,,0.0,,154421312,15,,14,false,,,,,false,,4968783
98269,1,gt06,2025-04-30T04:41:18Z,2025-04-30T04:41:12Z,2025-04-30T04:41:12Z,false,20.967687777777776,81.88136722222222,0.0,0.0,162.0,,0.0,1.0252953502159752E7,,,false,,34,,,0.0,,154421312,15,,14,false,,,,,false,,4968783
98271,1,gt06,2025-04-30T04:41:28Z,2025-04-30T04:41:22Z,2025-04-30T04:41:22Z,false,20.967687777777776,81.88136722222222,0.0,0.0,162.0,,0.0,1.0252953502159752E7,,,false,,34,,,0.0,,154421312,15,,14,false,,,,,false,,4968783
98272,1,gt06,2025-04-30T04:41:36Z,2025-04-30T04:41:32Z,2025-04-30T04:41:32Z,false,20.967687777777776,81.88136722222222,0.0,0.0,162.0,,0.0,1.0252953502159752E7,,,false,,34,,,0.0,,154421312,15,,14,false,,,,,false,,4968783
98273,1,gt06,2025-04-30T04:41:48Z,2025-04-30T04:41:48Z,2025-04-30T04:41:32Z,false,20.967687777777776,81.88136722222222,0.0,0.0,162.0,,0.0,1.0252953502159752E7,,,false,4,19,,true,0.0,,154421312,,,,,,,100,4,false,false,
98274,1,gt06,2025-04-30T04:41:49Z,2025-04-30T04:41:42Z,2025-04-30T04:41:42Z,false,20.967687777777776,81.88136722222222,0.0,0.0,162.0,,0.0,1.0252953502159752E7,,,false,,34,,,0.0,,154421312,15,,14,false,,,,,false,,4968783
98276,1,gt06,2025-04-30T04:41:58Z,2025-04-30T04:41:52Z,2025-04-30T04:41:52Z,false,20.967687777777776,81.88136722222222,0.0,0.0,162.0,,0.0,1.0252953502159752E7,,,false,,34,,,0.0,,154421312,15,,14,false,,,,,false,,4968783
98277,1,gt06,2025-04-30T04:42:09Z,2025-04-30T04:42:02Z,2025-04-30T04:42:02Z,false,20.967687777777776,81.88136722222222,0.0,0.0,162.0,,0.0,1.0252953502159752E7,,,false,,34,,,0.0,,154421312,15,,14,false,,,,,false,,4968783
98278,1,gt06,2025-04-30T04:42:16Z,2025-04-30T04:42:12Z,2025-04-30T04:42:12Z,false,20.967687777777776,81.88136722222222,0.0,0.0,162.0,,0.0,1.0252953502159752E7,,,false,,34,,,0.0,,154421312,15,,14,false,,,,,false,,4968783
98279,1,gt06,2025-04-30T04:42:39Z,2025-04-30T04:42:22Z,2025-04-30T04:42:22Z,false,20.967687777777776,81.88136722222222,0.0,0.0,162.0,,0.0,1.0252953502159752E7,,,false,,34,,,0.0,,154421312,15,,14,false,,,,,false,,4968783
98280,1,gt06,2025-04-30T04:42:41Z,2025-04-30T04:42:32Z,2025-04-30T04:42:32Z,false,20.967687777777776,81.88136722222222,0.0,0.0,162.0,,0.0,1.0252953502159752E7,,,false,,34,,,0.0,,154421312,15,,14,false,,,,,false,,4968783
98281,1,gt06,2025-04-30T04:44:24Z,2025-04-30T04:44:24Z,2025-04-30T04:42:32Z,false,20.967687777777776,81.88136722222222,0.0,0.0,162.0,,0.0,1.0252953502159752E7,,,false,4,19,,true,0.0,,154421312,,,,,,,100,4,false,false,
98282,1,gt06,2025-04-30T04:44:34Z,2025-04-30T04:44:34Z,2025-04-30T04:42:32Z,false,20.967687777777776,81.88136722222222,0.0,0.0,162.0,,0.0,1.0252953502159752E7,,,false,4,19,,true,0.0,,154421312,,,,,,,100,4,false,false,
98283,1,gt06,2025-04-30T04:44:35Z,2025-04-30T04:44:35Z,2025-04-30T04:42:32Z,false,20.967687777777776,81.88136722222222,0.0,0.0,162.0,,0.0,1.0252953502159752E7,,,,,,,,0.0,,154421312,,,,,12.56,,,,false,,
98284,1,gt06,2025-04-30T04:44:36Z,2025-04-30T04:42:42Z,2025-04-30T04:42:42Z,false,20.967687777777776,81.88136722222222,0.0,0.0,162.0,,0.0,1.0252953502159752E7,,,false,,34,,,0.0,,154421312,15,,14,false,,,,,false,,4968783
98285,1,gt06,2025-04-30T04:44:36Z,2025-04-30T04:42:52Z,2025-04-30T04:42:52Z,false,20.967687777777776,81.88136722222222,0.0,0.0,162.0,,0.0,1.0252953502159752E7,,,false,,34,,,0.0,,154421312,15,,14,false,,,,,false,,4968783
98286,1,gt06,2025-04-30T04:44:36Z,2025-04-30T04:43:02Z,2025-04-30T04:43:02Z,false,20.967687777777776,81.88136722222222,0.0,0.0,162.0,,0.0,1.0252953502159752E7,,,false,,34,,,0.0,,154421312,15,,14,false,,,,,false,,4968783
98287,1,gt06,2025-04-30T04:44:36Z,2025-04-30T04:43:12Z,2025-04-30T04:43:12Z,false,20.967687777777776,81.88136722222222,0.0,0.0,162.0,,0.0,1.0252953502159752E7,,,false,,34,,,0.0,,154421312,15,,14,false,,,,,false,,4968783
98288,1,gt06,2025-04-30T04:44:36Z,2025-04-30T04:43:22Z,2025-04-30T04:43:22Z,false,20.967687777777776,81.88136722222222,0.0,0.0,162.0,,0.0,1.0252953502159752E7,,,false,,34,,,0.0,,154421312,15,,14,false,,,,,false,,4968783
98289,1,gt06,2025-04-30T04:44:36Z,2025-04-30T04:43:32Z,2025-04-30T04:43:32Z,false,20.967687777777776,81.88136722222222,0.0,0.0,162.0,,0.0,1.0252953502159752E7,,,false,,34,,,0.0,,154421312,15,,14,false,,,,,false,,4968783
98290,1,gt06,2025-04-30T04:44:36Z,2025-04-30T04:43:42Z,2025-04-30T04:43:42Z,false,20.967687777777776,81.88136722222222,0.0,0.0,162.0,,0.0,1.0252953502159752E7,,,false,,34,,,0.0,,154421312,15,,14,false,,,,,false,,4968783
98291,1,gt06,2025-04-30T04:44:36Z,2025-04-30T04:43:52Z,2025-04-30T04:43:52Z,false,20.967687777777776,81.88136722222222,0.0,0.0,162.0,,0.0,1.0252953502159752E7,,,false,,34,,,0.0,,154421312,15,,14,false,,,,,false,,4968783
98292,1,gt06,2025-04-30T04:44:36Z,2025-04-30T04:44:02Z,2025-04-30T04:44:02Z,false,20.967687777777776,81.88136722222222,0.0,0.0,162.0,,0.0,1.0252953502159752E7,,,false,,34,,,0.0,,154421312,15,,14,false,,,,,false,,4968783
98293,1,gt06,2025-04-30T04:44:36Z,2025-04-30T04:44:12Z,2025-04-30T04:44:12Z,false,20.967687777777776,81.88136722222222,0.0,0.0,162.0,,0.0,1.0252953502159752E7,,,false,,34,,,0.0,,154421312,15,,14,false,,,,,false,,4968783
98294,1,gt06,2025-04-30T04:44:37Z,2025-04-30T04:44:32Z,2025-04-30T04:44:32Z,false,20.967687777777776,81.88136722222222,0.0,0.0,162.0,,0.0,1.0252953502159752E7,,,false,,34,,,0.0,,154421312,15,,14,false,,,,,false,,4968783
98295,1,gt06,2025-04-30T04:44:46Z,2025-04-30T04:44:42Z,2025-04-30T04:44:42Z,false,20.967687777777776,81.88136722222222,0.0,0.0,162.0,,0.0,1.0252953502159752E7,,,false,,34,,,0.0,,154421312,15,,14,false,,,,,false,,4968783
98296,1,gt06,2025-04-30T04:44:58Z,2025-04-30T04:44:52Z,2025-04-30T04:44:52Z,false,20.967687777777776,81.88136722222222,0.0,0.0,162.0,,0.0,1.0252953502159752E7,,,false,,34,,,0.0,,154421312,15,,14,false,,,,,false,,4968783
98297,1,gt06,2025-04-30T04:45:06Z,2025-04-30T04:45:02Z,2025-04-30T04:45:02Z,false,20.967687777777776,81.88136722222222,0.0,0.0,162.0,,0.0,1.0252953502159752E7,,,false,,34,,,0.0,,154421312,15,,14,false,,,,,false,,4968783
98298,1,gt06,2025-04-30T04:45:16Z,2025-04-30T04:45:12Z,2025-04-30T04:45:12Z,false,20.967687777777776,81.88136722222222,0.0,0.0,162.0,,0.0,1.0252953502159752E7,,,false,,34,,,0.0,,154421312,15,,14,false,,,,,false,,4968783
98299,1,gt06,2025-04-30T04:45:31Z,2025-04-30T04:45:22Z,2025-04-30T04:45:22Z,false,20.967687777777776,81.88136722222222,0.0,0.0,162.0,,0.0,1.0252953502159752E7,,,false,,34,,,0.0,,154421312,15,,14,false,,,,,false,,4968783
98300,1,gt06,2025-04-30T04:45:36Z,2025-04-30T04:45:36Z,2025-04-30T04:45:22Z,false,20.967687777777776,81.88136722222222,0.0,0.0,162.0,,0.0,1.0252953502159752E7,,,false,4,19,,true,0.0,,154421312,,,,,,,100,4,false,false,
98301,1,gt06,2025-04-30T04:45:37Z,2025-04-30T04:45:32Z,2025-04-30T04:45:32Z,false,20.967687777777776,81.88136722222222,0.0,0.0,162.0,,0.0,1.0252953502159752E7,,,false,,34,,,0.0,,154421312,15,,14,false,,,,,false,,4968783
98302,1,gt06,2025-04-30T04:45:48Z,2025-04-30T04:45:42Z,2025-04-30T04:45:42Z,false,20.967687777777776,81.88136722222222,0.0,0.0,162.0,,0.0,1.0252953502159752E7,,,false,,34,,,0.0,,154421312,15,,14,false,,,,,false,,4968783
98303,1,gt06,2025-04-30T04:45:56Z,2025-04-30T04:45:52Z,2025-04-30T04:45:52Z,false,20.967687777777776,81.88136722222222,0.0,0.0,162.0,,0.0,1.0252953502159752E7,,,false,,34,,,0.0,,154421312,15,,14,false,,,,,false,,4968783
98304,1,gt06,2025-04-30T04:46:10Z,2025-04-30T04:46:02Z,2025-04-30T04:46:02Z,false,20.967687777777776,81.88136722222222,0.0,0.0,162.0,,0.0,1.0252953502159752E7,,,false,,34,,,0.0,,154421312,15,,14,false,,,,,false,,4968783
98306,1,gt06,2025-04-30T04:46:21Z,2025-04-30T04:46:12Z,2025-04-30T04:46:12Z,false,20.967687777777776,81.88136722222222,0.0,0.0,162.0,,0.0,1.0252953502159752E7,,,false,,34,,,0.0,,154421312,15,,14,false,,,,,false,,4968783
98307,1,gt06,2025-04-30T04:46:30Z,2025-04-30T04:46:22Z,2025-04-30T04:46:22Z,false,20.967687777777776,81.88136722222222,0.0,0.0,162.0,,0.0,1.0252953502159752E7,,,false,,34,,,0.0,,154421312,15,,14,false,,,,,false,,4968783
98308,1,gt06,2025-04-30T04:48:14Z,2025-04-30T04:48:14Z,2025-04-30T04:46:22Z,false,20.967687777777776,81.88136722222222,0.0,0.0,162.0,,0.0,1.0252953502159752E7,,,false,4,19,,true,0.0,,154421312,,,,,,,100,4,false,false,
98309,1,gt06,2025-04-30T04:48:22Z,2025-04-30T04:48:22Z,2025-04-30T04:46:22Z,false,20.967687777777776,81.88136722222222,0.0,0.0,162.0,,0.0,1.0252953502159752E7,,,false,4,19,,true,0.0,,154421312,,,,,,,100,4,false,false,
98310,1,gt06,2025-04-30T04:48:23Z,2025-04-30T04:48:23Z,2025-04-30T04:46:22Z,false,20.967687777777776,81.88136722222222,0.0,0.0,162.0,,0.0,1.0252953502159752E7,,,,,,,,0.0,,154421312,,,,,12.450000000000001,,,,false,,
98311,1,gt06,2025-04-30T04:48:24Z,2025-04-30T04:46:32Z,2025-04-30T04:46:32Z,false,20.967687777777776,81.88136722222222,0.0,0.0,162.0,,0.0,1.0252953502159752E7,,,false,,34,,,0.0,,154421312,15,,14,false,,,,,false,,4968783
98312,1,gt06,2025-04-30T04:48:24Z,2025-04-30T04:46:42Z,2025-04-30T04:46:42Z,false,20.967687777777776,81.88136722222222,0.0,0.0,162.0,,0.0,1.0252953502159752E7,,,false,,34,,,0.0,,154421312,15,,14,false,,,,,false,,4968783
98313,1,gt06,2025-04-30T04:48:24Z,2025-04-30T04:46:52Z,2025-04-30T04:46:52Z,false,20.967687777777776,81.88136722222222,0.0,0.0,162.0,,0.0,1.0252953502159752E7,,,false,,34,,,0.0,,154421312,15,,14,false,,,,,false,,4968783
98314,1,gt06,2025-04-30T04:48:24Z,2025-04-30T04:47:02Z,2025-04-30T04:47:02Z,false,20.967687777777776,81.88136722222222,0.0,0.0,162.0,,0.0,1.0252953502159752E7,,,false,,34,,,0.0,,154421312,15,,14,false,,,,,false,,4968783
98315,1,gt06,2025-04-30T04:48:24Z,2025-04-30T04:47:12Z,2025-04-30T04:47:12Z,false,20.967687777777776,81.88136722222222,0.0,0.0,162.0,,0.0,1.0252953502159752E7,,,false,,34,,,0.0,,154421312,15,,14,false,,,,,false,,4968783
98316,1,gt06,2025-04-30T04:48:24Z,2025-04-30T04:47:22Z,2025-04-30T04:47:22Z,false,20.967687777777776,81.88136722222222,0.0,0.0,162.0,,0.0,1.0252953502159752E7,,,false,,34,,,0.0,,154421312,15,,14,false,,,,,false,,4968783
98317,1,gt06,2025-04-30T04:48:24Z,2025-04-30T04:47:32Z,2025-04-30T04:47:32Z,false,20.967687777777776,81.88136722222222,0.0,0.0,162.0,,0.0,1.0252953502159752E7,,,false,,34,,,0.0,,154421312,15,,14,false,,,,,false,,4968783
98318,1,gt06,2025-04-30T04:48:24Z,2025-04-30T04:47:42Z,2025-04-30T04:47:42Z,false,20.967687777777776,81.88136722222222,0.0,0.0,162.0,,0.0,1.0252953502159752E7,,,false,,34,,,0.0,,154421312,15,,14,false,,,,,false,,4968783
98319,1,gt06,2025-04-30T04:48:24Z,2025-04-30T04:47:52Z,2025-04-30T04:47:52Z,false,20.967687777777776,81.88136722222222,0.0,0.0,162.0,,0.0,1.0252953502159752E7,,,false,,34,,,0.0,,154421312,15,,14,false,,,,,false,,4968783
98320,1,gt06,2025-04-30T04:48:24Z,2025-04-30T04:48:02Z,2025-04-30T04:48:02Z,false,20.967687777777776,81.88136722222222,0.0,0.0,162.0,,0.0,1.0252953502159752E7,,,false,,34,,,0.0,,154421312,15,,14,false,,,,,false,,4968783
98321,1,gt06,2025-04-30T04:48:26Z,2025-04-30T04:48:22Z,2025-04-30T04:48:22Z,false,20.967687777777776,81.88136722222222,0.0,0.0,162.0,,0.0,1.0252953502159752E7,,,false,,34,,,0.0,,154421312,15,,14,false,,,,,false,,4968783
98322,1,gt06,2025-04-30T04:48:38Z,2025-04-30T04:48:32Z,2025-04-30T04:48:32Z,false,20.967687777777776,81.88136722222222,0.0,0.0,162.0,,0.0,1.0252953502159752E7,,,false,,34,,,0.0,,154421312,15,,14,false,,,,,false,,4968783
98323,1,gt06,2025-04-30T04:48:48Z,2025-04-30T04:48:42Z,2025-04-30T04:48:42Z,false,20.967687777777776,81.88136722222222,0.0,0.0,162.0,,0.0,1.0252953502159752E7,,,false,,34,,,0.0,,154421312,15,,14,false,,,,,false,,4968783
98324,1,gt06,2025-04-30T04:48:58Z,2025-04-30T04:48:52Z,2025-04-30T04:48:52Z,false,20.967687777777776,81.88136722222222,0.0,0.0,162.0,,0.0,1.0252953502159752E7,,,false,,34,,,0.0,,154421312,15,,14,false,,,,,false,,4968783
98325,1,gt06,2025-04-30T04:49:07Z,2025-04-30T04:49:02Z,2025-04-30T04:49:02Z,false,20.967687777777776,81.88136722222222,0.0,0.0,162.0,,0.0,1.0252953502159752E7,,,false,,34,,,0.0,,154421312,15,,14,false,,,,,false,,4968783
98326,1,gt06,2025-04-30T04:49:27Z,2025-04-30T04:49:12Z,2025-04-30T04:49:12Z,false,20.967687777777776,81.88136722222222,0.0,0.0,162.0,,0.0,1.0252953502159752E7,,,false,,34,,,0.0,,154421312,15,,14,false,,,,,false,,4968783
98327,1,gt06,2025-04-30T04:49:29Z,2025-04-30T04:49:29Z,2025-04-30T04:49:12Z,false,20.967687777777776,81.88136722222222,0.0,0.0,162.0,,0.0,1.0252953502159752E7,,,false,4,19,,true,0.0,,154421312,,,,,,,100,4,false,false,
98328,1,gt06,2025-04-30T04:49:32Z,2025-04-30T04:49:22Z,2025-04-30T04:49:22Z,false,20.967687777777776,81.88136722222222,0.0,0.0,162.0,,0.0,1.0252953502159752E7,,,false,,34,,,0.0,,154421312,15,,14,false,,,,,false,,4968783
98329,1,gt06,2025-04-30T04:49:32Z,2025-04-30T04:49:26Z,2025-04-30T04:49:26Z,false,20.967683888888892,81.8813688888889,0.0,0.0,162.0,,0.0,1.0252953968448104E7,,,true,,34,,,0.4662883520224818,,154421312,15,,3,true,,,,,false,,4968783
98330,1,gt06,2025-04-30T04:49:36Z,2025-04-30T04:49:32Z,2025-04-30T04:49:32Z,false,20.967687777777776,81.88136722222222,0.0,0.0,162.0,,0.0,1.0252954434736457E7,,,true,,34,,,0.4662883520224818,,154427312,15,,14,false,,,,,false,,4968783
98331,1,gt06,2025-04-30T04:49:43Z,2025-04-30T04:49:36Z,2025-04-30T04:49:36Z,false,20.967683888888892,81.8813688888889,0.0,0.0,162.0,,0.0,1.025295490102481E7,,,true,4,38,,true,0.4662883520224818,,154431312,15,,,,,,100,6,false,false,
98332,1,gt06,2025-04-30T04:49:53Z,2025-04-30T04:49:42Z,2025-04-30T04:49:42Z,true,20.967687777777776,81.88136722222222,0.0,0.0,162.0,,0.0,1.0252955367313161E7,,,true,,34,,,0.4662883520224818,,154437312,15,,14,false,,,,,false,,4968783
98335,1,gt06,2025-04-30T04:52:11Z,2025-04-30T04:49:53Z,2025-04-30T04:49:53Z,true,20.967687777777776,81.88136722222222,0.0,0.0,162.0,,0.0,1.0252955367313161E7,,,true,,34,,,0.0,,154448312,15,,14,false,,,,,false,,4968783
98336,1,gt06,2025-04-30T04:52:14Z,2025-04-30T04:52:14Z,2025-04-30T04:49:53Z,true,20.967687777777776,81.88136722222222,0.0,0.0,162.0,,0.0,1.0252955367313161E7,,,false,4,19,,true,0.0,,154448312,,,,,,,100,68,false,false,
98339,1,gt06,2025-04-30T04:52:17Z,2025-04-30T04:49:53Z,2025-04-30T04:49:53Z,true,20.967687777777776,81.88136722222222,0.0,0.0,162.0,,0.0,1.0253010310121205E7,,,true,,34,,,27.471404021521142,,154448312,15,,14,false,,,,,false,,4968783
98340,1,gt06,2025-04-30T04:52:17Z,2025-04-30T04:50:02Z,2025-04-30T04:50:02Z,true,20.967519444444445,81.88142444444445,0.0,5.39957,157.0,,0.0,1.0253015748085866E7,,,true,,34,,,32.90936868298776,,154448312,15,,0,false,,,,,true,,4968802
98341,1,gt06,2025-04-30T04:52:17Z,2025-04-30T04:50:11Z,2025-04-30T04:50:11Z,true,20.967309444444446,81.88151944444445,0.0,4.31966,185.0,,0.0,1.0253035509516772E7,,,true,,34,,,52.670799589274324,,154448312,15,,2,false,,,,,true,,4968827
98342,1,gt06,2025-04-30T04:52:17Z,2025-04-30T04:50:12Z,2025-04-30T04:50:12Z,true,20.967287777777777,81.88151333333333,0.0,4.85961,199.0,,0.0,1.0253036541650875E7,,,true,,34,,,53.702933691062356,,154448312,15,,2,false,,,,,true,,4968829
98343,1,gt06,2025-04-30T04:52:17Z,2025-04-30T04:50:14Z,2025-04-30T04:50:14Z,true,20.96725222222222,81.88148666666667,0.0,3.7797,221.0,,0.0,1.0253037210658688E7,,,true,,34,,,54.37194150444361,,154448312,15,,2,false,,,,,true,,4968833
98344,1,gt06,2025-04-30T04:52:17Z,2025-04-30T04:50:15Z,2025-04-30T04:50:15Z,true,20.967244444444447,81.88146388888889,0.0,5.39957,257.0,,0.0,1.0253036217761219E7,,,true,,34,,,53.37904403528279,,154448312,15,,2,false,,,,,true,,4968835
98345,1,gt06,2025-04-30T04:52:17Z,2025-04-30T04:50:16Z,2025-04-30T04:50:16Z,true,20.967243333333336,81.88144166666666,0.0,3.7797,277.0,,0.0,1.025303479382297E7,,,true,,34,,,51.955105787468334,,154448312,15,,2,false,,,,,true,,4968837
98346,1,gt06,2025-04-30T04:52:17Z,2025-04-30T04:50:17Z,2025-04-30T04:50:17Z,true,20.96724777777778,81.88142,0.0,4.31966,283.0,,0.0,1.0253032985385777E7,,,true,,34,,,50.14666859493312,,154448312,15,,2,false,,,,,true,,4968839
98347,1,gt06,2025-04-30T04:52:17Z,2025-04-30T04:50:24Z,2025-04-30T04:50:24Z,true,20.967306666666666,81.88126833333332,0.0,4.85961,303.0,,0.0,1.0253019005741501E7,,,true,,34,,,36.16702431723712,,154448312,15,,2,false,,,,,true,,4968856
98348,1,gt06,2025-04-30T04:52:17Z,2025-04-30T04:50:25Z,2025-04-30T04:50:25Z,true,20.967318333333335,81.88124555555555,0.0,4.31966,297.0,,0.0,1.025301685861824E7,,,true,,34,,,34.0199010572996,,154448312,15,,2,false,,,,,true,,4968858
98349,1,gt06,2025-04-30T04:52:18Z,2025-04-30T04:50:30Z,2025-04-30T04:50:30Z,true,20.96737,81.88114222222222,0.0,3.7797,319.0,,0.0,1.0253008607786624E7,,,true,,34,,,25.76906943995657,,154448312,15,,2,false,,,,,true,,4968870
98350,1,gt06,2025-04-30T04:52:18Z,2025-04-30T04:50:31Z,2025-04-30T04:50:31Z,true,20.967385,81.88113055555554,0.0,3.7797,334.0,,0.0,1.0253006859325068E7,,,true,,34,,,24.02060788580973,,154448312,15,,2,false,,,,,true,,4968872
98351,1,gt06,2025-04-30T04:52:18Z,2025-04-30T04:50:35Z,2025-04-30T04:50:35Z,true,20.967455,81.88110666666667,0.0,3.7797,355.0,,0.0,1.0252999101055928E7,,,true,,34,,,16.262338744730357,,154448312,15,,2,false,,,,,true,,4968880
98352,1,gt06,2025-04-30T04:52:18Z,2025-04-30T04:50:36Z,2025-04-30T04:50:36Z,true,20.967475,81.88110444444445,0.0,3.7797,7.0,,0.0,1.0252996908720598E7,,,true,,34,,,14.070003414962695,,154448312,15,,2,false,,,,,true,,4968882
98353,1,gt06,2025-04-30T04:52:18Z,2025-04-30T04:50:51Z,2025-04-30T04:50:51Z,true,20.967475,81.88110444444445,0.0,0.0,7.0,,0.0,1.0252996908720598E7,,,true,,34,,,14.070003414962695,,154448312,15,,14,false,,,,,false,,4968882
98354,1,gt06,2025-04-30T04:52:18Z,2025-04-30T04:51:01Z,2025-04-30T04:51:01Z,true,20.967475,81.88110444444445,0.0,0.0,7.0,,0.0,1.0252996908720598E7,,,true,,34,,,14.070003414962695,,154448312,15,,14,false,,,,,false,,4968882
98355,1,gt06,2025-04-30T04:52:18Z,2025-04-30T04:51:01Z,2025-04-30T04:51:01Z,true,20.967599444444442,81.88111888888889,0.0,0.0,32.0,,0.0,1.0252983007946612E7,,,false,,34,,,0.16922942961112783,,154448312,15,,3,false,,,,,false,,4968882
98337,1,gt06,2025-04-30T04:52:15Z,2025-04-30T04:51:09Z,2025-04-30T04:51:09Z,true,20.967600555555556,81.88112000000001,0.0,0.0,32.0,,0.0,1.0252982838717183E7,,,false,4,38,,true,27.471404021521142,,154448312,15,,,,,,100,68,false,false,
98338,1,gt06,2025-04-30T04:52:16Z,2025-04-30T04:52:16Z,2025-04-30T04:51:09Z,true,20.967600555555556,81.88112000000001,0.0,0.0,32.0,,0.0,1.0252982838717183E7,,,,,,,,0.0,,154448312,,,,,12.91,,,,false,,
98356,1,gt06,2025-04-30T04:52:18Z,2025-04-30T04:51:13Z,2025-04-30T04:51:13Z,true,20.967599444444442,81.88111888888889,0.0,0.0,32.0,,0.0,1.0252983007946612E7,,,false,,34,,,0.16922942961112783,,154448312,15,,14,false,,,,,false,,4968882
98357,1,gt06,2025-04-30T04:52:18Z,2025-04-30T04:51:23Z,2025-04-30T04:51:23Z,true,20.967599444444442,81.88111888888889,0.0,0.0,32.0,,0.0,1.0252983007946612E7,,,false,,34,,,0.0,,154448312,15,,14,false,,,,,false,,4968882
98358,1,gt06,2025-04-30T04:52:18Z,2025-04-30T04:51:23Z,2025-04-30T04:51:23Z,true,20.96760388888889,81.88111500000001,0.0,0.0,32.0,,0.0,1.025298364684672E7,,,false,,34,,,0.6389001064379304,,154448312,15,,4,false,,,,,false,,4968882
98359,1,gt06,2025-04-30T04:52:19Z,2025-04-30T04:51:33Z,2025-04-30T04:51:33Z,true,20.96760388888889,81.88111500000001,0.0,0.0,32.0,,0.0,1.025298364684672E7,,,false,,34,,,0.0,,154448312,15,,14,false,,,,,false,,4968882
98360,1,gt06,2025-04-30T04:52:19Z,2025-04-30T04:51:43Z,2025-04-30T04:51:43Z,true,20.96760388888889,81.88111500000001,0.0,0.0,32.0,,0.0,1.025298364684672E7,,,false,,34,,,0.0,,154448312,15,,14,false,,,,,false,,4968882
98361,1,gt06,2025-04-30T04:52:19Z,2025-04-30T04:51:53Z,2025-04-30T04:51:53Z,true,20.96760388888889,81.88111500000001,0.0,0.0,32.0,,0.0,1.025298364684672E7,,,false,,34,,,0.0,,154448312,15,,14,false,,,,,false,,4968882
98362,1,gt06,2025-04-30T04:52:19Z,2025-04-30T04:52:13Z,2025-04-30T04:52:13Z,true,20.96760388888889,81.88111500000001,0.0,0.0,32.0,,0.0,1.025298364684672E7,,,false,,34,,,0.0,,154448312,15,,14,false,,,,,false,,4968882
98363,1,gt06,2025-04-30T04:54:53Z,2025-04-30T04:52:23Z,2025-04-30T04:52:23Z,true,20.96760388888889,81.88111500000001,0.0,0.0,32.0,,0.0,1.025298364684672E7,,,false,,34,,,0.0,,154448312,15,,14,false,,,,,false,,4968882
98365,1,gt06,2025-04-30T04:56:48Z,2025-04-30T04:56:48Z,2025-04-30T04:52:23Z,true,20.96760388888889,81.88111500000001,0.0,0.0,32.0,,0.0,1.025298364684672E7,,,true,4,19,,true,0.0,,154448312,,,,,,,100,70,false,false,
98368,1,gt06,2025-04-30T04:56:51Z,2025-04-30T04:52:23Z,2025-04-30T04:52:23Z,true,20.96760388888889,81.88111500000001,0.0,0.0,32.0,,0.0,1.0252987250504587E7,,,false,,34,,,1.8018289344656697,,154336010,15,,14,false,,,,,false,,4968882
98369,1,gt06,2025-04-30T04:56:51Z,2025-04-30T04:52:33Z,2025-04-30T04:52:33Z,true,20.96760388888889,81.88111500000001,0.0,0.0,32.0,,0.0,1.0252987250504587E7,,,false,,34,,,1.8018289344656697,,154336010,15,,14,false,,,,,false,,4968882
98370,1,gt06,2025-04-30T04:56:51Z,2025-04-30T04:52:43Z,2025-04-30T04:52:43Z,true,20.96760388888889,81.88111500000001,0.0,0.0,32.0,,0.0,1.0252987250504587E7,,,false,,34,,,1.8018289344656697,,154336010,15,,14,false,,,,,false,,4968882
98371,1,gt06,2025-04-30T04:56:51Z,2025-04-30T04:52:53Z,2025-04-30T04:52:53Z,true,20.96760388888889,81.88111500000001,0.0,0.0,32.0,,0.0,1.0252987250504587E7,,,false,,34,,,1.8018289344656697,,154336010,15,,14,false,,,,,false,,4968882
98372,1,gt06,2025-04-30T04:56:51Z,2025-04-30T04:53:03Z,2025-04-30T04:53:03Z,true,20.96760388888889,81.88111500000001,0.0,0.0,32.0,,0.0,1.0252987250504587E7,,,false,,34,,,1.8018289344656697,,154336010,15,,14,false,,,,,false,,4968882
98373,1,gt06,2025-04-30T04:56:51Z,2025-04-30T04:53:13Z,2025-04-30T04:53:13Z,true,20.96760388888889,81.88111500000001,0.0,0.0,32.0,,0.0,1.0252987250504587E7,,,false,,34,,,1.8018289344656697,,154336010,15,,14,false,,,,,false,,4968882
98374,1,gt06,2025-04-30T04:56:51Z,2025-04-30T04:53:23Z,2025-04-30T04:53:23Z,true,20.96760388888889,81.88111500000001,0.0,0.0,32.0,,0.0,1.0252987250504587E7,,,false,,34,,,1.8018289344656697,,154336010,15,,14,false,,,,,false,,4968882
98375,1,gt06,2025-04-30T04:56:51Z,2025-04-30T04:53:33Z,2025-04-30T04:53:33Z,true,20.96760388888889,81.88111500000001,0.0,0.0,32.0,,0.0,1.0252987250504587E7,,,false,,34,,,1.8018289344656697,,154336010,15,,14,false,,,,,false,,4968882
98376,1,gt06,2025-04-30T04:56:51Z,2025-04-30T04:53:43Z,2025-04-30T04:53:43Z,true,20.96760388888889,81.88111500000001,0.0,0.0,32.0,,0.0,1.0252987250504587E7,,,false,,34,,,1.8018289344656697,,154336010,15,,14,false,,,,,false,,4968882
98377,1,gt06,2025-04-30T04:56:51Z,2025-04-30T04:53:53Z,2025-04-30T04:53:53Z,true,20.96760388888889,81.88111500000001,0.0,0.0,32.0,,0.0,1.0252987250504587E7,,,false,,34,,,1.8018289344656697,,154336010,15,,14,false,,,,,false,,4968882
98378,1,gt06,2025-04-30T04:56:52Z,2025-04-30T04:54:03Z,2025-04-30T04:54:03Z,true,20.96760388888889,81.88111500000001,0.0,0.0,32.0,,0.0,1.0252987250504587E7,,,false,,34,,,1.8018289344656697,,154336010,15,,14,false,,,,,false,,4968882
98379,1,gt06,2025-04-30T04:56:52Z,2025-04-30T04:54:13Z,2025-04-30T04:54:13Z,true,20.96760388888889,81.88111500000001,0.0,0.0,32.0,,0.0,1.0252987250504587E7,,,false,,34,,,1.8018289344656697,,154336010,15,,14,false,,,,,false,,4968882
98380,1,gt06,2025-04-30T04:56:52Z,2025-04-30T04:54:23Z,2025-04-30T04:54:23Z,true,20.96760388888889,81.88111500000001,0.0,0.0,32.0,,0.0,1.0252987250504587E7,,,false,,34,,,1.8018289344656697,,154336010,15,,14,false,,,,,false,,4968882
98381,1,gt06,2025-04-30T04:56:52Z,2025-04-30T04:54:48Z,2025-04-30T04:54:48Z,true,20.967619444444445,81.88111722222222,0.0,0.0,32.0,,0.0,1.0252985533290362E7,,,true,,34,,,0.0846147084538615,,154336010,15,,3,false,,,,,false,,4968882
98366,1,gt06,2025-04-30T04:56:49Z,2025-04-30T04:54:56Z,2025-04-30T04:54:56Z,true,20.96762,81.88111666666667,0.0,0.0,32.0,,0.0,1.0252985448675653E7,,,true,4,38,,true,1.8018289344656697,,154336010,15,,,,,,100,70,false,false,
98367,1,gt06,2025-04-30T04:56:50Z,2025-04-30T04:56:50Z,2025-04-30T04:54:56Z,true,20.96762,81.88111666666667,0.0,0.0,32.0,,0.0,1.0252985448675653E7,,,,,,,,0.0,,154336010,,,,,14.34,,,,false,,
98382,1,gt06,2025-04-30T04:56:57Z,2025-04-30T04:56:50Z,2025-04-30T04:56:50Z,true,20.967619444444445,81.88111722222222,0.0,0.0,32.0,,0.0,1.0252985533290362E7,,,true,,34,,,0.0846147084538615,,154336010,15,,14,false,,,,,false,,4968882
98383,1,gt06,2025-04-30T04:57:04Z,2025-04-30T04:57:00Z,2025-04-30T04:57:00Z,true,20.967619444444445,81.88111722222222,0.0,0.0,32.0,,0.0,1.0252985533290362E7,,,true,,34,,,0.0,,154346010,15,,14,false,,,,,false,,4968882
98384,1,gt06,2025-04-30T04:57:15Z,2025-04-30T04:57:11Z,2025-04-30T04:57:11Z,true,20.967619444444445,81.88111722222222,0.0,0.0,32.0,,0.0,1.0252985533290362E7,,,true,,34,,,0.0,,154357010,15,,14,false,,,,,false,,4968882
98385,1,gt06,2025-04-30T04:57:26Z,2025-04-30T04:57:20Z,2025-04-30T04:57:20Z,true,20.967619444444445,81.88111722222222,0.0,0.0,32.0,,0.0,1.0252985533290362E7,,,true,,34,,,0.0,,154366010,15,,14,false,,,,,false,,4968882
98386,1,gt06,2025-04-30T04:57:34Z,2025-04-30T04:57:30Z,2025-04-30T04:57:30Z,true,20.967619444444445,81.88111722222222,0.0,0.0,32.0,,0.0,1.0252985533290362E7,,,true,,34,,,0.0,,154376010,15,,14,false,,,,,false,,4968882
98387,1,gt06,2025-04-30T04:57:44Z,2025-04-30T04:57:39Z,2025-04-30T04:57:39Z,true,20.967619444444445,81.88111722222222,0.0,0.0,32.0,,0.0,1.0252985533290362E7,,,true,,34,,,0.0,,154385010,15,,14,false,,,,,false,,4968882
98388,1,gt06,2025-04-30T04:59:36Z,2025-04-30T04:59:36Z,2025-04-30T04:57:39Z,true,20.967619444444445,81.88111722222222,0.0,0.0,32.0,,0.0,1.0252985533290362E7,,,true,4,19,,true,0.0,,154501860,,,,,,,100,70,false,false,
98389,1,gt06,2025-04-30T04:59:56Z,2025-04-30T04:59:56Z,2025-04-30T04:57:39Z,true,20.967619444444445,81.88111722222222,0.0,0.0,32.0,,0.0,1.0252985533290362E7,,,true,4,19,,true,0.0,,154522502,,,,,,,100,70,false,false,
98390,1,gt06,2025-04-30T04:59:57Z,2025-04-30T04:59:57Z,2025-04-30T04:57:39Z,true,20.967619444444445,81.88111722222222,0.0,0.0,32.0,,0.0,1.0252985533290362E7,,,,,,,,0.0,,154522502,,,,,14.290000000000001,,,,false,,
98391,1,gt06,2025-04-30T04:59:58Z,2025-04-30T04:57:50Z,2025-04-30T04:57:50Z,true,20.967619444444445,81.88111722222222,0.0,0.0,32.0,,0.0,1.0252985533290362E7,,,true,,34,,,0.0,,154522502,15,,14,false,,,,,false,,4968882
98392,1,gt06,2025-04-30T04:59:58Z,2025-04-30T04:58:00Z,2025-04-30T04:58:00Z,true,20.967619444444445,81.88111722222222,0.0,0.0,32.0,,0.0,1.0252985533290362E7,,,true,,34,,,0.0,,154532502,15,,14,false,,,,,false,,4968882
98393,1,gt06,2025-04-30T04:59:58Z,2025-04-30T04:58:10Z,2025-04-30T04:58:10Z,true,20.967619444444445,81.88111722222222,0.0,0.0,32.0,,0.0,1.0252985533290362E7,,,true,,34,,,0.0,,154542502,15,,14,false,,,,,false,,4968882
98394,1,gt06,2025-04-30T04:59:58Z,2025-04-30T04:58:20Z,2025-04-30T04:58:20Z,true,20.967619444444445,81.88111722222222,0.0,0.0,32.0,,0.0,1.0252985533290362E7,,,true,,34,,,0.0,,154552502,15,,14,false,,,,,false,,4968882
98395,1,gt06,2025-04-30T04:59:59Z,2025-04-30T04:58:30Z,2025-04-30T04:58:30Z,true,20.967619444444445,81.88111722222222,0.0,0.0,32.0,,0.0,1.0252985533290362E7,,,true,,34,,,0.0,,154562502,15,,14,false,,,,,false,,4968882
98396,1,gt06,2025-04-30T04:59:59Z,2025-04-30T04:58:40Z,2025-04-30T04:58:40Z,true,20.967619444444445,81.88111722222222,0.0,0.0,32.0,,0.0,1.0252985533290362E7,,,true,,34,,,0.0,,154572502,15,,14,false,,,,,false,,4968882
98397,1,gt06,2025-04-30T04:59:59Z,2025-04-30T04:58:50Z,2025-04-30T04:58:50Z,true,20.967619444444445,81.88111722222222,0.0,0.0,32.0,,0.0,1.0252985533290362E7,,,true,,34,,,0.0,,154582502,15,,14,false,,,,,false,,4968882
98398,1,gt06,2025-04-30T04:59:59Z,2025-04-30T04:59:00Z,2025-04-30T04:59:00Z,true,20.967619444444445,81.88111722222222,0.0,0.0,32.0,,0.0,1.0252985533290362E7,,,true,,34,,,0.0,,154592502,15,,14,false,,,,,false,,4968882
98399,1,gt06,2025-04-30T04:59:59Z,2025-04-30T04:59:10Z,2025-04-30T04:59:10Z,true,20.967619444444445,81.88111722222222,0.0,0.0,32.0,,0.0,1.0252985533290362E7,,,true,,34,,,0.0,,154602502,15,,14,false,,,,,false,,4968882
98400,1,gt06,2025-04-30T04:59:59Z,2025-04-30T04:59:20Z,2025-04-30T04:59:20Z,true,20.967619444444445,81.88111722222222,0.0,0.0,32.0,,0.0,1.0252985533290362E7,,,true,,34,,,0.0,,154612502,15,,14,false,,,,,false,,4968882
98401,1,gt06,2025-04-30T04:59:59Z,2025-04-30T04:59:30Z,2025-04-30T04:59:30Z,true,20.967619444444445,81.88111722222222,0.0,0.0,32.0,,0.0,1.0252985533290362E7,,,true,,34,,,0.0,,154622502,15,,14,false,,,,,false,,4968882
98402,1,gt06,2025-04-30T05:00:05Z,2025-04-30T05:00:00Z,2025-04-30T05:00:00Z,true,20.967619444444445,81.88111722222222,0.0,0.0,32.0,,0.0,1.0252985533290362E7,,,true,,34,,,0.0,,154652502,15,,14,false,,,,,false,,4968882
98403,1,gt06,2025-04-30T05:00:14Z,2025-04-30T05:00:10Z,2025-04-30T05:00:10Z,true,20.967619444444445,81.88111722222222,0.0,0.0,32.0,,0.0,1.0252985533290362E7,,,true,,34,,,0.0,,154662502,15,,14,false,,,,,false,,4968882
98404,1,gt06,2025-04-30T05:00:25Z,2025-04-30T05:00:20Z,2025-04-30T05:00:20Z,true,20.967619444444445,81.88111722222222,0.0,0.0,32.0,,0.0,1.0252985533290362E7,,,true,,34,,,0.0,,154672502,15,,14,false,,,,,false,,4968882
98405,1,gt06,2025-04-30T05:00:36Z,2025-04-30T05:00:30Z,2025-04-30T05:00:30Z,true,20.967619444444445,81.88111722222222,0.0,0.0,32.0,,0.0,1.0252985533290362E7,,,true,,34,,,0.0,,154682502,15,,14,false,,,,,false,,4968882
98406,1,gt06,2025-04-30T05:00:48Z,2025-04-30T05:00:40Z,2025-04-30T05:00:40Z,true,20.967619444444445,81.88111722222222,0.0,0.0,32.0,,0.0,1.0252985533290362E7,,,true,,34,,,0.0,,154692502,15,,14,false,,,,,false,,4968882
98407,1,gt06,2025-04-30T05:00:56Z,2025-04-30T05:00:50Z,2025-04-30T05:00:50Z,true,20.967619444444445,81.88111722222222,0.0,0.0,32.0,,0.0,1.0252985533290362E7,,,true,,34,,,0.0,,154702502,15,,14,false,,,,,false,,4968882
98408,1,gt06,2025-04-30T05:00:57Z,2025-04-30T05:00:57Z,2025-04-30T05:00:50Z,true,20.967619444444445,81.88111722222222,0.0,0.0,32.0,,0.0,1.0252985533290362E7,,,true,4,19,,true,0.0,,154709434,,,,,,,100,70,false,false,
98411,1,gt06,2025-04-30T05:03:57Z,2025-04-30T05:03:57Z,2025-04-30T05:00:50Z,true,20.967619444444445,81.88111722222222,0.0,0.0,32.0,,0.0,1.0252985533290362E7,,,true,4,19,,true,0.0,,154889928,,,,,,,100,70,false,false,
98412,1,gt06,2025-04-30T05:04:03Z,2025-04-30T05:04:03Z,2025-04-30T05:00:50Z,true,20.967619444444445,81.88111722222222,0.0,0.0,32.0,,0.0,1.0252985533290362E7,,,,,,,,0.0,,154889928,,,,,14.09,,,,false,,
98413,1,gt06,2025-04-30T05:04:05Z,2025-04-30T05:01:00Z,2025-04-30T05:01:00Z,true,20.967619444444445,81.88111722222222,0.0,0.0,32.0,,0.0,1.0252985533290362E7,,,true,,34,,,0.0,,154889928,15,,14,false,,,,,false,,4968882
98414,1,gt06,2025-04-30T05:04:05Z,2025-04-30T05:01:10Z,2025-04-30T05:01:10Z,true,20.967619444444445,81.88111722222222,0.0,0.0,32.0,,0.0,1.0252985533290362E7,,,true,,34,,,0.0,,154899928,15,,14,false,,,,,false,,4968882
98415,1,gt06,2025-04-30T05:04:05Z,2025-04-30T05:01:20Z,2025-04-30T05:01:20Z,true,20.967619444444445,81.88111722222222,0.0,0.0,32.0,,0.0,1.0252985533290362E7,,,true,,34,,,0.0,,154909928,15,,14,false,,,,,false,,4968882
98416,1,gt06,2025-04-30T05:04:05Z,2025-04-30T05:01:30Z,2025-04-30T05:01:30Z,true,20.967619444444445,81.88111722222222,0.0,0.0,32.0,,0.0,1.0252985533290362E7,,,true,,34,,,0.0,,154919928,15,,14,false,,,,,false,,4968882
98417,1,gt06,2025-04-30T05:04:05Z,2025-04-30T05:01:40Z,2025-04-30T05:01:40Z,true,20.967619444444445,81.88111722222222,0.0,0.0,32.0,,0.0,1.0252985533290362E7,,,true,,34,,,0.0,,154929928,15,,14,false,,,,,false,,4968882
98418,1,gt06,2025-04-30T05:04:05Z,2025-04-30T05:01:50Z,2025-04-30T05:01:50Z,true,20.967619444444445,81.88111722222222,0.0,0.0,32.0,,0.0,1.0252985533290362E7,,,true,,34,,,0.0,,154939928,15,,14,false,,,,,false,,4968882
98419,1,gt06,2025-04-30T05:04:05Z,2025-04-30T05:02:00Z,2025-04-30T05:02:00Z,true,20.967619444444445,81.88111722222222,0.0,0.0,32.0,,0.0,1.0252985533290362E7,,,true,,34,,,0.0,,154949928,15,,14,false,,,,,false,,4968882
98420,1,gt06,2025-04-30T05:04:05Z,2025-04-30T05:02:10Z,2025-04-30T05:02:10Z,true,20.967619444444445,81.88111722222222,0.0,0.0,32.0,,0.0,1.0252985533290362E7,,,true,,34,,,0.0,,154959928,15,,14,false,,,,,false,,4968882
98421,1,gt06,2025-04-30T05:04:05Z,2025-04-30T05:02:20Z,2025-04-30T05:02:20Z,true,20.967619444444445,81.88111722222222,0.0,0.0,32.0,,0.0,1.0252985533290362E7,,,true,,34,,,0.0,,154969928,15,,14,false,,,,,false,,4968882
98422,1,gt06,2025-04-30T05:04:05Z,2025-04-30T05:02:28Z,2025-04-30T05:02:28Z,true,20.968041666666668,81.88112722222223,0.0,3.7797,345.0,,0.0,1.025303254634625E7,,,true,,34,,,47.01305588930028,,154977928,15,,2,false,,,,,true,,4968929
98423,1,gt06,2025-04-30T05:04:05Z,2025-04-30T05:02:29Z,2025-04-30T05:02:29Z,true,20.968062222222223,81.88112000000001,0.0,4.31966,342.0,,0.0,1.0253034954585817E7,,,true,,34,,,2.4082395659606766,,154978928,15,,2,false,,,,,true,,4968931
98424,1,gt06,2025-04-30T05:04:05Z,2025-04-30T05:02:39Z,2025-04-30T05:02:39Z,true,20.968307222222222,81.88102944444444,0.0,4.31966,342.0,,0.0,1.0253063806572316E7,,,true,,34,,,28.85198649964019,,154988928,15,,0,false,,,,,true,,4968959
98425,1,gt06,2025-04-30T05:04:05Z,2025-04-30T05:02:49Z,2025-04-30T05:02:49Z,true,20.96862833333333,81.88093333333333,0.0,8.09935,342.0,,0.0,1.0253100922360444E7,,,true,,34,,,37.115788128936174,,154998928,15,,0,false,,,,,true,,4968996
98426,1,gt06,2025-04-30T05:04:05Z,2025-04-30T05:02:59Z,2025-04-30T05:02:59Z,true,20.96905111111111,81.8807761111111,0.0,11.8791,337.0,,0.0,1.025315074256338E7,,,true,,34,,,49.82020293585797,,155008928,15,,0,false,,,,,true,,4969045
98427,1,gt06,2025-04-30T05:04:05Z,2025-04-30T05:03:09Z,2025-04-30T05:03:09Z,true,20.969467222222224,81.88053611111111,0.0,10.2592,321.0,,0.0,1.0253203354620175E7,,,true,,34,,,52.6120567948556,,155018928,15,,0,false,,,,,true,,4969097
98428,1,gt06,2025-04-30T05:04:05Z,2025-04-30T05:03:16Z,2025-04-30T05:03:16Z,true,20.969733333333334,81.88023777777778,0.0,11.3391,301.0,,0.0,1.025324624067162E7,,,true,,34,,,42.88605144344508,,155025928,15,,2,false,,,,,true,,4969139
98429,1,gt06,2025-04-30T05:04:05Z,2025-04-30T05:03:17Z,2025-04-30T05:03:17Z,true,20.969765,81.88018666666667,0.0,11.8791,300.0,,0.0,1.0253252616614927E7,,,true,,34,,,6.375943307499341,,155026928,15,,2,false,,,,,true,,4969145
98430,1,gt06,2025-04-30T05:04:05Z,2025-04-30T05:03:27Z,2025-04-30T05:03:27Z,true,20.969996666666667,81.87958222222223,0.0,11.8791,281.0,,0.0,1.0253320533324365E7,,,true,,34,,,67.91670943764967,,155036928,15,,0,false,,,,,true,,4969212
98431,1,gt06,2025-04-30T05:04:06Z,2025-04-30T05:03:37Z,2025-04-30T05:03:37Z,true,20.97013111111111,81.87892777777779,0.0,13.4989,282.0,,0.0,1.0253390187422516E7,,,true,,34,,,69.6540981514429,,155046928,15,,0,false,,,,,true,,4969281
98432,1,gt06,2025-04-30T05:04:06Z,2025-04-30T05:03:47Z,2025-04-30T05:03:47Z,true,20.97026888888889,81.87814555555556,0.0,17.8186,277.0,,0.0,1.0253472930530405E7,,,true,,34,,,82.74310788934082,,155056928,15,,0,false,,,,,true,,4969363
98433,1,gt06,2025-04-30T05:04:06Z,2025-04-30T05:03:59Z,2025-04-30T05:03:59Z,true,20.97026888888889,81.87814555555556,0.0,0.0,277.0,,0.0,1.0253472930530405E7,,,true,,34,,,0.0,,155068928,15,,14,false,,,,,false,,4969363
98434,1,gt06,2025-04-30T05:04:13Z,2025-04-30T05:04:07Z,2025-04-30T05:04:07Z,true,20.970365555555556,81.87653444444445,0.0,16.1987,273.0,,0.0,1.0253640745020604E7,,,true,,34,,,167.81449019882922,,155076928,15,,0,false,,,,,true,,4969530
98435,1,gt06,2025-04-30T05:04:35Z,2025-04-30T05:04:17Z,2025-04-30T05:04:17Z,true,20.970411111111112,81.87564777777777,0.0,18.8985,272.0,,0.0,1.0253733050152397E7,,,true,,34,,,92.30513179282092,,155086928,15,,0,false,,,,,true,,4969622
98436,1,gt06,2025-04-30T05:04:36Z,2025-04-30T05:04:27Z,2025-04-30T05:04:27Z,true,20.970458333333333,81.87465388888889,0.0,19.9784,272.0,,0.0,1.0253836494847156E7,,,true,,34,,,103.4446947593907,,155096928,15,,0,false,,,,,true,,4969725
98437,1,gt06,2025-04-30T05:04:43Z,2025-04-30T05:04:37Z,2025-04-30T05:04:37Z,true,20.970515,81.87363055555555,0.0,20.5184,272.0,,0.0,1.0253943053371442E7,,,true,,34,,,106.55852428548552,,155106928,15,,0,false,,,,,true,,4969831
98438,1,gt06,2025-04-30T05:04:54Z,2025-04-30T05:04:47Z,2025-04-30T05:04:47Z,true,20.970564999999997,81.872625,0.0,18.8985,272.0,,0.0,1.0254047725137908E7,,,true,,34,,,104.67176646500437,,155116928,15,,0,false,,,,,true,,4969935
98439,1,gt06,2025-04-30T05:04:58Z,2025-04-30T05:04:58Z,2025-04-30T05:04:47Z,true,20.970564999999997,81.872625,0.0,18.8985,272.0,,0.0,1.0254047725137908E7,,,true,4,19,,true,0.0,,155128112,,,,,,,100,70,true,false,
98440,1,gt06,2025-04-30T05:05:03Z,2025-04-30T05:04:57Z,2025-04-30T05:04:57Z,true,20.970583333333334,81.87171111111111,0.0,17.8186,268.0,,0.0,1.0254142742309965E7,,,true,,34,,,95.01717205785997,,155126928,15,,0,false,,,,,true,,4970030
98441,1,gt06,2025-04-30T05:05:34Z,2025-04-30T05:05:07Z,2025-04-30T05:05:07Z,true,20.97057,81.87106611111112,0.0,8.63931,267.0,,0.0,1.0254209804017372E7,,,true,,34,,,67.0617074068632,,155136928,15,,0,false,,,,,true,,4970097
98442,1,gt06,2025-04-30T05:05:36Z,2025-04-30T05:05:19Z,2025-04-30T05:05:19Z,true,20.97057,81.87106611111112,0.0,0.0,267.0,,0.0,1.0254209804017372E7,,,true,,34,,,0.0,,155148928,15,,14,false,,,,,false,,4970097
98443,1,gt06,2025-04-30T05:05:36Z,2025-04-30T05:05:29Z,2025-04-30T05:05:29Z,true,20.97057,81.87106611111112,0.0,0.0,267.0,,0.0,1.0254209804017372E7,,,true,,34,,,0.0,,155158928,15,,14,false,,,,,false,,4970097
98444,1,gt06,2025-04-30T05:05:43Z,2025-04-30T05:05:37Z,2025-04-30T05:05:37Z,true,20.970544999999998,81.87073944444444,0.0,7.5594,271.0,,0.0,1.0254243873625644E7,,,true,,34,,,34.069608271128764,,155166928,15,,0,false,,,,,true,,4970131
98445,1,gt06,2025-04-30T05:05:53Z,2025-04-30T05:05:47Z,2025-04-30T05:05:47Z,true,20.970561666666665,81.8701238888889,0.0,17.2786,273.0,,0.0,1.0254307885171628E7,,,true,,34,,,64.01154598439302,,155176928,15,,0,false,,,,,true,,4970195
98446,1,gt06,2025-04-30T05:05:58Z,2025-04-30T05:05:58Z,2025-04-30T05:05:47Z,true,20.970561666666665,81.8701238888889,0.0,17.2786,273.0,,0.0,1.0254307885171628E7,,,true,4,19,,true,0.0,,155188061,,,,,,,100,70,true,false,
98447,1,gt06,2025-04-30T05:06:04Z,2025-04-30T05:05:57Z,2025-04-30T05:05:57Z,true,20.970590555555557,81.86920666666667,0.0,20.5184,271.0,,0.0,1.0254403281130554E7,,,true,,34,,,95.39595892613856,,155186928,15,,0,false,,,,,true,,4970290
98448,1,gt06,2025-04-30T05:06:17Z,2025-04-30T05:06:07Z,2025-04-30T05:06:07Z,true,20.970629444444445,81.86822833333333,0.0,17.2786,270.0,,0.0,1.0254505067213967E7,,,true,,34,,,101.78608341396944,,155196928,15,,0,false,,,,,true,,4970391
98450,1,gt06,2025-04-30T05:06:20Z,2025-04-30T05:06:14Z,2025-04-30T05:06:14Z,true,20.970683888888892,81.8677188888889,0.0,10.2592,290.0,,0.0,1.0254558367684606E7,,,true,,34,,,53.300470638291934,,155203928,15,,2,false,,,,,true,,4970444
98451,1,gt06,2025-04-30T05:06:21Z,2025-04-30T05:06:15Z,2025-04-30T05:06:15Z,true,20.97069888888889,81.86767166666667,0.0,9.17927,291.0,,0.0,1.0254563552491335E7,,,true,,34,,,5.1848067294376925,,155204928,15,,2,false,,,,,true,,4970449
98452,1,gt06,2025-04-30T05:06:36Z,2025-04-30T05:06:24Z,2025-04-30T05:06:24Z,true,20.97087611111111,81.86733944444444,0.0,12.419,309.0,,0.0,1.0254603323659109E7,,,true,,34,,,39.771167774626576,,155213928,15,,2,false,,,,,true,,4970488
98453,1,gt06,2025-04-30T05:06:36Z,2025-04-30T05:06:25Z,2025-04-30T05:06:25Z,true,20.970918333333334,81.86728944444444,0.0,13.4989,313.0,,0.0,1.0254610331038728E7,,,true,,34,,,7.007379619875689,,155214928,15,,2,false,,,,,true,,4970494
98454,1,gt06,2025-04-30T05:06:43Z,2025-04-30T05:06:35Z,2025-04-30T05:06:35Z,true,20.971473333333332,81.86678222222223,0.0,17.8186,319.0,,0.0,1.0254691551920315E7,,,true,,34,,,81.22088158614973,,155224928,15,,0,false,,,,,true,,4970575
98455,1,gt06,2025-04-30T05:06:53Z,2025-04-30T05:06:45Z,2025-04-30T05:06:45Z,true,20.97215333333333,81.86616611111111,0.0,17.8186,320.0,,0.0,1.0254790705509072E7,,,true,,34,,,99.15358875654506,,155234928,15,,0,false,,,,,true,,4970674
98456,1,gt06,2025-04-30T05:06:58Z,2025-04-30T05:06:58Z,2025-04-30T05:06:45Z,true,20.97215333333333,81.86616611111111,0.0,17.8186,320.0,,0.0,1.0254790705509072E7,,,true,4,19,,true,0.0,,155247492,,,,,,,100,70,true,false,
98457,1,gt06,2025-04-30T05:07:05Z,2025-04-30T05:06:55Z,2025-04-30T05:06:55Z,true,20.972717222222226,81.86556944444445,0.0,15.6588,305.0,,0.0,1.0254878948567467E7,,,true,,34,,,88.2430583955357,,155244928,15,,0,false,,,,,true,,4970762
98458,1,gt06,2025-04-30T05:07:06Z,2025-04-30T05:06:59Z,2025-04-30T05:06:59Z,true,20.972841666666667,81.86527055555555,0.0,16.7387,284.0,,0.0,1.0254912965069707E7,,,true,,34,,,34.01650224031302,,155248928,15,,2,false,,,,,true,,4970796
98459,1,gt06,2025-04-30T05:07:06Z,2025-04-30T05:07:00Z,2025-04-30T05:07:00Z,true,20.97286111111111,81.86519000000001,0.0,16.7387,282.0,,0.0,1.0254921613632988E7,,,true,,34,,,8.648563281431786,,155249928,15,,2,false,,,,,true,,4970804
98460,1,gt06,2025-04-30T05:07:13Z,2025-04-30T05:07:07Z,2025-04-30T05:07:07Z,true,20.972865,81.86456444444444,0.0,18.8985,264.0,,0.0,1.0254986638183992E7,,,true,,34,,,65.02455100408301,,155256928,15,,2,false,,,,,true,,4970869
98461,1,gt06,2025-04-30T05:07:15Z,2025-04-30T05:07:08Z,2025-04-30T05:07:08Z,true,20.972854444444444,81.86446833333332,0.0,19.4385,261.0,,0.0,1.025499669727936E7,,,true,,34,,,10.059095367457171,,155257928,15,,2,false,,,,,true,,4970879
98462,1,gt06,2025-04-30T05:07:32Z,2025-04-30T05:07:18Z,2025-04-30T05:07:18Z,true,20.97272888888889,81.86349777777777,0.0,19.4385,261.0,,0.0,1.0255098544908706E7,,,true,,34,,,101.84762934507933,,155267928,15,,0,false,,,,,true,,4970980
98463,1,gt06,2025-04-30T05:07:34Z,2025-04-30T05:07:28Z,2025-04-30T05:07:28Z,true,20.972608888888892,81.86259722222222,0.0,16.7387,261.0,,0.0,1.0255193101247646E7,,,true,,34,,,94.55633893995336,,155277928,15,,0,false,,,,,true,,4971074
98464,1,gt06,2025-04-30T05:07:48Z,2025-04-30T05:07:38Z,2025-04-30T05:07:38Z,true,20.972496666666668,81.86177555555555,0.0,16.1987,261.0,,0.0,1.025527941801986E7,,,true,,34,,,86.31677221281025,,155287928,15,,0,false,,,,,true,,4971160
98465,1,gt06,2025-04-30T05:07:55Z,2025-04-30T05:07:48Z,2025-04-30T05:07:48Z,true,20.972389444444445,81.86103333333334,0.0,12.419,261.0,,0.0,1.0255357486059183E7,,,true,,34,,,78.06803932492714,,155297928,15,,0,false,,,,,true,,4971238
98466,1,gt06,2025-04-30T05:07:58Z,2025-04-30T05:07:58Z,2025-04-30T05:07:48Z,true,20.972389444444445,81.86103333333334,0.0,12.419,261.0,,0.0,1.0255357486059183E7,,,true,4,19,,true,0.0,,155308089,,,,,,,100,70,true,false,
98467,1,gt06,2025-04-30T05:08:04Z,2025-04-30T05:07:58Z,2025-04-30T05:07:58Z,true,20.972307777777775,81.86045833333333,0.0,11.3391,260.0,,0.0,1.0255417941847716E7,,,true,,34,,,60.45578853274359,,155307928,15,,0,false,,,,,true,,4971298
98468,1,gt06,2025-04-30T05:08:23Z,2025-04-30T05:08:08Z,2025-04-30T05:08:08Z,true,20.97223111111111,81.85988444444445,0.0,9.71923,260.0,,0.0,1.0255478202143969E7,,,true,,34,,,60.260296253983526,,155317928,15,,0,false,,,,,true,,4971358
98469,1,gt06,2025-04-30T05:08:25Z,2025-04-30T05:08:18Z,2025-04-30T05:08:18Z,true,20.972204444444444,81.85971333333333,0.0,4.31966,260.0,,0.0,1.025549623431585E7,,,true,,34,,,18.0321718804119,,155327928,15,,0,false,,,,,true,,4971376
98470,1,gt06,2025-04-30T05:08:57Z,2025-04-30T05:08:57Z,2025-04-30T05:08:18Z,true,20.972204444444444,81.85971333333333,0.0,4.31966,260.0,,0.0,1.025549623431585E7,,,true,4,19,,true,0.0,,155366741,,,,,,,100,70,true,false,
98471,1,gt06,2025-04-30T05:08:58Z,2025-04-30T05:08:58Z,2025-04-30T05:08:18Z,true,20.972204444444444,81.85971333333333,0.0,4.31966,260.0,,0.0,1.025549623431585E7,,,,,,,,0.0,,155366741,,,,,14.290000000000001,,,,true,,
98472,1,gt06,2025-04-30T05:08:59Z,2025-04-30T05:08:28Z,2025-04-30T05:08:28Z,true,20.972158333333333,81.85943666666667,0.0,8.09935,259.0,,0.0,1.025552544695875E7,,,true,,34,,,29.212642901044376,,155366741,15,,0,false,,,,,true,,4971405
98473,1,gt06,2025-04-30T05:08:59Z,2025-04-30T05:08:38Z,2025-04-30T05:08:38Z,true,20.972080000000002,81.85889944444445,0.0,15.1188,261.0,,0.0,1.0255581965318626E7,,,true,,34,,,56.51835987600785,,155376741,15,,0,false,,,,,true,,4971461
98474,1,gt06,2025-04-30T05:08:59Z,2025-04-30T05:08:48Z,2025-04-30T05:08:48Z,true,20.971965555555556,81.85818444444445,0.0,7.01944,258.0,,0.0,1.0255657370127833E7,,,true,,34,,,75.40480920764544,,155386741,15,,0,false,,,,,true,,4971536
98475,1,gt06,2025-04-30T05:09:06Z,2025-04-30T05:09:00Z,2025-04-30T05:09:00Z,true,20.971907777777776,81.85805888888889,0.0,3.7797,214.0,,0.0,1.0255671919834407E7,,,true,,34,,,14.549706574483455,,155398741,15,,2,false,,,,,true,,4971550
98476,1,gt06,2025-04-30T05:09:07Z,2025-04-30T05:09:01Z,2025-04-30T05:09:01Z,true,20.971891666666668,81.85804722222221,0.0,3.7797,211.0,,0.0,1.0255674084828896E7,,,true,,34,,,2.1649944892362614,,155399741,15,,2,false,,,,,true,,4971552
98477,1,gt06,2025-04-30T05:09:22Z,2025-04-30T05:09:18Z,2025-04-30T05:09:18Z,true,20.971891666666668,81.85804722222221,0.0,0.0,211.0,,0.0,1.0255674084828896E7,,,true,,34,,,0.0,,155416741,15,,14,false,,,,,false,,4971552
98478,1,gt06,2025-04-30T05:09:32Z,2025-04-30T05:09:28Z,2025-04-30T05:09:28Z,true,20.971891666666668,81.85804722222221,0.0,0.0,211.0,,0.0,1.0255674084828896E7,,,true,,34,,,0.0,,155426741,15,,14,false,,,,,false,,4971552
98479,1,gt06,2025-04-30T05:09:43Z,2025-04-30T05:09:38Z,2025-04-30T05:09:38Z,true,20.971891666666668,81.85804722222221,0.0,0.0,211.0,,0.0,1.0255674084828896E7,,,true,,34,,,0.0,,155436741,15,,14,false,,,,,false,,4971552
98480,1,gt06,2025-04-30T05:09:52Z,2025-04-30T05:09:48Z,2025-04-30T05:09:48Z,true,20.971891666666668,81.85804722222221,0.0,0.0,211.0,,0.0,1.0255674084828896E7,,,true,,34,,,0.0,,155446741,15,,14,false,,,,,false,,4971552
98481,1,gt06,2025-04-30T05:09:57Z,2025-04-30T05:09:57Z,2025-04-30T05:09:48Z,true,20.971891666666668,81.85804722222221,0.0,0.0,211.0,,0.0,1.0255674084828896E7,,,true,4,19,,true,0.0,,155455953,,,,,,,100,70,false,false,
98482,1,gt06,2025-04-30T05:10:03Z,2025-04-30T05:09:57Z,2025-04-30T05:09:57Z,true,20.971891666666668,81.85804722222221,0.0,0.0,211.0,,0.0,1.0255674084828896E7,,,true,,34,,,0.0,,155455741,15,,14,false,,,,,false,,4971552
98483,1,gt06,2025-04-30T05:10:13Z,2025-04-30T05:10:08Z,2025-04-30T05:10:08Z,true,20.971891666666668,81.85804722222221,0.0,0.0,211.0,,0.0,1.0255674084828896E7,,,true,,34,,,0.0,,155466741,15,,14,false,,,,,false,,4971552
98484,1,gt06,2025-04-30T05:10:25Z,2025-04-30T05:10:18Z,2025-04-30T05:10:18Z,true,20.971891666666668,81.85804722222221,0.0,0.0,211.0,,0.0,1.0255674084828896E7,,,true,,34,,,0.0,,155476741,15,,14,false,,,,,false,,4971552
98485,1,gt06,2025-04-30T05:10:33Z,2025-04-30T05:10:28Z,2025-04-30T05:10:28Z,true,20.971891666666668,81.85804722222221,0.0,0.0,211.0,,0.0,1.0255674084828896E7,,,true,,34,,,0.0,,155486741,15,,14,false,,,,,false,,4971552
98486,1,gt06,2025-04-30T05:10:42Z,2025-04-30T05:10:38Z,2025-04-30T05:10:38Z,true,20.971891666666668,81.85804722222221,0.0,0.0,211.0,,0.0,1.0255674084828896E7,,,true,,34,,,0.0,,155496741,15,,14,false,,,,,false,,4971552
98487,1,gt06,2025-04-30T05:10:52Z,2025-04-30T05:10:48Z,2025-04-30T05:10:48Z,true,20.971891666666668,81.85804722222221,0.0,0.0,211.0,,0.0,1.0255674084828896E7,,,true,,34,,,0.0,,155506741,15,,14,false,,,,,false,,4971552
98488,1,gt06,2025-04-30T05:10:57Z,2025-04-30T05:10:57Z,2025-04-30T05:10:48Z,true,20.971891666666668,81.85804722222221,0.0,0.0,211.0,,0.0,1.0255674084828896E7,,,true,4,19,,true,0.0,,155516018,,,,,,,100,70,false,false,
98489,1,gt06,2025-04-30T05:11:03Z,2025-04-30T05:10:58Z,2025-04-30T05:10:58Z,true,20.971891666666668,81.85804722222221,0.0,0.0,211.0,,0.0,1.0255674084828896E7,,,true,,34,,,0.0,,155516741,15,,14,false,,,,,false,,4971552
98490,1,gt06,2025-04-30T05:11:12Z,2025-04-30T05:11:08Z,2025-04-30T05:11:08Z,true,20.971891666666668,81.85804722222221,0.0,0.0,211.0,,0.0,1.0255674084828896E7,,,true,,34,,,0.0,,155526741,15,,14,false,,,,,false,,4971552
98492,1,gt06,2025-04-30T05:11:22Z,2025-04-30T05:11:17Z,2025-04-30T05:11:17Z,true,20.971891666666668,81.85804722222221,0.0,0.0,211.0,,0.0,1.0255674084828896E7,,,true,,34,,,0.0,,155535741,15,,14,false,,,,,false,,4971552
98493,1,gt06,2025-04-30T05:11:32Z,2025-04-30T05:11:28Z,2025-04-30T05:11:28Z,true,20.971891666666668,81.85804722222221,0.0,0.0,211.0,,0.0,1.0255674084828896E7,,,true,,34,,,0.0,,155546741,15,,14,false,,,,,false,,4971552
98494,1,gt06,2025-04-30T05:11:45Z,2025-04-30T05:11:38Z,2025-04-30T05:11:38Z,true,20.971891666666668,81.85804722222221,0.0,0.0,211.0,,0.0,1.0255674084828896E7,,,true,,34,,,0.0,,155556741,15,,14,false,,,,,false,,4971552
98495,1,gt06,2025-04-30T05:11:53Z,2025-04-30T05:11:48Z,2025-04-30T05:11:48Z,true,20.971891666666668,81.85804722222221,0.0,0.0,211.0,,0.0,1.0255674084828896E7,,,true,,34,,,0.0,,155566741,15,,14,false,,,,,false,,4971552
98497,1,gt06,2025-04-30T05:11:57Z,2025-04-30T05:11:57Z,2025-04-30T05:11:48Z,true,20.971891666666668,81.85804722222221,0.0,0.0,211.0,,0.0,1.0255674084828896E7,,,true,4,19,,true,0.0,,155575995,,,,,,,100,70,false,false,
98498,1,gt06,2025-04-30T05:12:02Z,2025-04-30T05:11:58Z,2025-04-30T05:11:58Z,true,20.971891666666668,81.85804722222221,0.0,0.0,211.0,,0.0,1.0255674084828896E7,,,true,,34,,,0.0,,155576741,15,,14,false,,,,,false,,4971552
98499,1,gt06,2025-04-30T05:12:12Z,2025-04-30T05:12:08Z,2025-04-30T05:12:08Z,true,20.971891666666668,81.85804722222221,0.0,0.0,211.0,,0.0,1.0255674084828896E7,,,true,,34,,,0.0,,155586741,15,,14,false,,,,,false,,4971552
98500,1,gt06,2025-04-30T05:12:23Z,2025-04-30T05:12:18Z,2025-04-30T05:12:18Z,true,20.971891666666668,81.85804722222221,0.0,0.0,211.0,,0.0,1.0255674084828896E7,,,true,,34,,,0.0,,155596741,15,,14,false,,,,,false,,4971552
98501,1,gt06,2025-04-30T05:12:32Z,2025-04-30T05:12:28Z,2025-04-30T05:12:28Z,true,20.971891666666668,81.85804722222221,0.0,0.0,211.0,,0.0,1.0255674084828896E7,,,true,,34,,,0.0,,155606741,15,,14,false,,,,,false,,4971552
98502,1,gt06,2025-04-30T05:12:42Z,2025-04-30T05:12:37Z,2025-04-30T05:12:37Z,true,20.971891666666668,81.85804722222221,0.0,0.0,211.0,,0.0,1.0255674084828896E7,,,true,,34,,,0.0,,155615741,15,,14,false,,,,,false,,4971552
98503,1,gt06,2025-04-30T05:12:52Z,2025-04-30T05:12:48Z,2025-04-30T05:12:48Z,true,20.971891666666668,81.85804722222221,0.0,0.0,211.0,,0.0,1.0255674084828896E7,,,true,,34,,,0.0,,155626741,15,,14,false,,,,,false,,4971552
98504,1,gt06,2025-04-30T05:12:57Z,2025-04-30T05:12:57Z,2025-04-30T05:12:48Z,true,20.971891666666668,81.85804722222221,0.0,0.0,211.0,,0.0,1.0255674084828896E7,,,true,4,19,,true,0.0,,155636134,,,,,,,100,70,false,false,
98505,1,gt06,2025-04-30T05:13:02Z,2025-04-30T05:12:58Z,2025-04-30T05:12:58Z,true,20.971891666666668,81.85804722222221,0.0,0.0,211.0,,0.0,1.0255674084828896E7,,,true,,34,,,0.0,,155636741,15,,14,false,,,,,false,,4971552
98506,1,gt06,2025-04-30T05:13:13Z,2025-04-30T05:13:08Z,2025-04-30T05:13:08Z,true,20.971891666666668,81.85804722222221,0.0,0.0,211.0,,0.0,1.0255674084828896E7,,,true,,34,,,0.0,,155646741,15,,14,false,,,,,false,,4971552
98507,1,gt06,2025-04-30T05:13:22Z,2025-04-30T05:13:18Z,2025-04-30T05:13:18Z,true,20.971891666666668,81.85804722222221,0.0,0.0,211.0,,0.0,1.0255674084828896E7,,,true,,34,,,0.0,,155656741,15,,14,false,,,,,false,,4971552
98508,1,gt06,2025-04-30T05:13:32Z,2025-04-30T05:13:28Z,2025-04-30T05:13:28Z,true,20.971891666666668,81.85804722222221,0.0,0.0,211.0,,0.0,1.0255674084828896E7,,,true,,34,,,0.0,,155666741,15,,14,false,,,,,false,,4971552
98509,1,gt06,2025-04-30T05:13:43Z,2025-04-30T05:13:38Z,2025-04-30T05:13:38Z,true,20.971891666666668,81.85804722222221,0.0,0.0,211.0,,0.0,1.0255674084828896E7,,,true,,34,,,0.0,,155676741,15,,14,false,,,,,false,,4971552
98510,1,gt06,2025-04-30T05:13:52Z,2025-04-30T05:13:48Z,2025-04-30T05:13:48Z,true,20.971891666666668,81.85804722222221,0.0,0.0,211.0,,0.0,1.0255674084828896E7,,,true,,34,,,0.0,,155686741,15,,14,false,,,,,false,,4971552
98511,1,gt06,2025-04-30T05:13:57Z,2025-04-30T05:13:57Z,2025-04-30T05:13:48Z,true,20.971891666666668,81.85804722222221,0.0,0.0,211.0,,0.0,1.0255674084828896E7,,,true,4,19,,true,0.0,,155695974,,,,,,,100,70,false,false,
98512,1,gt06,2025-04-30T05:14:02Z,2025-04-30T05:13:57Z,2025-04-30T05:13:57Z,true,20.971891666666668,81.85804722222221,0.0,0.0,211.0,,0.0,1.0255674084828896E7,,,true,,34,,,0.0,,155695741,15,,14,false,,,,,false,,4971552
98513,1,gt06,2025-04-30T05:14:12Z,2025-04-30T05:14:08Z,2025-04-30T05:14:08Z,true,20.971891666666668,81.85804722222221,0.0,0.0,211.0,,0.0,1.0255674084828896E7,,,true,,34,,,0.0,,155706741,15,,14,false,,,,,false,,4971552
98514,1,gt06,2025-04-30T05:14:22Z,2025-04-30T05:14:18Z,2025-04-30T05:14:18Z,true,20.971891666666668,81.85804722222221,0.0,0.0,211.0,,0.0,1.0255674084828896E7,,,true,,34,,,0.0,,155716741,15,,14,false,,,,,false,,4971552
98515,1,gt06,2025-04-30T05:14:33Z,2025-04-30T05:14:28Z,2025-04-30T05:14:28Z,true,20.971891666666668,81.85804722222221,0.0,0.0,211.0,,0.0,1.0255674084828896E7,,,true,,34,,,0.0,,155726741,15,,14,false,,,,,false,,4971552
98516,1,gt06,2025-04-30T05:14:42Z,2025-04-30T05:14:38Z,2025-04-30T05:14:38Z,true,20.971891666666668,81.85804722222221,0.0,0.0,211.0,,0.0,1.0255674084828896E7,,,true,,34,,,0.0,,155736741,15,,14,false,,,,,false,,4971552
98517,1,gt06,2025-04-30T05:14:52Z,2025-04-30T05:14:48Z,2025-04-30T05:14:48Z,true,20.971891666666668,81.85804722222221,0.0,0.0,211.0,,0.0,1.0255674084828896E7,,,true,,34,,,0.0,,155746741,15,,14,false,,,,,false,,4971552
98518,1,gt06,2025-04-30T05:14:57Z,2025-04-30T05:14:57Z,2025-04-30T05:14:48Z,true,20.971891666666668,81.85804722222221,0.0,0.0,211.0,,0.0,1.0255674084828896E7,,,true,4,19,,true,0.0,,155755956,,,,,,,100,70,false,false,
98519,1,gt06,2025-04-30T05:15:03Z,2025-04-30T05:14:58Z,2025-04-30T05:14:58Z,true,20.971891666666668,81.85804722222221,0.0,0.0,211.0,,0.0,1.0255674084828896E7,,,true,,34,,,0.0,,155756741,15,,14,false,,,,,false,,4971552
98520,1,gt06,2025-04-30T05:15:12Z,2025-04-30T05:15:08Z,2025-04-30T05:15:08Z,true,20.971891666666668,81.85804722222221,0.0,0.0,211.0,,0.0,1.0255674084828896E7,,,true,,34,,,0.0,,155766741,15,,14,false,,,,,false,,4971552
98521,1,gt06,2025-04-30T05:15:22Z,2025-04-30T05:15:17Z,2025-04-30T05:15:17Z,true,20.971891666666668,81.85804722222221,0.0,0.0,211.0,,0.0,1.0255674084828896E7,,,true,,34,,,0.0,,155775741,15,,14,false,,,,,false,,4971552
98522,1,gt06,2025-04-30T05:15:33Z,2025-04-30T05:15:28Z,2025-04-30T05:15:28Z,true,20.971891666666668,81.85804722222221,0.0,0.0,211.0,,0.0,1.0255674084828896E7,,,true,,34,,,0.0,,155786741,15,,14,false,,,,,false,,4971552
98523,1,gt06,2025-04-30T05:15:42Z,2025-04-30T05:15:38Z,2025-04-30T05:15:38Z,true,20.971891666666668,81.85804722222221,0.0,0.0,211.0,,0.0,1.0255674084828896E7,,,true,,34,,,0.0,,155796741,15,,14,false,,,,,false,,4971552
98524,1,gt06,2025-04-30T05:15:48Z,2025-04-30T05:15:42Z,2025-04-30T05:15:42Z,true,20.971911111111112,81.85765833333333,0.0,3.7797,263.0,,0.0,1.0255714565892616E7,,,true,,34,,,40.48106372062145,,155800741,15,,2,false,,,,,true,,4971592
98525,1,gt06,2025-04-30T05:15:57Z,2025-04-30T05:15:57Z,2025-04-30T05:15:42Z,true,20.971911111111112,81.85765833333333,0.0,3.7797,263.0,,0.0,1.0255714565892616E7,,,true,4,19,,true,0.0,,155815933,,,,,,,100,70,true,false,
98526,1,gt06,2025-04-30T05:15:59Z,2025-04-30T05:15:53Z,2025-04-30T05:15:53Z,true,20.97189,81.85743388888889,0.0,4.31966,255.0,,0.0,1.0255738013892157E7,,,true,,34,,,23.447999540802424,,155811741,15,,0,false,,,,,true,,4971615
98527,1,gt06,2025-04-30T05:16:10Z,2025-04-30T05:16:03Z,2025-04-30T05:16:03Z,true,20.971841666666666,81.85723611111112,0.0,3.7797,253.0,,0.0,1.0255759264379371E7,,,true,,34,,,21.250487213152336,,155821741,15,,0,false,,,,,true,,4971636
98529,1,gt06,2025-04-30T05:16:20Z,2025-04-30T05:16:15Z,2025-04-30T05:16:15Z,true,20.971841666666666,81.85723611111112,0.0,0.0,253.0,,0.0,1.0255759264379371E7,,,true,,34,,,0.0,,155833741,15,,14,false,,,,,false,,4971636
98530,1,gt06,2025-04-30T05:16:29Z,2025-04-30T05:16:25Z,2025-04-30T05:16:25Z,true,20.971841666666666,81.85723611111112,0.0,0.0,253.0,,0.0,1.0255759264379371E7,,,true,,34,,,0.0,,155843741,15,,14,false,,,,,false,,4971636
98531,1,gt06,2025-04-30T05:16:41Z,2025-04-30T05:16:35Z,2025-04-30T05:16:35Z,true,20.971841666666666,81.85723611111112,0.0,0.0,253.0,,0.0,1.0255759264379371E7,,,true,,34,,,0.0,,155853741,15,,14,false,,,,,false,,4971636
98532,1,gt06,2025-04-30T05:16:49Z,2025-04-30T05:16:45Z,2025-04-30T05:16:45Z,true,20.971841666666666,81.85723611111112,0.0,0.0,253.0,,0.0,1.0255759264379371E7,,,true,,34,,,0.0,,155863741,15,,14,false,,,,,false,,4971636
98533,1,gt06,2025-04-30T05:16:54Z,2025-04-30T05:16:47Z,2025-04-30T05:16:47Z,true,20.971818333333335,81.85700388888888,0.0,4.31966,279.0,,0.0,1.0255783542137267E7,,,true,,34,,,24.277757896519276,,155865741,15,,2,false,,,,,true,,4971660
98534,1,gt06,2025-04-30T05:16:55Z,2025-04-30T05:16:48Z,2025-04-30T05:16:48Z,true,20.97182388888889,81.85698166666667,0.0,4.31966,288.0,,0.0,1.0255785933389667E7,,,true,,34,,,2.3912524004899014,,155866741,15,,2,false,,,,,true,,4971662
98535,1,gt06,2025-04-30T05:16:58Z,2025-04-30T05:16:58Z,2025-04-30T05:16:48Z,true,20.97182388888889,81.85698166666667,0.0,4.31966,288.0,,0.0,1.0255785933389667E7,,,true,4,19,,true,0.0,,155877092,,,,,,,100,70,true,false,
98536,1,gt06,2025-04-30T05:17:04Z,2025-04-30T05:16:58Z,2025-04-30T05:16:58Z,true,20.971905,81.85664166666666,0.0,8.63931,287.0,,0.0,1.0255822409976805E7,,,true,,34,,,36.47658713662922,,155876741,15,,0,false,,,,,true,,4971698
98537,1,gt06,2025-04-30T05:17:15Z,2025-04-30T05:17:08Z,2025-04-30T05:17:08Z,true,20.97203,81.85617833333333,0.0,12.959,286.0,,0.0,1.0255872541145884E7,,,true,,34,,,50.131169078889464,,155886741,15,,0,false,,,,,true,,4971748
98538,1,gt06,2025-04-30T05:17:28Z,2025-04-30T05:17:18Z,2025-04-30T05:17:18Z,true,20.972236111111112,81.8555061111111,0.0,14.5788,287.0,,0.0,1.0255946085956434E7,,,true,,34,,,73.54481055114765,,155896741,15,,0,false,,,,,true,,4971821
98539,1,gt06,2025-04-30T05:17:36Z,2025-04-30T05:17:28Z,2025-04-30T05:17:28Z,true,20.97244611111111,81.85482166666667,0.0,14.0389,287.0,,0.0,1.0256020972763939E7,,,true,,34,,,74.88680750504707,,155906741,15,,0,false,,,,,true,,4971895
98540,1,gt06,2025-04-30T05:17:49Z,2025-04-30T05:17:38Z,2025-04-30T05:17:38Z,true,20.97267611111111,81.85408,0.0,17.2786,287.0,,0.0,1.0256102205604445E7,,,true,,34,,,81.2328405055194,,155916741,15,,0,false,,,,,true,,4971976
98541,1,gt06,2025-04-30T05:17:59Z,2025-04-30T05:17:48Z,2025-04-30T05:17:48Z,true,20.972952222222222,81.85318722222222,0.0,19.4385,286.0,,0.0,1.0256199962813158E7,,,true,,34,,,97.7572087126795,,155926741,15,,0,false,,,,,true,,4972073
98542,1,gt06,2025-04-30T05:18:00Z,2025-04-30T05:18:00Z,2025-04-30T05:17:48Z,true,20.972952222222222,81.85318722222222,0.0,19.4385,286.0,,0.0,1.0256199962813158E7,,,true,4,19,,true,0.0,,155938609,,,,,,,100,70,true,false,
98543,1,gt06,2025-04-30T05:18:09Z,2025-04-30T05:17:58Z,2025-04-30T05:17:58Z,true,20.973236666666665,81.85223222222223,0.0,20.5184,287.0,,0.0,1.0256304157553045E7,,,true,,34,,,104.1947398879871,,155936741,15,,0,false,,,,,true,,4972177
98544,1,gt06,2025-04-30T05:18:15Z,2025-04-30T05:18:08Z,2025-04-30T05:18:08Z,true,20.973530555555556,81.85126611111112,0.0,19.4385,287.0,,0.0,1.025640977392811E7,,,true,,34,,,105.61637506529877,,155946741,15,,0,false,,,,,true,,4972282
98545,1,gt06,2025-04-30T05:18:35Z,2025-04-30T05:18:30Z,2025-04-30T05:18:30Z,true,20.973530555555556,81.85126611111112,0.0,0.0,287.0,,0.0,1.025640977392811E7,,,true,,34,,,0.0,,155968741,15,,14,false,,,,,false,,4972282
98546,1,gt06,2025-04-30T05:18:45Z,2025-04-30T05:18:37Z,2025-04-30T05:18:37Z,true,20.973687777777776,81.8506811111111,0.0,3.7797,291.0,,0.0,1.0256473049841838E7,,,true,,34,,,63.27591372849949,,155975741,15,,2,false,,,,,true,,4972345
98547,1,gt06,2025-04-30T05:18:53Z,2025-04-30T05:18:47Z,2025-04-30T05:18:47Z,true,20.973835555555556,81.85023777777778,0.0,14.0389,289.0,,0.0,1.025652197994163E7,,,true,,34,,,48.93009979369019,,155985741,15,,0,false,,,,,true,,4972393
98548,1,gt06,2025-04-30T05:18:57Z,2025-04-30T05:18:57Z,2025-04-30T05:18:47Z,true,20.973835555555556,81.85023777777778,0.0,14.0389,289.0,,0.0,1.025652197994163E7,,,true,4,19,,true,0.0,,155995868,,,,,,,100,70,true,false,
98549,1,gt06,2025-04-30T05:18:58Z,2025-04-30T05:18:58Z,2025-04-30T05:18:47Z,true,20.973835555555556,81.85023777777778,0.0,14.0389,289.0,,0.0,1.025652197994163E7,,,,,,,,0.0,,155995868,,,,,13.93,,,,true,,
98550,1,gt06,2025-04-30T05:19:03Z,2025-04-30T05:18:57Z,2025-04-30T05:18:57Z,true,20.97407777777778,81.8494788888889,0.0,16.1987,288.0,,0.0,1.0256605343004247E7,,,true,,34,,,83.36306261675674,,155995868,15,,0,false,,,,,true,,4972476
98551,1,gt06,2025-04-30T05:19:13Z,2025-04-30T05:19:07Z,2025-04-30T05:19:07Z,true,20.974330555555554,81.84864444444445,0.0,15.6588,288.0,,0.0,1.0256696528548269E7,,,true,,34,,,91.18554402070184,,156005868,15,,0,false,,,,,true,,4972567
98552,1,gt06,2025-04-30T05:19:23Z,2025-04-30T05:19:17Z,2025-04-30T05:19:17Z,true,20.974472777777777,81.84816666666667,0.0,10.7991,286.0,,0.0,1.0256748653013026E7,,,true,,34,,,52.12446475813938,,156015868,15,,0,false,,,,,true,,4972619
98553,1,gt06,2025-04-30T05:19:33Z,2025-04-30T05:19:27Z,2025-04-30T05:19:27Z,true,20.97469277777778,81.84744500000001,0.0,17.8186,288.0,,0.0,1.0256827562111083E7,,,true,,34,,,78.9090980579786,,156025868,15,,0,false,,,,,true,,4972697
98554,1,gt06,2025-04-30T05:19:47Z,2025-04-30T05:19:37Z,2025-04-30T05:19:37Z,true,20.97499388888889,81.84644722222222,0.0,21.5983,287.0,,0.0,1.0256936556530911E7,,,true,,34,,,108.9944198284616,,156035868,15,,0,false,,,,,true,,4972805
98555,1,gt06,2025-04-30T05:19:54Z,2025-04-30T05:19:47Z,2025-04-30T05:19:47Z,true,20.97529666666667,81.84545277777778,0.0,22.1382,287.0,,0.0,1.0257045278492391E7,,,true,,34,,,108.72196148018132,,156045868,15,,0,false,,,,,true,,4972913
98556,1,gt06,2025-04-30T05:19:59Z,2025-04-30T05:19:59Z,2025-04-30T05:19:47Z,true,20.97529666666667,81.84545277777778,0.0,22.1382,287.0,,0.0,1.0257045278492391E7,,,true,4,19,,true,0.0,,156057657,,,,,,,100,70,true,false,
98557,1,gt06,2025-04-30T05:20:03Z,2025-04-30T05:19:57Z,2025-04-30T05:19:57Z,true,20.975582777777777,81.84444277777777,0.0,19.9784,285.0,,0.0,1.025715498570249E7,,,true,,34,,,109.70721010004965,,156055868,15,,0,false,,,,,true,,4973022
98558,1,gt06,2025-04-30T05:20:13Z,2025-04-30T05:20:09Z,2025-04-30T05:20:09Z,true,20.975582777777777,81.84444277777777,0.0,0.0,285.0,,0.0,1.025715498570249E7,,,true,,34,,,0.0,,156067868,15,,14,false,,,,,false,,4973022
98559,1,gt06,2025-04-30T05:20:24Z,2025-04-30T05:20:17Z,2025-04-30T05:20:17Z,true,20.975850555555557,81.84355,0.0,12.959,288.0,,0.0,1.0257252453500567E7,,,true,,34,,,97.46779807730393,,156075868,15,,0,false,,,,,true,,4973119
98560,1,gt06,2025-04-30T05:20:37Z,2025-04-30T05:20:27Z,2025-04-30T05:20:27Z,true,20.976115555555555,81.84269111111111,0.0,21.0583,287.0,,0.0,1.0257346476118091E7,,,true,,34,,,94.02261752426422,,156085868,15,,0,false,,,,,true,,4973213
98561,1,gt06,2025-04-30T05:20:50Z,2025-04-30T05:20:50Z,2025-04-30T05:20:27Z,true,20.976115555555555,81.84269111111111,0.0,21.0583,287.0,,0.0,1.0257346476118091E7,,,true,4,19,,true,0.0,,156108587,,,,,,,100,70,true,false,
98562,1,gt06,2025-04-30T05:20:50Z,2025-04-30T05:20:50Z,2025-04-30T05:20:27Z,true,20.976115555555555,81.84269111111111,0.0,21.0583,287.0,,0.0,1.0257346476118091E7,,,,,,,,0.0,,156108587,,,,,13.88,,,,true,,
98563,1,gt06,2025-04-30T05:20:51Z,2025-04-30T05:20:27Z,2025-04-30T05:20:27Z,true,20.976115555555555,81.84269111111111,0.0,21.0583,287.0,,0.0,1.0257346476118091E7,,,true,,34,,,0.0,,156108587,15,,0,false,,,,,true,,4973213
98564,1,gt06,2025-04-30T05:20:51Z,2025-04-30T05:20:37Z,2025-04-30T05:20:37Z,true,20.976467777777778,81.84160944444444,0.0,19.9784,289.0,,0.0,1.0257465547726916E7,,,true,,34,,,119.07160882424012,,156118587,15,,0,false,,,,,true,,4973332
98565,1,gt06,2025-04-30T05:20:53Z,2025-04-30T05:20:49Z,2025-04-30T05:20:49Z,true,20.976467777777778,81.84160944444444,0.0,0.0,289.0,,0.0,1.0257465547726916E7,,,true,,34,,,0.0,,156130587,15,,14,false,,,,,false,,4973332
98566,1,gt06,2025-04-30T05:21:03Z,2025-04-30T05:20:57Z,2025-04-30T05:20:57Z,true,20.977106666666664,81.83956611111111,0.0,24.2981,288.0,,0.0,1.0257689527112074E7,,,true,,34,,,223.97938515845746,,156138587,15,,0,false,,,,,true,,4973555
98567,1,gt06,2025-04-30T05:21:14Z,2025-04-30T05:21:07Z,2025-04-30T05:21:07Z,true,20.977461666666667,81.83840944444444,0.0,23.2182,287.0,,0.0,1.0257816081125919E7,,,true,,34,,,126.5540138439677,,156148587,15,,0,false,,,,,true,,4973681
98569,1,gt06,2025-04-30T05:21:23Z,2025-04-30T05:21:17Z,2025-04-30T05:21:17Z,true,20.977818333333335,81.83723277777779,0.0,25.9179,287.0,,0.0,1.025794466854579E7,,,true,,34,,,128.58741987212676,,156158587,15,,0,false,,,,,true,,4973809
98570,1,gt06,2025-04-30T05:21:37Z,2025-04-30T05:21:27Z,2025-04-30T05:21:27Z,true,20.97819777777778,81.83598055555555,0.0,23.7581,286.0,,0.0,1.025808150818157E7,,,true,,34,,,136.83963578030642,,156168587,15,,0,false,,,,,true,,4973945
98571,1,gt06,2025-04-30T05:21:44Z,2025-04-30T05:21:39Z,2025-04-30T05:21:39Z,true,20.97819777777778,81.83598055555555,0.0,0.0,286.0,,0.0,1.025808150818157E7,,,true,,34,,,0.0,,156180587,15,,14,false,,,,,false,,4973945
98572,1,gt06,2025-04-30T05:21:50Z,2025-04-30T05:21:50Z,2025-04-30T05:21:39Z,true,20.97819777777778,81.83598055555555,0.0,0.0,286.0,,0.0,1.025808150818157E7,,,true,4,19,,true,0.0,,156191826,,,,,,,100,70,false,false,
98573,1,gt06,2025-04-30T05:21:53Z,2025-04-30T05:21:47Z,2025-04-30T05:21:47Z,true,20.978301666666667,81.8355988888889,0.0,5.93953,284.0,,0.0,1.0258122830263916E7,,,true,,34,,,41.32208234699867,,156188587,15,,0,false,,,,,true,,4973986
98575,1,gt06,2025-04-30T05:22:05Z,2025-04-30T05:21:57Z,2025-04-30T05:21:57Z,true,20.978434444444446,81.83505722222223,0.0,17.2786,284.0,,0.0,1.0258181039373213E7,,,true,,34,,,58.20910929611164,,156198587,15,,0,false,,,,,true,,4974044
98576,1,gt06,2025-04-30T05:22:19Z,2025-04-30T05:22:07Z,2025-04-30T05:22:07Z,true,20.978594444444447,81.83411833333332,0.0,22.6782,276.0,,0.0,1.0258280240151994E7,,,true,,34,,,99.20077878006151,,156208587,15,,0,false,,,,,true,,4974143
98577,1,gt06,2025-04-30T05:22:26Z,2025-04-30T05:22:17Z,2025-04-30T05:22:17Z,true,20.978665,81.83299111111111,0.0,21.5983,269.0,,0.0,1.0258397667234313E7,,,true,,34,,,117.42708231820036,,156218587,15,,0,false,,,,,true,,4974260
98578,1,gt06,2025-04-30T05:22:36Z,2025-04-30T05:22:27Z,2025-04-30T05:22:27Z,true,20.97862055555556,81.83194944444445,0.0,18.8985,265.0,,0.0,1.0258506051633304E7,,,true,,34,,,108.38439899050636,,156228587,15,,0,false,,,,,true,,4974368
98579,1,gt06,2025-04-30T05:22:47Z,2025-04-30T05:22:39Z,2025-04-30T05:22:39Z,true,20.97862055555556,81.83194944444445,0.0,0.0,265.0,,0.0,1.0258506051633304E7,,,true,,34,,,0.0,,156240587,15,,14,false,,,,,false,,4974368
98580,1,gt06,2025-04-30T05:22:55Z,2025-04-30T05:22:55Z,2025-04-30T05:22:39Z,true,20.97862055555556,81.83194944444445,0.0,0.0,265.0,,0.0,1.0258506051633304E7,,,true,4,19,,true,0.0,,156256667,,,,,,,100,70,false,false,
98581,1,gt06,2025-04-30T05:22:56Z,2025-04-30T05:22:49Z,2025-04-30T05:22:49Z,true,20.97862055555556,81.83194944444445,0.0,0.0,265.0,,0.0,1.0258506051633304E7,,,true,,34,,,0.0,,156250587,15,,14,false,,,,,false,,4974368
98582,1,gt06,2025-04-30T05:23:04Z,2025-04-30T05:22:57Z,2025-04-30T05:22:57Z,true,20.97860222222222,81.83144333333333,0.0,8.09935,267.0,,0.0,1.0258558696690286E7,,,true,,34,,,52.64505698185693,,156258587,15,,0,false,,,,,true,,4974420
98583,1,gt06,2025-04-30T05:23:13Z,2025-04-30T05:23:07Z,2025-04-30T05:23:07Z,true,20.978555555555555,81.8308538888889,0.0,15.1188,265.0,,0.0,1.0258620183749042E7,,,true,,34,,,61.48705875615156,,156268587,15,,0,false,,,,,true,,4974481
98584,1,gt06,2025-04-30T05:23:23Z,2025-04-30T05:23:17Z,2025-04-30T05:23:17Z,true,20.978480555555553,81.83003555555557,0.0,18.8985,264.0,,0.0,1.0258705650613774E7,,,true,,34,,,85.46686473046702,,156278587,15,,0,false,,,,,true,,4974566
98585,1,gt06,2025-04-30T05:23:35Z,2025-04-30T05:23:27Z,2025-04-30T05:23:27Z,true,20.978379444444442,81.82896833333332,0.0,22.6782,264.0,,0.0,1.0258817148029873E7,,,true,,34,,,111.49741610010625,,156288587,15,,0,false,,,,,true,,4974677
98586,1,gt06,2025-04-30T05:23:43Z,2025-04-30T05:23:37Z,2025-04-30T05:23:37Z,true,20.978271666666668,81.82784000000001,0.0,23.2182,263.0,,0.0,1.0258935039968874E7,,,true,,34,,,117.89193900069299,,156298587,15,,0,false,,,,,true,,4974794
98587,1,gt06,2025-04-30T05:23:51Z,2025-04-30T05:23:51Z,2025-04-30T05:23:37Z,true,20.978271666666668,81.82784000000001,0.0,23.2182,263.0,,0.0,1.0258935039968874E7,,,true,4,19,,true,0.0,,156312282,,,,,,,100,70,true,false,
98588,1,gt06,2025-04-30T05:23:53Z,2025-04-30T05:23:47Z,2025-04-30T05:23:47Z,true,20.97817666666667,81.82660222222223,0.0,25.9179,267.0,,0.0,1.0259064129555022E7,,,true,,34,,,129.08958614896167,,156308587,15,,0,false,,,,,true,,4974923
98590,1,gt06,2025-04-30T05:26:43Z,2025-04-30T05:23:57Z,2025-04-30T05:23:57Z,true,20.978237777777778,81.82526777777777,0.0,27.5378,279.0,,0.0,1.0259202999589968E7,,,true,,34,,,138.87003494635695,,156318587,15,,0,false,,,,,true,,4975061
98591,1,gt06,2025-04-30T05:26:48Z,2025-04-30T05:26:48Z,2025-04-30T05:23:57Z,true,20.978237777777778,81.82526777777777,0.0,27.5378,279.0,,0.0,1.0259202999589968E7,,,true,4,19,,true,0.0,,156489638,,,,,,,100,70,true,false,
98592,1,gt06,2025-04-30T05:26:49Z,2025-04-30T05:26:49Z,2025-04-30T05:23:57Z,true,20.978237777777778,81.82526777777777,0.0,27.5378,279.0,,0.0,1.0259202999589968E7,,,,,,,,0.0,,156489638,,,,,13.88,,,,true,,
98593,1,gt06,2025-04-30T05:26:50Z,2025-04-30T05:23:57Z,2025-04-30T05:23:57Z,true,20.978237777777778,81.82526777777777,0.0,27.5378,279.0,,0.0,1.0259202999589968E7,,,true,,34,,,0.0,,156489638,15,,0,false,,,,,true,,4975061
98594,1,gt06,2025-04-30T05:26:50Z,2025-04-30T05:24:07Z,2025-04-30T05:24:07Z,true,20.978568333333335,81.82395166666666,0.0,26.9979,290.0,,0.0,1.025934465977584E7,,,true,,34,,,141.66018587256957,,156499638,15,,0,false,,,,,true,,4975202
98595,1,gt06,2025-04-30T05:26:50Z,2025-04-30T05:24:17Z,2025-04-30T05:24:17Z,true,20.979119999999998,81.82271222222222,0.0,27.5378,297.0,,0.0,1.0259487376602694E7,,,true,,34,,,142.7168268538403,,156509638,15,,0,false,,,,,true,,4975344
98596,1,gt06,2025-04-30T05:26:50Z,2025-04-30T05:24:27Z,2025-04-30T05:24:27Z,true,20.97970888888889,81.821485,0.0,28.0778,296.0,,0.0,1.0259630793306591E7,,,true,,34,,,143.4167038970741,,156519638,15,,0,false,,,,,true,,4975487
98597,1,gt06,2025-04-30T05:26:50Z,2025-04-30T05:24:37Z,2025-04-30T05:24:37Z,true,20.980293888888887,81.82026666666667,0.0,27.5378,297.0,,0.0,1.0259773189949073E7,,,true,,34,,,142.39664248148432,,156529638,15,,0,false,,,,,true,,4975629
98598,1,gt06,2025-04-30T05:26:50Z,2025-04-30T05:24:47Z,2025-04-30T05:24:47Z,true,20.98087888888889,81.81904722222222,0.0,27.5378,297.0,,0.0,1.0259915688863637E7,,,true,,34,,,142.49891456426627,,156539638,15,,0,false,,,,,true,,4975771
98599,1,gt06,2025-04-30T05:26:50Z,2025-04-30T05:24:57Z,2025-04-30T05:24:57Z,true,20.981475,81.81782444444444,0.0,27.5378,297.0,,0.0,1.0260059063849472E7,,,true,,34,,,143.37498583533343,,156549638,15,,0,false,,,,,true,,4975914
98600,1,gt06,2025-04-30T05:26:50Z,2025-04-30T05:25:07Z,2025-04-30T05:25:07Z,true,20.982057222222224,81.81659722222221,0.0,27.5378,297.0,,0.0,1.0260202141063428E7,,,true,,34,,,143.07721395675898,,156559638,15,,0,false,,,,,true,,4976057
98601,1,gt06,2025-04-30T05:26:50Z,2025-04-30T05:25:17Z,2025-04-30T05:25:17Z,true,20.982643888888887,81.81536777777778,0.0,27.5378,297.0,,0.0,1.0260345648262402E7,,,true,,34,,,143.50719897449804,,156569638,15,,0,false,,,,,true,,4976200
98602,1,gt06,2025-04-30T05:26:50Z,2025-04-30T05:25:27Z,2025-04-30T05:25:27Z,true,20.98320166666667,81.81419000000001,0.0,24.838,296.0,,0.0,1.0260482910359893E7,,,true,,34,,,137.26209749163925,,156579638,15,,0,false,,,,,true,,4976337
98603,1,gt06,2025-04-30T05:26:51Z,2025-04-30T05:25:37Z,2025-04-30T05:25:37Z,true,20.98370111111111,81.81315055555555,0.0,17.8186,297.0,,0.0,1.0260604413905717E7,,,true,,34,,,121.50354582497096,,156589638,15,,0,false,,,,,true,,4976458
98604,1,gt06,2025-04-30T05:26:51Z,2025-04-30T05:25:47Z,2025-04-30T05:25:47Z,true,20.984034444444443,81.81246833333333,0.0,17.8186,298.0,,0.0,1.0260684444200035E7,,,true,,34,,,80.0302943168999,,156599638,15,,0,false,,,,,true,,4976538
98605,1,gt06,2025-04-30T05:26:51Z,2025-04-30T05:25:57Z,2025-04-30T05:25:57Z,true,20.984485000000003,81.81153222222223,0.0,22.6782,297.0,,0.0,1.0260793907194432E7,,,true,,34,,,109.46299439635526,,156609638,15,,0,false,,,,,true,,4976647
98606,1,gt06,2025-04-30T05:26:51Z,2025-04-30T05:26:07Z,2025-04-30T05:26:07Z,true,20.984972222222222,81.81051,0.0,22.6782,297.0,,0.0,1.0260913196361458E7,,,true,,34,,,119.28916702674196,,156619638,15,,0,false,,,,,true,,4976766
98607,1,gt06,2025-04-30T05:26:51Z,2025-04-30T05:26:17Z,2025-04-30T05:26:17Z,true,20.985464999999998,81.80947555555555,0.0,24.838,296.0,,0.0,1.026103389783877E7,,,true,,34,,,120.70147731137013,,156629638,15,,0,false,,,,,true,,4976886
98608,1,gt06,2025-04-30T05:26:51Z,2025-04-30T05:26:27Z,2025-04-30T05:26:27Z,true,20.986024444444443,81.80832833333334,0.0,26.9979,297.0,,0.0,1.0261168419049075E7,,,true,,34,,,134.52121030496366,,156639638,15,,0,false,,,,,true,,4977020
98609,1,gt06,2025-04-30T05:26:51Z,2025-04-30T05:26:37Z,2025-04-30T05:26:37Z,true,20.986614444444445,81.80710055555555,0.0,28.0778,297.0,,0.0,1.0261311938429022E7,,,true,,34,,,143.51937994776054,,156649638,15,,0,false,,,,,true,,4977163
98610,1,gt06,2025-04-30T05:26:52Z,2025-04-30T05:26:49Z,2025-04-30T05:26:49Z,true,20.986614444444445,81.80710055555555,0.0,0.0,297.0,,0.0,1.0261311938429022E7,,,true,,34,,,0.0,,156661638,15,,14,false,,,,,false,,4977163
98611,1,gt06,2025-04-30T05:27:09Z,2025-04-30T05:26:57Z,2025-04-30T05:26:57Z,true,20.98774611111111,81.80472666666667,0.0,17.2786,295.0,,0.0,1.0261588968051739E7,,,true,,34,,,277.0296227172646,,156669638,15,,0,false,,,,,true,,4977440
98612,1,gt06,2025-04-30T05:28:29Z,2025-04-30T05:28:29Z,2025-04-30T05:26:57Z,true,20.98774611111111,81.80472666666667,0.0,17.2786,295.0,,0.0,1.0261588968051739E7,,,true,4,19,,true,0.0,,156761970,,,,,,,100,70,true,false,
98613,1,gt06,2025-04-30T05:28:30Z,2025-04-30T05:28:30Z,2025-04-30T05:26:57Z,true,20.98774611111111,81.80472666666667,0.0,17.2786,295.0,,0.0,1.0261588968051739E7,,,,,,,,0.0,,156761970,,,,,13.88,,,,true,,
98614,1,gt06,2025-04-30T05:28:31Z,2025-04-30T05:26:57Z,2025-04-30T05:26:57Z,true,20.98774611111111,81.80472666666667,0.0,17.2786,295.0,,0.0,1.0261588968051739E7,,,true,,34,,,0.0,,156761970,15,,0,false,,,,,true,,4977440
98615,1,gt06,2025-04-30T05:28:31Z,2025-04-30T05:27:07Z,2025-04-30T05:27:07Z,true,20.987893333333336,81.8043988888889,0.0,8.63931,293.0,,0.0,1.0261626772435267E7,,,true,,34,,,37.80438352716895,,156771970,15,,0,false,,,,,true,,4977477
98616,1,gt06,2025-04-30T05:28:31Z,2025-04-30T05:27:17Z,2025-04-30T05:27:17Z,true,20.98810388888889,81.80390277777778,0.0,12.959,296.0,,0.0,1.026168341261556E7,,,true,,34,,,56.64018029376963,,156781970,15,,0,false,,,,,true,,4977533
98617,1,gt06,2025-04-30T05:28:31Z,2025-04-30T05:27:27Z,2025-04-30T05:27:27Z,true,20.98836,81.80332166666666,0.0,12.419,296.0,,0.0,1.0261750200663878E7,,,true,,34,,,66.78804831850044,,156791970,15,,0,false,,,,,true,,4977599
98618,1,gt06,2025-04-30T05:28:31Z,2025-04-30T05:27:37Z,2025-04-30T05:27:37Z,true,20.98864833333333,81.80278666666668,0.0,11.8791,300.0,,0.0,1.0261814404159043E7,,,true,,34,,,64.20349516570276,,156801970,15,,0,false,,,,,true,,4977663
98619,1,gt06,2025-04-30T05:28:31Z,2025-04-30T05:27:47Z,2025-04-30T05:27:47Z,true,20.988907222222224,81.80233666666668,0.0,10.7991,299.0,,0.0,1.026186934045791E7,,,true,,34,,,54.93629886811902,,156811970,15,,0,false,,,,,true,,4977717
98620,1,gt06,2025-04-30T05:28:31Z,2025-04-30T05:27:57Z,2025-04-30T05:27:57Z,true,20.989147777777777,81.80183666666667,0.0,10.2592,296.0,,0.0,1.0261927800904375E7,,,true,,34,,,58.460446463340354,,156821970,15,,0,false,,,,,true,,4977775
98621,1,gt06,2025-04-30T05:28:31Z,2025-04-30T05:28:07Z,2025-04-30T05:28:07Z,true,20.98936388888889,81.80137833333333,0.0,9.71923,296.0,,0.0,1.0261981167089542E7,,,true,,34,,,53.366185167949446,,156831970,15,,0,false,,,,,true,,4977828
98622,1,gt06,2025-04-30T05:28:31Z,2025-04-30T05:28:17Z,2025-04-30T05:28:17Z,true,20.989561666666667,81.80092888888889,0.0,10.2592,288.0,,0.0,1.026203280767204E7,,,true,,34,,,51.640582498066046,,156841970,15,,0,false,,,,,true,,4977879
98623,1,gt06,2025-04-30T05:28:32Z,2025-04-30T05:28:29Z,2025-04-30T05:28:29Z,true,20.989561666666667,81.80092888888889,0.0,0.0,288.0,,0.0,1.026203280767204E7,,,true,,34,,,0.0,,156853970,15,,14,false,,,,,false,,4977879
98624,1,gt06,2025-04-30T05:28:44Z,2025-04-30T05:28:37Z,2025-04-30T05:28:37Z,true,20.99000111111111,81.79998333333333,0.0,9.71923,306.0,,0.0,1.0262142584126273E7,,,true,,34,,,109.77645423284795,,156861970,15,,0,false,,,,,true,,4977988
98625,1,gt06,2025-04-30T05:28:55Z,2025-04-30T05:28:47Z,2025-04-30T05:28:47Z,true,20.99024777777778,81.79951277777778,0.0,14.5788,297.0,,0.0,1.0262198671449043E7,,,true,,34,,,56.08732276913399,,156871970,15,,0,false,,,,,true,,4978044
98626,1,gt06,2025-04-30T05:29:35Z,2025-04-30T05:28:57Z,2025-04-30T05:28:57Z,true,20.990594444444447,81.798805,0.0,16.1987,295.0,,0.0,1.026228174051673E7,,,true,,34,,,83.06906768744658,,156881970,15,,0,false,,,,,true,,4978127
98627,1,gt06,2025-04-30T05:29:40Z,2025-04-30T05:29:40Z,2025-04-30T05:28:57Z,true,20.990594444444447,81.798805,0.0,16.1987,295.0,,0.0,1.026228174051673E7,,,true,3,19,,true,0.0,,156924978,,,,,,,100,70,true,false,
98628,1,gt06,2025-04-30T05:29:42Z,2025-04-30T05:29:42Z,2025-04-30T05:28:57Z,true,20.990594444444447,81.798805,0.0,16.1987,295.0,,0.0,1.026228174051673E7,,,,,,,,0.0,,156924978,,,,,13.88,,,,true,,
98629,1,gt06,2025-04-30T05:29:52Z,2025-04-30T05:28:57Z,2025-04-30T05:28:57Z,true,20.990594444444447,81.798805,0.0,16.1987,295.0,,0.0,1.026228174051673E7,,,true,,34,,,0.0,,156924978,15,,0,false,,,,,true,,4978127
98630,1,gt06,2025-04-30T05:29:52Z,2025-04-30T05:29:09Z,2025-04-30T05:29:09Z,true,20.990594444444447,81.798805,0.0,0.0,295.0,,0.0,1.026228174051673E7,,,true,,34,,,0.0,,156936978,15,,14,false,,,,,false,,4978127
98631,1,gt06,2025-04-30T05:29:52Z,2025-04-30T05:29:17Z,2025-04-30T05:29:17Z,true,20.990838333333333,81.79826611111112,0.0,10.2592,298.0,,0.0,1.026234398184868E7,,,true,,34,,,62.241331949003246,,156944978,15,,0,false,,,,,true,,4978189
98632,1,gt06,2025-04-30T05:29:52Z,2025-04-30T05:29:27Z,2025-04-30T05:29:27Z,true,20.991117777777777,81.79770944444444,0.0,15.6588,298.0,,0.0,1.0262409670042133E7,,,true,,34,,,65.6881934539208,,156954978,15,,0,false,,,,,true,,4978254
98633,1,gt06,2025-04-30T05:29:52Z,2025-04-30T05:29:39Z,2025-04-30T05:29:39Z,true,20.991117777777777,81.79770944444444,0.0,0.0,298.0,,0.0,1.0262409670042133E7,,,true,,34,,,0.0,,156966978,15,,14,false,,,,,false,,4978254
98634,1,gt06,2025-04-30T05:29:53Z,2025-04-30T05:29:47Z,2025-04-30T05:29:47Z,true,20.992057777777777,81.79577833333333,0.0,24.838,296.0,,0.0,1.026263601368107E7,,,true,,34,,,226.34363893764984,,156974978,15,,0,false,,,,,true,,4978480
98635,1,gt06,2025-04-30T05:30:11Z,2025-04-30T05:29:57Z,2025-04-30T05:29:57Z,true,20.992588333333334,81.79466111111111,0.0,25.9179,297.0,,0.0,1.0262766285318376E7,,,true,,34,,,130.27163730565366,,156984978,15,,0,false,,,,,true,,4978610
98636,1,gt06,2025-04-30T05:30:33Z,2025-04-30T05:30:07Z,2025-04-30T05:30:07Z,true,20.993142777777777,81.79348555555556,0.0,26.9979,296.0,,0.0,1.0262903166499497E7,,,true,,34,,,136.8811811202333,,156994978,15,,0,false,,,,,true,,4978746
98637,1,gt06,2025-04-30T05:30:33Z,2025-04-30T05:30:17Z,2025-04-30T05:30:17Z,true,20.993728333333333,81.79225166666666,0.0,28.0778,296.0,,0.0,1.0263047020622285E7,,,true,,34,,,143.85412278800783,,157004978,15,,0,false,,,,,true,,4978889
98638,1,gt06,2025-04-30T05:30:34Z,2025-04-30T05:30:27Z,2025-04-30T05:30:27Z,true,20.99432555555556,81.79101444444444,0.0,27.5378,296.0,,0.0,1.026319177506454E7,,,true,,34,,,144.75444225440154,,157014978,15,,0,false,,,,,true,,4979033
98639,1,gt06,2025-04-30T05:30:40Z,2025-04-30T05:30:40Z,2025-04-30T05:30:27Z,true,20.99432555555556,81.79101444444444,0.0,27.5378,296.0,,0.0,1.026319177506454E7,,,true,4,19,,true,0.0,,157028477,,,,,,,100,70,true,false,
98640,1,gt06,2025-04-30T05:30:43Z,2025-04-30T05:30:37Z,2025-04-30T05:30:37Z,true,20.994915,81.78978388888889,0.0,26.4579,297.0,,0.0,1.0263335516643206E7,,,true,,34,,,143.7415786658461,,157024978,15,,0,false,,,,,true,,4979176
98641,1,gt06,2025-04-30T05:30:54Z,2025-04-30T05:30:47Z,2025-04-30T05:30:47Z,true,20.99550111111111,81.78860888888889,0.0,25.378,301.0,,0.0,1.0263473970442956E7,,,true,,34,,,138.4537997509705,,157034978,15,,0,false,,,,,true,,4979314
98642,1,gt06,2025-04-30T05:31:04Z,2025-04-30T05:30:57Z,2025-04-30T05:30:57Z,true,20.99620277777778,81.78769555555556,0.0,17.2786,314.0,,0.0,1.0263596897752527E7,,,true,,34,,,122.9273095709439,,157044978,15,,0,false,,,,,true,,4979436
98643,1,gt06,2025-04-30T05:31:14Z,2025-04-30T05:31:09Z,2025-04-30T05:31:09Z,true,20.99620277777778,81.78769555555556,0.0,0.0,314.0,,0.0,1.0263596897752527E7,,,true,,34,,,0.0,,157056978,15,,14,false,,,,,false,,4979436
98645,1,gt06,2025-04-30T05:31:26Z,2025-04-30T05:31:19Z,2025-04-30T05:31:19Z,true,20.99620277777778,81.78769555555556,0.0,0.0,314.0,,0.0,1.0263596897752527E7,,,true,,34,,,0.0,,157066978,15,,14,false,,,,,false,,4979436
98646,1,gt06,2025-04-30T05:31:33Z,2025-04-30T05:31:29Z,2025-04-30T05:31:29Z,true,20.99620277777778,81.78769555555556,0.0,0.0,314.0,,0.0,1.0263596897752527E7,,,true,,34,,,0.0,,157076978,15,,14,false,,,,,false,,4979436
98647,1,gt06,2025-04-30T05:31:40Z,2025-04-30T05:31:40Z,2025-04-30T05:31:29Z,true,20.99620277777778,81.78769555555556,0.0,0.0,314.0,,0.0,1.0263596897752527E7,,,true,4,19,,true,0.0,,157088350,,,,,,,100,70,false,false,
98648,1,gt06,2025-04-30T05:31:43Z,2025-04-30T05:31:39Z,2025-04-30T05:31:39Z,true,20.99620277777778,81.78769555555556,0.0,0.0,314.0,,0.0,1.0263596897752527E7,,,true,,34,,,0.0,,157086978,15,,14,false,,,,,false,,4979436
98649,1,gt06,2025-04-30T05:31:54Z,2025-04-30T05:31:49Z,2025-04-30T05:31:49Z,true,20.99620277777778,81.78769555555556,0.0,0.0,314.0,,0.0,1.0263596897752527E7,,,true,,34,,,0.0,,157096978,15,,14,false,,,,,false,,4979436
98651,1,gt06,2025-04-30T05:32:03Z,2025-04-30T05:31:57Z,2025-04-30T05:31:57Z,true,20.996626111111112,81.787275,0.0,10.2592,324.0,,0.0,1.0263661171711372E7,,,true,,34,,,64.27395884556358,,157104978,15,,0,false,,,,,true,,4979500
98652,1,gt06,2025-04-30T05:32:13Z,2025-04-30T05:32:07Z,2025-04-30T05:32:07Z,true,20.997153333333333,81.78689666666666,0.0,17.2786,328.0,,0.0,1.0263731815480895E7,,,true,,34,,,70.64376952310737,,157114978,15,,0,false,,,,,true,,4979570
98653,1,gt06,2025-04-30T05:32:23Z,2025-04-30T05:32:17Z,2025-04-30T05:32:17Z,true,20.99800388888889,81.78644166666666,0.0,23.2182,336.0,,0.0,1.0263837650281042E7,,,true,,34,,,105.83480014586175,,157124978,15,,0,false,,,,,true,,4979675
98654,1,gt06,2025-04-30T05:32:33Z,2025-04-30T05:32:27Z,2025-04-30T05:32:27Z,true,20.999052222222222,81.78595333333334,0.0,25.9179,335.0,,0.0,1.0263964907997645E7,,,true,,34,,,127.25771660334317,,157134978,15,,0,false,,,,,true,,4979802
98655,1,gt06,2025-04-30T05:32:41Z,2025-04-30T05:32:41Z,2025-04-30T05:32:27Z,true,20.999052222222222,81.78595333333334,0.0,25.9179,335.0,,0.0,1.0263964907997645E7,,,true,4,19,,true,0.0,,157148868,,,,,,,100,70,true,false,
98656,1,gt06,2025-04-30T05:32:44Z,2025-04-30T05:32:37Z,2025-04-30T05:32:37Z,true,21.000212222222224,81.78545055555556,0.0,23.2182,345.0,,0.0,1.0264104209649628E7,,,true,,34,,,139.30165198287673,,157144978,15,,0,false,,,,,true,,4979941
98657,1,gt06,2025-04-30T05:32:53Z,2025-04-30T05:32:47Z,2025-04-30T05:32:47Z,true,21.00120111111111,81.78496611111112,0.0,25.378,335.0,,0.0,1.026422525880926E7,,,true,,34,,,121.04915963038479,,157154978,15,,0,false,,,,,true,,4980062
98658,1,gt06,2025-04-30T05:33:03Z,2025-04-30T05:32:57Z,2025-04-30T05:32:57Z,true,21.002385,81.78440277777779,0.0,29.6976,335.0,,0.0,1.0264369466965452E7,,,true,,34,,,144.20815619208685,,157164978,15,,0,false,,,,,true,,4980206
98659,1,gt06,2025-04-30T05:33:14Z,2025-04-30T05:33:07Z,2025-04-30T05:33:07Z,true,21.00367222222222,81.78378777777777,0.0,28.6177,335.0,,0.0,1.0264526367360814E7,,,true,,34,,,156.90039536248574,,157174978,15,,0,false,,,,,true,,4980362
98660,1,gt06,2025-04-30T05:33:23Z,2025-04-30T05:33:17Z,2025-04-30T05:33:17Z,true,21.004842777777778,81.78323055555555,0.0,23.2182,335.0,,0.0,1.0264668960856387E7,,,true,,34,,,142.59349557341744,,157184978,15,,0,false,,,,,true,,4980504
98661,1,gt06,2025-04-30T05:33:33Z,2025-04-30T05:33:28Z,2025-04-30T05:33:28Z,true,21.004842777777778,81.78323055555555,0.0,0.0,335.0,,0.0,1.0264668960856387E7,,,true,,34,,,0.0,,157195978,15,,14,false,,,,,false,,4980504
98662,1,gt06,2025-04-30T05:33:41Z,2025-04-30T05:33:41Z,2025-04-30T05:33:28Z,true,21.004842777777778,81.78323055555555,0.0,0.0,335.0,,0.0,1.0264668960856387E7,,,true,4,19,,true,0.0,,157208481,,,,,,,100,70,false,false,
98663,1,gt06,2025-04-30T05:33:44Z,2025-04-30T05:33:37Z,2025-04-30T05:33:37Z,true,21.005661666666665,81.78286444444444,0.0,7.5594,337.0,,0.0,1.026476774045871E7,,,true,,34,,,98.7796023224698,,157204978,15,,0,false,,,,,true,,4980602
98664,1,gt06,2025-04-30T05:33:53Z,2025-04-30T05:33:47Z,2025-04-30T05:33:47Z,true,21.006110555555555,81.78266555555555,0.0,9.17927,336.0,,0.0,1.0264821816429006E7,,,true,,34,,,54.07597029532877,,157214978,15,,0,false,,,,,true,,4980656
98665,1,gt06,2025-04-30T05:34:04Z,2025-04-30T05:33:59Z,2025-04-30T05:33:59Z,true,21.006110555555555,81.78266555555555,0.0,0.0,336.0,,0.0,1.0264821816429006E7,,,true,,34,,,0.0,,157226978,15,,14,false,,,,,false,,4980656
98666,1,gt06,2025-04-30T05:34:13Z,2025-04-30T05:34:09Z,2025-04-30T05:34:09Z,true,21.006110555555555,81.78266555555555,0.0,0.0,336.0,,0.0,1.0264821816429006E7,,,true,,34,,,0.0,,157236978,15,,14,false,,,,,false,,4980656
98667,1,gt06,2025-04-30T05:34:23Z,2025-04-30T05:34:17Z,2025-04-30T05:34:17Z,true,21.00681611111111,81.78232166666666,0.0,14.5788,335.0,,0.0,1.0264908106735319E7,,,true,,34,,,86.29030631290881,,157244978,15,,0,false,,,,,true,,4980742
98668,1,gt06,2025-04-30T05:34:34Z,2025-04-30T05:34:27Z,2025-04-30T05:34:27Z,true,21.007642222222223,81.78193555555556,0.0,23.7581,336.0,,0.0,1.0265008441515971E7,,,true,,34,,,100.33478065240429,,157254978,15,,0,false,,,,,true,,4980842
98669,1,gt06,2025-04-30T05:34:41Z,2025-04-30T05:34:41Z,2025-04-30T05:34:27Z,true,21.007642222222223,81.78193555555556,0.0,23.7581,336.0,,0.0,1.0265008441515971E7,,,true,4,19,,true,0.0,,157268500,,,,,,,100,70,true,false,
98670,1,gt06,2025-04-30T05:34:44Z,2025-04-30T05:34:37Z,2025-04-30T05:34:37Z,true,21.008821666666666,81.78138,0.0,28.6177,335.0,,0.0,1.026515186938373E7,,,true,,34,,,143.42786775893836,,157264978,15,,0,false,,,,,true,,4980985
98671,1,gt06,2025-04-30T05:34:53Z,2025-04-30T05:34:47Z,2025-04-30T05:34:47Z,true,21.010208333333335,81.78074388888889,0.0,35.0972,335.0,,0.0,1.0265319791070906E7,,,true,,34,,,167.92168717593825,,157274978,15,,0,false,,,,,true,,4981152
98672,1,gt06,2025-04-30T05:35:03Z,2025-04-30T05:34:57Z,2025-04-30T05:34:57Z,true,21.01181,81.77998555555557,0.0,39.9568,336.0,,0.0,1.0265514726623822E7,,,true,,34,,,194.9355529150307,,157284978,15,,0,false,,,,,true,,4981346
98673,1,gt06,2025-04-30T05:35:13Z,2025-04-30T05:35:07Z,2025-04-30T05:35:07Z,true,21.013518333333334,81.77915888888889,0.0,37.257,334.0,,0.0,1.026572339989825E7,,,true,,34,,,208.6732744273303,,157294978,15,,0,false,,,,,true,,4981554
98674,1,gt06,2025-04-30T05:35:24Z,2025-04-30T05:35:17Z,2025-04-30T05:35:17Z,true,21.014948333333333,81.77814666666666,0.0,36.7171,320.0,,0.0,1.0265914199601028E7,,,true,,34,,,190.79970277778503,,157304978,15,,0,false,,,,,true,,4981744
98675,1,gt06,2025-04-30T05:35:33Z,2025-04-30T05:35:27Z,2025-04-30T05:35:27Z,true,21.016154444444442,81.77684555555555,0.0,36.7171,311.0,,0.0,1.0266104743739426E7,,,true,,34,,,190.54413839761344,,157314978,15,,0,false,,,,,true,,4981934
98676,1,gt06,2025-04-30T05:35:41Z,2025-04-30T05:35:41Z,2025-04-30T05:35:27Z,true,21.016154444444442,81.77684555555555,0.0,36.7171,311.0,,0.0,1.0266104743739426E7,,,true,4,19,,true,0.0,,157328479,,,,,,,100,70,true,false,
98677,1,gt06,2025-04-30T05:35:42Z,2025-04-30T05:35:37Z,2025-04-30T05:35:37Z,true,21.01722388888889,81.77565,0.0,22.6782,318.0,,0.0,1.0266276811319526E7,,,true,,34,,,172.06758009981937,,157324978,15,,0,false,,,,,true,,4982106
98678,1,gt06,2025-04-30T05:35:54Z,2025-04-30T05:35:47Z,2025-04-30T05:35:47Z,true,21.017662222222224,81.77516333333332,0.0,15.6588,314.0,,0.0,1.0266347085131131E7,,,true,,34,,,70.27381160528417,,157334978,15,,0,false,,,,,true,,4982176
98679,1,gt06,2025-04-30T05:36:03Z,2025-04-30T05:35:57Z,2025-04-30T05:35:57Z,true,21.018136666666667,81.77462777777778,0.0,15.1188,314.0,,0.0,1.0266423808551047E7,,,true,,34,,,76.72341991542831,,157344978,15,,0,false,,,,,true,,4982252
98680,1,gt06,2025-04-30T05:36:14Z,2025-04-30T05:36:07Z,2025-04-30T05:36:07Z,true,21.018652777777778,81.77405777777778,0.0,16.1987,313.0,,0.0,1.0266506325863574E7,,,true,,34,,,82.51731252630513,,157354978,15,,0,false,,,,,true,,4982334
98682,1,gt06,2025-04-30T05:36:24Z,2025-04-30T05:36:17Z,2025-04-30T05:36:17Z,true,21.019153333333332,81.7735011111111,0.0,15.1188,314.0,,0.0,1.0266586643346991E7,,,true,,34,,,80.31748341713103,,157364978,15,,0,false,,,,,true,,4982414
98683,1,gt06,2025-04-30T05:36:33Z,2025-04-30T05:36:27Z,2025-04-30T05:36:27Z,true,21.019670555555557,81.7729561111111,0.0,15.6588,319.0,,0.0,1.0266667404104028E7,,,true,,34,,,80.7607570367954,,157374978,15,,0,false,,,,,true,,4982494
98684,1,gt06,2025-04-30T05:36:40Z,2025-04-30T05:36:40Z,2025-04-30T05:36:27Z,true,21.019670555555557,81.7729561111111,0.0,15.6588,319.0,,0.0,1.0266667404104028E7,,,true,4,19,,true,0.0,,157388471,,,,,,,100,70,true,false,
98685,1,gt06,2025-04-30T05:36:44Z,2025-04-30T05:36:37Z,2025-04-30T05:36:37Z,true,21.02019888888889,81.77239,0.0,15.6588,306.0,,0.0,1.0266750587742198E7,,,true,,34,,,83.18363816989313,,157384978,15,,0,false,,,,,true,,4982577
98686,1,gt06,2025-04-30T05:36:53Z,2025-04-30T05:36:47Z,2025-04-30T05:36:47Z,true,21.020680000000002,81.77185444444444,0.0,14.5788,314.0,,0.0,1.0266827823222825E7,,,true,,34,,,77.23548062726988,,157394978,15,,0,false,,,,,true,,4982654
98687,1,gt06,2025-04-30T05:37:03Z,2025-04-30T05:36:57Z,2025-04-30T05:36:57Z,true,21.021189999999997,81.77128722222223,0.0,16.1987,313.0,,0.0,1.0266909659474354E7,,,true,,34,,,81.8362515292925,,157404978,15,,0,false,,,,,true,,4982735
98688,1,gt06,2025-04-30T05:37:14Z,2025-04-30T05:37:07Z,2025-04-30T05:37:07Z,true,21.02169888888889,81.77070888888889,0.0,15.6588,312.0,,0.0,1.0266992246116618E7,,,true,,34,,,82.58664226314119,,157414978,15,,0,false,,,,,true,,4982817
98689,1,gt06,2025-04-30T05:37:23Z,2025-04-30T05:37:17Z,2025-04-30T05:37:17Z,true,21.022333333333332,81.77001166666668,0.0,23.7581,313.0,,0.0,1.0267093423376657E7,,,true,,34,,,101.17726003968258,,157424978,15,,0,false,,,,,true,,4982918
98690,1,gt06,2025-04-30T05:37:33Z,2025-04-30T05:37:27Z,2025-04-30T05:37:27Z,true,21.023160555555556,81.769105,0.0,24.2981,314.0,,0.0,1.0267225164215881E7,,,true,,34,,,131.74083922514916,,157434978,15,,0,false,,,,,true,,4983049
98691,1,gt06,2025-04-30T05:37:41Z,2025-04-30T05:37:41Z,2025-04-30T05:37:27Z,true,21.023160555555556,81.769105,0.0,24.2981,314.0,,0.0,1.0267225164215881E7,,,true,4,19,,true,0.0,,157448488,,,,,,,100,70,true,false,
98692,1,gt06,2025-04-30T05:37:43Z,2025-04-30T05:37:37Z,2025-04-30T05:37:37Z,true,21.024094444444447,81.76837333333334,0.0,24.838,331.0,,0.0,1.0267353957780987E7,,,true,,34,,,128.79356510570085,,157444978,15,,0,false,,,,,true,,4983177
98693,1,gt06,2025-04-30T05:37:53Z,2025-04-30T05:37:47Z,2025-04-30T05:37:47Z,true,21.025103333333334,81.76806888888889,0.0,14.5788,351.0,,0.0,1.0267470637021404E7,,,true,,34,,,116.67924041684336,,157454978,15,,0,false,,,,,true,,4983293
98694,1,gt06,2025-04-30T05:38:04Z,2025-04-30T05:37:57Z,2025-04-30T05:37:57Z,true,21.025238333333334,81.76804722222222,0.0,5.39957,354.0,,0.0,1.0267485832852302E7,,,true,,34,,,15.195830897939912,,157464978,15,,0,false,,,,,true,,4983308
98695,1,gt06,2025-04-30T05:38:15Z,2025-04-30T05:38:07Z,2025-04-30T05:38:07Z,true,21.02571777777778,81.76797888888889,0.0,15.6588,352.0,,0.0,1.0267539674597971E7,,,true,,34,,,53.84174566882136,,157474978,15,,0,false,,,,,true,,4983361
98696,1,gt06,2025-04-30T05:38:23Z,2025-04-30T05:38:17Z,2025-04-30T05:38:17Z,true,21.02657,81.76784833333333,0.0,21.5983,352.0,,0.0,1.0267635508541321E7,,,true,,34,,,95.8339433494615,,157484978,15,,0,false,,,,,true,,4983456
98697,1,gt06,2025-04-30T05:38:34Z,2025-04-30T05:38:27Z,2025-04-30T05:38:27Z,true,21.027632222222223,81.76768833333333,0.0,23.7581,351.0,,0.0,1.0267754917581506E7,,,true,,34,,,119.40904018405723,,157494978,15,,0,false,,,,,true,,4983575
98698,1,gt06,2025-04-30T05:38:40Z,2025-04-30T05:38:40Z,2025-04-30T05:38:27Z,true,21.027632222222223,81.76768833333333,0.0,23.7581,351.0,,0.0,1.0267754917581506E7,,,true,4,19,,true,0.0,,157508469,,,,,,,100,70,true,false,
98699,1,gt06,2025-04-30T05:38:50Z,2025-04-30T05:38:50Z,2025-04-30T05:38:27Z,true,21.027632222222223,81.76768833333333,0.0,23.7581,351.0,,0.0,1.0267754917581506E7,,,true,4,19,,true,0.0,,157517775,,,,,,,100,70,true,false,
98700,1,gt06,2025-04-30T05:38:50Z,2025-04-30T05:38:50Z,2025-04-30T05:38:27Z,true,21.027632222222223,81.76768833333333,0.0,23.7581,351.0,,0.0,1.0267754917581506E7,,,,,,,,0.0,,157517775,,,,,13.93,,,,true,,
98701,1,gt06,2025-04-30T05:38:51Z,2025-04-30T05:38:37Z,2025-04-30T05:38:37Z,true,21.028760000000002,81.76750944444444,0.0,25.378,351.0,,0.0,1.0267881829786753E7,,,true,,34,,,126.91220524754415,,157517775,15,,0,false,,,,,true,,4983701
98702,1,gt06,2025-04-30T05:38:54Z,2025-04-30T05:38:49Z,2025-04-30T05:38:49Z,true,21.028760000000002,81.76750944444444,0.0,0.0,351.0,,0.0,1.0267881829786753E7,,,true,,34,,,0.0,,157529775,15,,14,false,,,,,false,,4983701
98703,1,gt06,2025-04-30T05:39:03Z,2025-04-30T05:38:57Z,2025-04-30T05:38:57Z,true,21.031346666666668,81.76703888888888,0.0,30.7775,346.0,,0.0,1.0268173897690242E7,,,true,,34,,,292.06790348883925,,157537775,15,,0,false,,,,,true,,4983993
98704,1,gt06,2025-04-30T05:39:13Z,2025-04-30T05:39:07Z,2025-04-30T05:39:07Z,true,21.032761666666666,81.76663111111111,0.0,31.3175,344.0,,0.0,1.0268337013610289E7,,,true,,34,,,163.11592004559571,,157547775,15,,0,false,,,,,true,,4984156
98705,1,gt06,2025-04-30T05:39:27Z,2025-04-30T05:39:27Z,2025-04-30T05:39:07Z,true,21.032761666666666,81.76663111111111,0.0,31.3175,344.0,,0.0,1.0268337013610289E7,,,true,4,19,,true,0.0,,157567866,,,,,,,100,70,true,false,
98706,1,gt06,2025-04-30T05:39:28Z,2025-04-30T05:39:28Z,2025-04-30T05:39:07Z,true,21.032761666666666,81.76663111111111,0.0,31.3175,344.0,,0.0,1.0268337013610289E7,,,,,,,,0.0,,157567866,,,,,13.88,,,,true,,
98707,1,gt06,2025-04-30T05:39:29Z,2025-04-30T05:39:17Z,2025-04-30T05:39:17Z,true,21.034158333333334,81.76622,0.0,30.7775,344.0,,0.0,1.0268498250898473E7,,,true,,34,,,161.23728818493566,,157567866,15,,0,false,,,,,true,,4984317
98708,1,gt06,2025-04-30T05:39:33Z,2025-04-30T05:39:29Z,2025-04-30T05:39:29Z,true,21.034158333333334,81.76622,0.0,0.0,344.0,,0.0,1.0268498250898473E7,,,true,,34,,,0.0,,157579866,15,,14,false,,,,,false,,4984317
98709,1,gt06,2025-04-30T05:39:44Z,2025-04-30T05:39:37Z,2025-04-30T05:39:37Z,true,21.036925,81.76539333333332,0.0,30.7775,343.0,,0.0,1.0268817987409696E7,,,true,,34,,,319.73651122211726,,157587866,15,,0,false,,,,,true,,4984636
98710,1,gt06,2025-04-30T05:39:59Z,2025-04-30T05:39:47Z,2025-04-30T05:39:47Z,true,21.038352222222223,81.76497777777779,0.0,30.2376,344.0,,0.0,1.0268982627244161E7,,,true,,34,,,164.63983446623146,,157597866,15,,0,false,,,,,true,,4984800
98711,1,gt06,2025-04-30T05:40:03Z,2025-04-30T05:40:03Z,2025-04-30T05:39:47Z,true,21.038352222222223,81.76497777777779,0.0,30.2376,344.0,,0.0,1.0268982627244161E7,,,true,4,19,,true,0.0,,157613968,,,,,,,100,70,true,false,
98712,1,gt06,2025-04-30T05:40:04Z,2025-04-30T05:40:04Z,2025-04-30T05:39:47Z,true,21.038352222222223,81.76497777777779,0.0,30.2376,344.0,,0.0,1.0268982627244161E7,,,,,,,,0.0,,157613968,,,,,13.83,,,,true,,
98713,1,gt06,2025-04-30T05:40:04Z,2025-04-30T05:39:47Z,2025-04-30T05:39:47Z,true,21.038352222222223,81.76497777777779,0.0,30.2376,344.0,,0.0,1.0268982627244161E7,,,true,,34,,,0.0,,157613968,15,,0,false,,,,,true,,4984800
98714,1,gt06,2025-04-30T05:40:04Z,2025-04-30T05:39:57Z,2025-04-30T05:39:57Z,true,21.039228333333334,81.76469833333334,0.0,21.0583,340.0,,0.0,1.0269084385417134E7,,,true,,34,,,101.75817297127064,,157623968,15,,0,false,,,,,true,,4984901
98715,1,gt06,2025-04-30T05:40:19Z,2025-04-30T05:40:09Z,2025-04-30T05:40:09Z,true,21.039228333333334,81.76469833333334,0.0,0.0,340.0,,0.0,1.0269084385417134E7,,,true,,34,,,0.0,,157635968,15,,14,false,,,,,false,,4984901
98716,1,gt06,2025-04-30T05:40:27Z,2025-04-30T05:40:17Z,2025-04-30T05:40:17Z,true,21.041593333333335,81.76328833333334,0.0,34.0173,320.0,,0.0,1.02693856699093E7,,,true,,34,,,301.28449216737914,,157643968,15,,0,false,,,,,true,,4985202
98717,1,gt06,2025-04-30T05:40:31Z,2025-04-30T05:40:31Z,2025-04-30T05:40:17Z,true,21.041593333333335,81.76328833333334,0.0,34.0173,320.0,,0.0,1.02693856699093E7,,,true,4,19,,true,0.0,,157658335,,,,,,,100,70,true,false,
98718,1,gt06,2025-04-30T05:40:32Z,2025-04-30T05:40:32Z,2025-04-30T05:40:17Z,true,21.041593333333335,81.76328833333334,0.0,34.0173,320.0,,0.0,1.02693856699093E7,,,,,,,,0.0,,157658335,,,,,13.88,,,,true,,
98719,1,gt06,2025-04-30T05:40:33Z,2025-04-30T05:40:17Z,2025-04-30T05:40:17Z,true,21.041593333333335,81.76328833333334,0.0,34.0173,320.0,,0.0,1.02693856699093E7,,,true,,34,,,0.0,,157658335,15,,0,false,,,,,true,,4985202
98720,1,gt06,2025-04-30T05:40:33Z,2025-04-30T05:40:29Z,2025-04-30T05:40:29Z,true,21.041593333333335,81.76328833333334,0.0,0.0,320.0,,0.0,1.02693856699093E7,,,true,,34,,,0.0,,157670335,15,,14,false,,,,,false,,4985202
98721,1,gt06,2025-04-30T05:40:44Z,2025-04-30T05:40:37Z,2025-04-30T05:40:37Z,true,21.04317222222222,81.76154833333334,0.0,4.31966,315.0,,0.0,1.026963780703144E7,,,true,,34,,,252.1371221390692,,157678335,15,,0,false,,,,,true,,4985454
98722,1,gt06,2025-04-30T05:40:53Z,2025-04-30T05:40:49Z,2025-04-30T05:40:49Z,true,21.04317222222222,81.76154833333334,0.0,0.0,315.0,,0.0,1.026963780703144E7,,,true,,34,,,0.0,,157690335,15,,14,false,,,,,false,,4985454
98723,1,gt06,2025-04-30T05:41:03Z,2025-04-30T05:40:59Z,2025-04-30T05:40:59Z,true,21.04317222222222,81.76154833333334,0.0,0.0,315.0,,0.0,1.026963780703144E7,,,true,,34,,,0.0,,157700335,15,,14,false,,,,,false,,4985454
98724,1,gt06,2025-04-30T05:41:14Z,2025-04-30T05:41:14Z,2025-04-30T05:40:59Z,true,21.04317222222222,81.76154833333334,0.0,0.0,315.0,,0.0,1.026963780703144E7,,,true,4,19,,true,0.0,,157715022,,,,,,,100,70,false,false,
98725,1,gt06,2025-04-30T05:41:14Z,2025-04-30T05:41:14Z,2025-04-30T05:40:59Z,true,21.04317222222222,81.76154833333334,0.0,0.0,315.0,,0.0,1.026963780703144E7,,,,,,,,0.0,,157715022,,,,,13.93,,,,false,,
98726,1,gt06,2025-04-30T05:41:15Z,2025-04-30T05:41:07Z,2025-04-30T05:41:07Z,true,21.04332388888889,81.76136111111111,0.0,10.7991,315.0,,0.0,1.026966356385875E7,,,true,,34,,,25.75682730984335,,157715022,15,,0,false,,,,,true,,4985479
98728,1,gt06,2025-04-30T05:41:23Z,2025-04-30T05:41:19Z,2025-04-30T05:41:19Z,true,21.04332388888889,81.76136111111111,0.0,0.0,315.0,,0.0,1.026966356385875E7,,,true,,34,,,0.0,,157727022,15,,14,false,,,,,false,,4985479
98729,1,gt06,2025-04-30T05:41:36Z,2025-04-30T05:41:27Z,2025-04-30T05:41:27Z,true,21.044268333333335,81.76023166666667,0.0,12.419,310.0,,0.0,1.0269821116889555E7,,,true,,34,,,157.55303080638345,,157735022,15,,0,false,,,,,true,,4985636
98730,1,gt06,2025-04-30T05:41:43Z,2025-04-30T05:41:37Z,2025-04-30T05:41:37Z,true,21.044797777777777,81.75954944444445,0.0,22.6782,309.0,,0.0,1.026991329874606E7,,,true,,34,,,92.18185650516122,,157745022,15,,0,false,,,,,true,,4985728
98732,1,gt06,2025-04-30T05:41:58Z,2025-04-30T05:41:58Z,2025-04-30T05:41:37Z,true,21.044797777777777,81.75954944444445,0.0,22.6782,309.0,,0.0,1.026991329874606E7,,,true,4,19,,true,0.0,,157766344,,,,,,,100,70,true,false,
98733,1,gt06,2025-04-30T05:42:00Z,2025-04-30T05:42:00Z,2025-04-30T05:41:37Z,true,21.044797777777777,81.75954944444445,0.0,22.6782,309.0,,0.0,1.026991329874606E7,,,,,,,,0.0,,157766344,,,,,13.88,,,,true,,
98734,1,gt06,2025-04-30T05:42:00Z,2025-04-30T05:41:47Z,2025-04-30T05:41:47Z,true,21.045466666666666,81.75871777777778,0.0,21.0583,310.0,,0.0,1.0270027361167574E7,,,true,,34,,,114.06242151445522,,157766344,15,,0,false,,,,,true,,4985842
98735,1,gt06,2025-04-30T05:42:04Z,2025-04-30T05:41:59Z,2025-04-30T05:41:59Z,true,21.045466666666666,81.75871777777778,0.0,0.0,310.0,,0.0,1.0270027361167574E7,,,true,,34,,,0.0,,157778344,15,,14,false,,,,,false,,4985842
98736,1,gt06,2025-04-30T05:42:13Z,2025-04-30T05:42:09Z,2025-04-30T05:42:09Z,true,21.045466666666666,81.75871777777778,0.0,0.0,310.0,,0.0,1.0270027361167574E7,,,true,,34,,,0.0,,157788344,15,,14,false,,,,,false,,4985842
98737,1,gt06,2025-04-30T05:42:23Z,2025-04-30T05:42:17Z,2025-04-30T05:42:17Z,true,21.046364999999998,81.75758333333333,0.0,8.63931,309.0,,0.0,1.0270181930777747E7,,,true,,34,,,154.56961017297994,,157796344,15,,0,false,,,,,true,,4985996
98738,1,gt06,2025-04-30T05:42:33Z,2025-04-30T05:42:27Z,2025-04-30T05:42:27Z,true,21.046710555555556,81.75716222222222,0.0,5.39957,308.0,,0.0,1.0270240187373228E7,,,true,,34,,,58.25659548192126,,157806344,15,,0,false,,,,,true,,4986054
98739,1,gt06,2025-04-30T05:42:43Z,2025-04-30T05:42:37Z,2025-04-30T05:42:37Z,true,21.04707777777778,81.75668666666667,0.0,16.7387,309.0,,0.0,1.0270304313292753E7,,,true,,34,,,64.1259195242003,,157816344,15,,0,false,,,,,true,,4986118
98740,1,gt06,2025-04-30T05:42:54Z,2025-04-30T05:42:47Z,2025-04-30T05:42:47Z,true,21.047691666666665,81.75590444444444,0.0,23.7581,310.0,,0.0,1.027041049429467E7,,,true,,34,,,106.18100191662637,,157826344,15,,0,false,,,,,true,,4986224
98741,1,gt06,2025-04-30T05:42:58Z,2025-04-30T05:42:58Z,2025-04-30T05:42:47Z,true,21.047691666666665,81.75590444444444,0.0,23.7581,310.0,,0.0,1.027041049429467E7,,,true,4,19,,true,0.0,,157837827,,,,,,,100,70,true,false,
98742,1,gt06,2025-04-30T05:43:03Z,2025-04-30T05:42:57Z,2025-04-30T05:42:57Z,true,21.04844611111111,81.75495388888889,0.0,26.9979,310.0,,0.0,1.0270540132190391E7,,,true,,34,,,129.63789572239136,,157836344,15,,0,false,,,,,true,,4986353
98743,1,gt06,2025-04-30T05:43:13Z,2025-04-30T05:43:07Z,2025-04-30T05:43:07Z,true,21.04936777777778,81.753835,0.0,30.7775,308.0,,0.0,1.0270695177743254E7,,,true,,34,,,155.045552862276,,157846344,15,,0,false,,,,,true,,4986508
98744,1,gt06,2025-04-30T05:43:24Z,2025-04-30T05:43:17Z,2025-04-30T05:43:17Z,true,21.050065,81.75291055555556,0.0,20.5184,309.0,,0.0,1.027081866040513E7,,,true,,34,,,123.48266187426597,,157856344,15,,0,false,,,,,true,,4986631
98745,1,gt06,2025-04-30T05:43:33Z,2025-04-30T05:43:29Z,2025-04-30T05:43:29Z,true,21.050065,81.75291055555556,0.0,0.0,309.0,,0.0,1.027081866040513E7,,,true,,34,,,0.0,,157868344,15,,14,false,,,,,false,,4986631
98746,1,gt06,2025-04-30T05:43:43Z,2025-04-30T05:43:37Z,2025-04-30T05:43:37Z,true,21.050562777777778,81.75229222222222,0.0,10.7991,311.0,,0.0,1.0270903496626526E7,,,true,,34,,,84.83622139698242,,157876344,15,,0,false,,,,,true,,4986715
98747,1,gt06,2025-04-30T05:43:53Z,2025-04-30T05:43:47Z,2025-04-30T05:43:47Z,true,21.051038333333334,81.75171611111111,0.0,17.8186,310.0,,0.0,1.027098340156493E7,,,true,,34,,,79.9049384041281,,157886344,15,,0,false,,,,,true,,4986794
98748,1,gt06,2025-04-30T05:43:59Z,2025-04-30T05:43:59Z,2025-04-30T05:43:47Z,true,21.051038333333334,81.75171611111111,0.0,17.8186,310.0,,0.0,1.027098340156493E7,,,true,4,19,,true,0.0,,157897867,,,,,,,100,70,true,false,
98749,1,gt06,2025-04-30T05:44:07Z,2025-04-30T05:43:57Z,2025-04-30T05:43:57Z,true,21.05173388888889,81.75084444444445,0.0,27.5378,310.0,,0.0,1.0271102547968252E7,,,true,,34,,,119.14640332272309,,157896344,15,,0,false,,,,,true,,4986913
98750,1,gt06,2025-04-30T05:44:35Z,2025-04-30T05:44:35Z,2025-04-30T05:43:57Z,true,21.05173388888889,81.75084444444445,0.0,27.5378,310.0,,0.0,1.0271102547968252E7,,,true,4,19,,true,0.0,,157934038,,,,,,,100,70,true,false,
98751,1,gt06,2025-04-30T05:44:36Z,2025-04-30T05:44:36Z,2025-04-30T05:43:57Z,true,21.05173388888889,81.75084444444445,0.0,27.5378,310.0,,0.0,1.0271102547968252E7,,,,,,,,0.0,,157934038,,,,,13.98,,,,true,,
98752,1,gt06,2025-04-30T05:44:42Z,2025-04-30T05:43:57Z,2025-04-30T05:43:57Z,true,21.05173388888889,81.75084444444445,0.0,27.5378,310.0,,0.0,1.0271102547968252E7,,,true,,34,,,0.0,,157934038,15,,0,false,,,,,true,,4986913
98753,1,gt06,2025-04-30T05:44:42Z,2025-04-30T05:44:07Z,2025-04-30T05:44:07Z,true,21.05261,81.74975888888889,0.0,31.3175,311.0,,0.0,1.0271251647109065E7,,,true,,34,,,149.0991408126999,,157944038,15,,0,false,,,,,true,,4987062
98754,1,gt06,2025-04-30T05:44:42Z,2025-04-30T05:44:17Z,2025-04-30T05:44:17Z,true,21.05345388888889,81.74870444444444,0.0,19.4385,307.0,,0.0,1.0271395955971839E7,,,true,,34,,,144.30886277442005,,157954038,15,,0,false,,,,,true,,4987206
98755,1,gt06,2025-04-30T05:44:42Z,2025-04-30T05:44:27Z,2025-04-30T05:44:27Z,true,21.053865,81.74815277777779,0.0,5.39957,305.0,,0.0,1.0271469297894739E7,,,true,,34,,,73.34192289886809,,157964038,15,,0,false,,,,,true,,4987279
98756,1,gt06,2025-04-30T05:44:43Z,2025-04-30T05:44:35Z,2025-04-30T05:44:35Z,true,21.053970555555555,81.74795999999999,0.0,7.01944,274.0,,0.0,1.0271492517825615E7,,,true,,34,,,23.219930876196006,,157972038,15,,2,false,,,,,true,,4987302
98757,1,gt06,2025-04-30T05:44:43Z,2025-04-30T05:44:36Z,2025-04-30T05:44:36Z,true,21.05397111111111,81.74792777777779,0.0,5.93953,269.0,,0.0,1.0271495865901425E7,,,true,,34,,,3.348075810101656,,157973038,15,,2,false,,,,,true,,4987305
98758,1,gt06,2025-04-30T05:44:53Z,2025-04-30T05:44:47Z,2025-04-30T05:44:47Z,true,21.05397333333333,81.747795,0.0,4.31966,281.0,,0.0,1.027150966214681E7,,,true,,34,,,13.796245384372604,,157984038,15,,2,false,,,,,true,,4987318
98759,1,gt06,2025-04-30T05:45:02Z,2025-04-30T05:44:55Z,2025-04-30T05:44:55Z,true,21.054030555555553,81.74755833333333,0.0,3.7797,303.0,,0.0,1.0271535060747001E7,,,true,,34,,,25.398600191778648,,157992038,15,,2,false,,,,,true,,4987343
98760,1,gt06,2025-04-30T05:45:16Z,2025-04-30T05:45:08Z,2025-04-30T05:45:08Z,true,21.054030555555553,81.74755833333333,0.0,0.0,303.0,,0.0,1.0271535060747001E7,,,true,,34,,,0.0,,158005038,15,,14,false,,,,,false,,4987343
98761,1,gt06,2025-04-30T05:45:17Z,2025-04-30T05:45:10Z,2025-04-30T05:45:10Z,true,21.054095555555556,81.74751833333333,0.0,3.7797,340.0,,0.0,1.0271543404886987E7,,,true,,34,,,8.344139985703015,,158007038,15,,2,false,,,,,true,,4987351
98762,1,gt06,2025-04-30T05:45:28Z,2025-04-30T05:45:28Z,2025-04-30T05:45:10Z,true,21.054095555555556,81.74751833333333,0.0,3.7797,340.0,,0.0,1.0271543404886987E7,,,true,4,19,,true,0.0,,158024643,,,,,,,100,70,true,false,
98763,1,gt06,2025-04-30T05:45:28Z,2025-04-30T05:45:28Z,2025-04-30T05:45:10Z,true,21.054095555555556,81.74751833333333,0.0,3.7797,340.0,,0.0,1.0271543404886987E7,,,,,,,,0.0,,158024643,,,,,13.98,,,,true,,
98764,1,gt06,2025-04-30T05:45:32Z,2025-04-30T05:45:27Z,2025-04-30T05:45:27Z,true,21.054095555555556,81.74751833333333,0.0,0.0,340.0,,0.0,1.0271543404886987E7,,,true,,34,,,0.0,,158024643,15,,14,false,,,,,false,,4987351
98765,1,gt06,2025-04-30T05:45:41Z,2025-04-30T05:45:37Z,2025-04-30T05:45:37Z,true,21.054095555555556,81.74751833333333,0.0,0.0,340.0,,0.0,1.0271543404886987E7,,,true,,34,,,0.0,,158034643,15,,14,false,,,,,false,,4987351
98766,1,gt06,2025-04-30T05:45:51Z,2025-04-30T05:45:46Z,2025-04-30T05:45:46Z,true,21.054095555555556,81.74751833333333,0.0,0.0,340.0,,0.0,1.0271543404886987E7,,,true,,34,,,0.0,,158043643,15,,14,false,,,,,false,,4987351
98767,1,gt06,2025-04-30T05:46:01Z,2025-04-30T05:45:57Z,2025-04-30T05:45:57Z,true,21.054095555555556,81.74751833333333,0.0,0.0,340.0,,0.0,1.0271543404886987E7,,,true,,34,,,0.0,,158054643,15,,14,false,,,,,false,,4987351
98768,1,gt06,2025-04-30T05:46:11Z,2025-04-30T05:46:07Z,2025-04-30T05:46:07Z,true,21.054095555555556,81.74751833333333,0.0,0.0,340.0,,0.0,1.0271543404886987E7,,,true,,34,,,0.0,,158064643,15,,14,false,,,,,false,,4987351
98770,1,gt06,2025-04-30T05:46:22Z,2025-04-30T05:46:17Z,2025-04-30T05:46:17Z,true,21.054095555555556,81.74751833333333,0.0,0.0,340.0,,0.0,1.0271543404886987E7,,,true,,34,,,0.0,,158074643,15,,14,false,,,,,false,,4987351
98771,1,gt06,2025-04-30T05:46:30Z,2025-04-30T05:46:30Z,2025-04-30T05:46:17Z,true,21.054095555555556,81.74751833333333,0.0,0.0,340.0,,0.0,1.0271543404886987E7,,,true,4,19,,true,0.0,,158087649,,,,,,,100,70,false,false,
98772,1,gt06,2025-04-30T05:46:31Z,2025-04-30T05:46:27Z,2025-04-30T05:46:27Z,true,21.054095555555556,81.74751833333333,0.0,0.0,340.0,,0.0,1.0271543404886987E7,,,true,,34,,,0.0,,158084643,15,,14,false,,,,,false,,4987351
98773,1,gt06,2025-04-30T05:46:43Z,2025-04-30T05:46:37Z,2025-04-30T05:46:37Z,true,21.054095555555556,81.74751833333333,0.0,0.0,340.0,,0.0,1.0271543404886987E7,,,true,,34,,,0.0,,158094643,15,,14,false,,,,,false,,4987351
98774,1,gt06,2025-04-30T05:46:52Z,2025-04-30T05:46:47Z,2025-04-30T05:46:47Z,true,21.054095555555556,81.74751833333333,0.0,0.0,340.0,,0.0,1.0271543404886987E7,,,true,,34,,,0.0,,158104643,15,,14,false,,,,,false,,4987351
98775,1,gt06,2025-04-30T05:47:01Z,2025-04-30T05:46:57Z,2025-04-30T05:46:57Z,true,21.054095555555556,81.74751833333333,0.0,0.0,340.0,,0.0,1.0271543404886987E7,,,true,,34,,,0.0,,158114643,15,,14,false,,,,,false,,4987351
98776,1,gt06,2025-04-30T05:47:12Z,2025-04-30T05:47:06Z,2025-04-30T05:47:06Z,true,21.054095555555556,81.74751833333333,0.0,0.0,340.0,,0.0,1.0271543404886987E7,,,true,,34,,,0.0,,158123643,15,,14,false,,,,,false,,4987351
98777,1,gt06,2025-04-30T05:47:25Z,2025-04-30T05:47:17Z,2025-04-30T05:47:17Z,true,21.054095555555556,81.74751833333333,0.0,0.0,340.0,,0.0,1.0271543404886987E7,,,true,,34,,,0.0,,158134643,15,,14,false,,,,,false,,4987351
98778,1,gt06,2025-04-30T05:47:28Z,2025-04-30T05:47:28Z,2025-04-30T05:47:17Z,true,21.054095555555556,81.74751833333333,0.0,0.0,340.0,,0.0,1.0271543404886987E7,,,true,4,19,,true,0.0,,158145910,,,,,,,100,70,false,false,
98779,1,gt06,2025-04-30T05:47:31Z,2025-04-30T05:47:27Z,2025-04-30T05:47:27Z,true,21.054095555555556,81.74751833333333,0.0,0.0,340.0,,0.0,1.0271543404886987E7,,,true,,34,,,0.0,,158144643,15,,14,false,,,,,false,,4987351
98780,1,gt06,2025-04-30T05:47:42Z,2025-04-30T05:47:37Z,2025-04-30T05:47:37Z,true,21.054095555555556,81.74751833333333,0.0,0.0,340.0,,0.0,1.0271543404886987E7,,,true,,34,,,0.0,,158154643,15,,14,false,,,,,false,,4987351
98781,1,gt06,2025-04-30T05:47:51Z,2025-04-30T05:47:47Z,2025-04-30T05:47:47Z,true,21.054095555555556,81.74751833333333,0.0,0.0,340.0,,0.0,1.0271543404886987E7,,,true,,34,,,0.0,,158164643,15,,14,false,,,,,false,,4987351
98782,1,gt06,2025-04-30T05:48:03Z,2025-04-30T05:47:57Z,2025-04-30T05:47:57Z,true,21.054095555555556,81.74751833333333,0.0,0.0,340.0,,0.0,1.0271543404886987E7,,,true,,34,,,0.0,,158174643,15,,14,false,,,,,false,,4987351
98783,1,gt06,2025-04-30T05:48:13Z,2025-04-30T05:48:07Z,2025-04-30T05:48:07Z,true,21.054095555555556,81.74751833333333,0.0,0.0,340.0,,0.0,1.0271543404886987E7,,,true,,34,,,0.0,,158184643,15,,14,false,,,,,false,,4987351
98784,1,gt06,2025-04-30T05:48:21Z,2025-04-30T05:48:17Z,2025-04-30T05:48:17Z,true,21.054095555555556,81.74751833333333,0.0,0.0,340.0,,0.0,1.0271543404886987E7,,,true,,34,,,0.0,,158194643,15,,14,false,,,,,false,,4987351
98785,1,gt06,2025-04-30T05:48:33Z,2025-04-30T05:48:33Z,2025-04-30T05:48:17Z,true,21.054095555555556,81.74751833333333,0.0,0.0,340.0,,0.0,1.0271543404886987E7,,,true,4,19,,true,0.0,,158211010,,,,,,,100,70,false,false,
98786,1,gt06,2025-04-30T05:48:34Z,2025-04-30T05:48:26Z,2025-04-30T05:48:26Z,true,21.054095555555556,81.74751833333333,0.0,0.0,340.0,,0.0,1.0271543404886987E7,,,true,,34,,,0.0,,158203643,15,,14,false,,,,,false,,4987351
98787,1,gt06,2025-04-30T05:48:42Z,2025-04-30T05:48:37Z,2025-04-30T05:48:37Z,true,21.054095555555556,81.74751833333333,0.0,0.0,340.0,,0.0,1.0271543404886987E7,,,true,,34,,,0.0,,158214643,15,,14,false,,,,,false,,4987351
98788,1,gt06,2025-04-30T05:48:51Z,2025-04-30T05:48:47Z,2025-04-30T05:48:47Z,true,21.054095555555556,81.74751833333333,0.0,0.0,340.0,,0.0,1.0271543404886987E7,,,true,,34,,,0.0,,158224643,15,,14,false,,,,,false,,4987351
98789,1,gt06,2025-04-30T05:49:02Z,2025-04-30T05:48:57Z,2025-04-30T05:48:57Z,true,21.054095555555556,81.74751833333333,0.0,0.0,340.0,,0.0,1.0271543404886987E7,,,true,,34,,,0.0,,158234643,15,,14,false,,,,,false,,4987351
98790,1,gt06,2025-04-30T05:49:20Z,2025-04-30T05:49:07Z,2025-04-30T05:49:07Z,true,21.054095555555556,81.74751833333333,0.0,0.0,340.0,,0.0,1.0271543404886987E7,,,true,,34,,,0.0,,158244643,15,,14,false,,,,,false,,4987351
98791,1,gt06,2025-04-30T05:49:21Z,2025-04-30T05:49:17Z,2025-04-30T05:49:17Z,true,21.054095555555556,81.74751833333333,0.0,0.0,340.0,,0.0,1.0271543404886987E7,,,true,,34,,,0.0,,158254643,15,,14,false,,,,,false,,4987351
98792,1,gt06,2025-04-30T05:49:28Z,2025-04-30T05:49:28Z,2025-04-30T05:49:17Z,true,21.054095555555556,81.74751833333333,0.0,0.0,340.0,,0.0,1.0271543404886987E7,,,true,4,19,,true,0.0,,158266060,,,,,,,100,70,false,false,
98793,1,gt06,2025-04-30T05:49:32Z,2025-04-30T05:49:27Z,2025-04-30T05:49:27Z,true,21.054095555555556,81.74751833333333,0.0,0.0,340.0,,0.0,1.0271543404886987E7,,,true,,34,,,0.0,,158264643,15,,14,false,,,,,false,,4987351
98794,1,gt06,2025-04-30T05:49:56Z,2025-04-30T05:49:56Z,2025-04-30T05:49:27Z,true,21.054095555555556,81.74751833333333,0.0,0.0,340.0,,0.0,1.0271543404886987E7,,,true,4,19,,true,0.0,,158294103,,,,,,,100,70,false,false,
98795,1,gt06,2025-04-30T05:49:57Z,2025-04-30T05:49:57Z,2025-04-30T05:49:27Z,true,21.054095555555556,81.74751833333333,0.0,0.0,340.0,,0.0,1.0271543404886987E7,,,,,,,,0.0,,158294103,,,,,13.98,,,,false,,
98796,1,gt06,2025-04-30T05:49:58Z,2025-04-30T05:49:37Z,2025-04-30T05:49:37Z,true,21.054095555555556,81.74751833333333,0.0,0.0,340.0,,0.0,1.0271543404886987E7,,,true,,34,,,0.0,,158294103,15,,14,false,,,,,false,,4987351
98797,1,gt06,2025-04-30T05:50:06Z,2025-04-30T05:49:57Z,2025-04-30T05:49:57Z,true,21.054095555555556,81.74751833333333,0.0,0.0,340.0,,0.0,1.0271543404886987E7,,,true,,34,,,0.0,,158314103,15,,14,false,,,,,false,,4987351
98798,1,gt06,2025-04-30T05:50:11Z,2025-04-30T05:50:07Z,2025-04-30T05:50:07Z,true,21.054095555555556,81.74751833333333,0.0,0.0,340.0,,0.0,1.0271543404886987E7,,,true,,34,,,0.0,,158324103,15,,14,false,,,,,false,,4987351
98799,1,gt06,2025-04-30T05:50:25Z,2025-04-30T05:50:16Z,2025-04-30T05:50:16Z,true,21.054095555555556,81.74751833333333,0.0,0.0,340.0,,0.0,1.0271543404886987E7,,,true,,34,,,0.0,,158333103,15,,14,false,,,,,false,,4987351
98800,1,gt06,2025-04-30T05:50:31Z,2025-04-30T05:50:27Z,2025-04-30T05:50:27Z,true,21.054095555555556,81.74751833333333,0.0,0.0,340.0,,0.0,1.0271543404886987E7,,,true,,34,,,0.0,,158344103,15,,14,false,,,,,false,,4987351
98801,1,gt06,2025-04-30T05:50:41Z,2025-04-30T05:50:37Z,2025-04-30T05:50:37Z,true,21.054095555555556,81.74751833333333,0.0,0.0,340.0,,0.0,1.0271543404886987E7,,,true,,34,,,0.0,,158354103,15,,14,false,,,,,false,,4987351
98802,1,gt06,2025-04-30T05:50:52Z,2025-04-30T05:50:47Z,2025-04-30T05:50:47Z,true,21.054095555555556,81.74751833333333,0.0,0.0,340.0,,0.0,1.0271543404886987E7,,,true,,34,,,0.0,,158364103,15,,14,false,,,,,false,,4987351
98803,1,gt06,2025-04-30T05:50:57Z,2025-04-30T05:50:57Z,2025-04-30T05:50:47Z,true,21.054095555555556,81.74751833333333,0.0,0.0,340.0,,0.0,1.0271543404886987E7,,,true,4,19,,true,0.0,,158374060,,,,,,,100,70,false,false,
98804,1,gt06,2025-04-30T05:51:01Z,2025-04-30T05:50:57Z,2025-04-30T05:50:57Z,true,21.054095555555556,81.74751833333333,0.0,0.0,340.0,,0.0,1.0271543404886987E7,,,true,,34,,,0.0,,158374103,15,,14,false,,,,,false,,4987351
98805,1,gt06,2025-04-30T05:51:11Z,2025-04-30T05:51:06Z,2025-04-30T05:51:06Z,true,21.054095555555556,81.74751833333333,0.0,0.0,340.0,,0.0,1.0271543404886987E7,,,true,,34,,,0.0,,158383103,15,,14,false,,,,,false,,4987351
98807,1,gt06,2025-04-30T05:51:21Z,2025-04-30T05:51:17Z,2025-04-30T05:51:17Z,true,21.054095555555556,81.74751833333333,0.0,0.0,340.0,,0.0,1.0271543404886987E7,,,true,,34,,,0.0,,158394103,15,,14,false,,,,,false,,4987351
98808,1,gt06,2025-04-30T05:51:31Z,2025-04-30T05:51:27Z,2025-04-30T05:51:27Z,true,21.054095555555556,81.74751833333333,0.0,0.0,340.0,,0.0,1.0271543404886987E7,,,true,,34,,,0.0,,158404103,15,,14,false,,,,,false,,4987351
98809,1,gt06,2025-04-30T05:51:42Z,2025-04-30T05:51:37Z,2025-04-30T05:51:37Z,true,21.054095555555556,81.74751833333333,0.0,0.0,340.0,,0.0,1.0271543404886987E7,,,true,,34,,,0.0,,158414103,15,,14,false,,,,,false,,4987351
98810,1,gt06,2025-04-30T05:51:51Z,2025-04-30T05:51:47Z,2025-04-30T05:51:47Z,true,21.054095555555556,81.74751833333333,0.0,0.0,340.0,,0.0,1.0271543404886987E7,,,true,,34,,,0.0,,158424103,15,,14,false,,,,,false,,4987351
98812,1,gt06,2025-04-30T05:51:59Z,2025-04-30T05:51:59Z,2025-04-30T05:51:47Z,true,21.054095555555556,81.74751833333333,0.0,0.0,340.0,,0.0,1.0271543404886987E7,,,true,4,19,,true,0.0,,158436203,,,,,,,100,70,false,false,
98813,1,gt06,2025-04-30T05:52:16Z,2025-04-30T05:52:11Z,2025-04-30T05:52:11Z,true,21.054095555555556,81.74751833333333,0.0,0.0,340.0,,0.0,1.0271543404886987E7,,,true,,34,,,0.0,,158448103,15,,14,false,,,,,false,,4987351
98814,1,gt06,2025-04-30T05:52:23Z,2025-04-30T05:52:12Z,2025-04-30T05:52:12Z,true,21.054767777777776,81.74752166666666,0.0,3.7797,27.0,,0.0,1.0271618237123718E7,,,true,,34,,,74.8322367307648,,158449103,15,,2,false,,,,,true,,4987425
98815,1,gt06,2025-04-30T05:52:23Z,2025-04-30T05:52:13Z,2025-04-30T05:52:13Z,true,21.054785555555554,81.74753166666667,0.0,4.31966,26.0,,0.0,1.0271620472242199E7,,,true,,34,,,2.2351184801998643,,158450103,15,,2,false,,,,,true,,4987427
98816,1,gt06,2025-04-30T05:52:39Z,2025-04-30T05:52:23Z,2025-04-30T05:52:23Z,true,21.055030000000002,81.74762555555556,0.0,5.93953,15.0,,0.0,1.0271649378989626E7,,,true,,34,,,28.906747427266257,,158460103,15,,0,false,,,,,true,,4987455
98817,1,gt06,2025-04-30T05:52:39Z,2025-04-30T05:52:33Z,2025-04-30T05:52:33Z,true,21.05535388888889,81.74769333333333,0.0,8.09935,8.0,,0.0,1.0271686115248244E7,,,true,,34,,,36.73625861777525,,158470103,15,,0,false,,,,,true,,4987491
98818,1,gt06,2025-04-30T05:52:49Z,2025-04-30T05:52:43Z,2025-04-30T05:52:43Z,true,21.055736111111113,81.74777055555556,0.0,8.09935,11.0,,0.0,1.0271729413719082E7,,,true,,34,,,43.29847083781912,,158480103,15,,0,false,,,,,true,,4987534
98819,1,gt06,2025-04-30T05:53:06Z,2025-04-30T05:53:06Z,2025-04-30T05:52:43Z,true,21.055736111111113,81.74777055555556,0.0,8.09935,11.0,,0.0,1.0271729413719082E7,,,true,4,19,,true,0.0,,158503223,,,,,,,100,70,true,false,
98820,1,gt06,2025-04-30T05:53:07Z,2025-04-30T05:53:07Z,2025-04-30T05:52:43Z,true,21.055736111111113,81.74777055555556,0.0,8.09935,11.0,,0.0,1.0271729413719082E7,,,,,,,,0.0,,158503223,,,,,13.88,,,,true,,
98821,1,gt06,2025-04-30T05:53:07Z,2025-04-30T05:52:53Z,2025-04-30T05:52:53Z,true,21.05611888888889,81.74783722222222,0.0,8.63931,8.0,,0.0,1.0271772583523288E7,,,true,,34,,,43.16980420649871,,158503223,15,,0,false,,,,,true,,4987577
98822,1,gt06,2025-04-30T05:53:09Z,2025-04-30T05:53:05Z,2025-04-30T05:53:05Z,true,21.05611888888889,81.74783722222222,0.0,0.0,8.0,,0.0,1.0271772583523288E7,,,true,,34,,,0.0,,158515223,15,,14,false,,,,,false,,4987577
98823,1,gt06,2025-04-30T05:53:40Z,2025-04-30T05:53:40Z,2025-04-30T05:53:05Z,true,21.05611888888889,81.74783722222222,0.0,0.0,8.0,,0.0,1.0271772583523288E7,,,true,4,19,,true,0.0,,158550156,,,,,,,100,70,false,false,
98824,1,gt06,2025-04-30T05:53:41Z,2025-04-30T05:53:41Z,2025-04-30T05:53:05Z,true,21.05611888888889,81.74783722222222,0.0,0.0,8.0,,0.0,1.0271772583523288E7,,,,,,,,0.0,,158550156,,,,,13.88,,,,false,,
98825,1,gt06,2025-04-30T05:53:42Z,2025-04-30T05:53:13Z,2025-04-30T05:53:13Z,true,21.057019999999998,81.74796944444445,0.0,9.71923,8.0,,0.0,1.0271873830856822E7,,,true,,34,,,101.24733353387404,,158550156,15,,0,false,,,,,true,,4987678
98826,1,gt06,2025-04-30T05:53:42Z,2025-04-30T05:53:23Z,2025-04-30T05:53:23Z,true,21.057518333333334,81.74804055555556,0.0,10.7991,7.0,,0.0,1.0271929794795737E7,,,true,,34,,,55.963938913393164,,158560156,15,,0,false,,,,,true,,4987733
98827,1,gt06,2025-04-30T05:53:42Z,2025-04-30T05:53:33Z,2025-04-30T05:53:33Z,true,21.05802888888889,81.74811388888888,0.0,10.7991,6.0,,0.0,1.0271987137891855E7,,,true,,34,,,57.34309611806416,,158570156,15,,0,false,,,,,true,,4987790
98828,1,gt06,2025-04-30T05:53:50Z,2025-04-30T05:53:45Z,2025-04-30T05:53:45Z,true,21.05802888888889,81.74811388888888,0.0,0.0,6.0,,0.0,1.0271987137891855E7,,,true,,34,,,0.0,,158582156,15,,14,false,,,,,false,,4987790
98829,1,gt06,2025-04-30T05:54:05Z,2025-04-30T05:53:53Z,2025-04-30T05:53:53Z,true,21.058961111111113,81.74824833333334,0.0,9.71923,8.0,,0.0,1.0272091848051762E7,,,true,,34,,,104.71015990760122,,158590156,15,,0,false,,,,,true,,4987894
98830,1,gt06,2025-04-30T05:54:05Z,2025-04-30T05:54:05Z,2025-04-30T05:53:53Z,true,21.058961111111113,81.74824833333334,0.0,9.71923,8.0,,0.0,1.0272091848051762E7,,,true,4,19,,true,0.0,,158602577,,,,,,,100,70,true,false,
98831,1,gt06,2025-04-30T05:54:06Z,2025-04-30T05:54:06Z,2025-04-30T05:53:53Z,true,21.058961111111113,81.74824833333334,0.0,9.71923,8.0,,0.0,1.0272091848051762E7,,,,,,,,0.0,,158602577,,,,,13.88,,,,true,,
98832,1,gt06,2025-04-30T05:54:07Z,2025-04-30T05:53:53Z,2025-04-30T05:53:53Z,true,21.058961111111113,81.74824833333334,0.0,9.71923,8.0,,0.0,1.0272091848051762E7,,,true,,34,,,0.0,,158602577,15,,0,false,,,,,true,,4987894
98833,1,gt06,2025-04-30T05:54:08Z,2025-04-30T05:54:05Z,2025-04-30T05:54:05Z,true,21.058961111111113,81.74824833333334,0.0,0.0,8.0,,0.0,1.0272091848051762E7,,,true,,34,,,0.0,,158614577,15,,14,false,,,,,false,,4987894
98834,1,gt06,2025-04-30T05:54:32Z,2025-04-30T05:54:32Z,2025-04-30T05:54:05Z,true,21.058961111111113,81.74824833333334,0.0,0.0,8.0,,0.0,1.0272091848051762E7,,,true,4,19,,true,0.0,,158641371,,,,,,,100,70,false,false,
98835,1,gt06,2025-04-30T05:54:33Z,2025-04-30T05:54:33Z,2025-04-30T05:54:05Z,true,21.058961111111113,81.74824833333334,0.0,0.0,8.0,,0.0,1.0272091848051762E7,,,,,,,,0.0,,158641371,,,,,13.98,,,,false,,
98836,1,gt06,2025-04-30T05:54:34Z,2025-04-30T05:54:13Z,2025-04-30T05:54:13Z,true,21.05988111111111,81.74840666666667,0.0,5.39957,5.0,,0.0,1.0272195574429043E7,,,true,,34,,,103.72637727982043,,158641371,15,,0,false,,,,,true,,4987997
98837,1,gt06,2025-04-30T05:54:47Z,2025-04-30T05:54:35Z,2025-04-30T05:54:35Z,true,21.05988111111111,81.74840666666667,0.0,0.0,5.0,,0.0,1.0272195574429043E7,,,true,,34,,,0.0,,158663371,15,,14,false,,,,,false,,4987997
98838,1,gt06,2025-04-30T05:54:57Z,2025-04-30T05:54:43Z,2025-04-30T05:54:43Z,true,21.060287777777777,81.74848944444443,0.0,7.5594,9.0,,0.0,1.0272241653856963E7,,,true,,34,,,46.079427921162285,,158671371,15,,0,false,,,,,true,,4988043
98839,1,gt06,2025-04-30T05:54:59Z,2025-04-30T05:54:53Z,2025-04-30T05:54:53Z,true,21.060663333333334,81.74853388888889,0.0,9.71923,6.0,,0.0,1.027228371468631E7,,,true,,34,,,42.06082934632455,,158681371,15,,0,false,,,,,true,,4988085
98840,1,gt06,2025-04-30T05:55:10Z,2025-04-30T05:55:03Z,2025-04-30T05:55:03Z,true,21.061155555555555,81.7486,0.0,9.71923,11.0,,0.0,1.0272338937341249E7,,,true,,34,,,55.22265493869421,,158691371,15,,0,false,,,,,true,,4988140
98841,1,gt06,2025-04-30T05:55:19Z,2025-04-30T05:55:13Z,2025-04-30T05:55:13Z,true,21.06163,81.74867444444445,0.0,10.2592,6.0,,0.0,1.0272392315447474E7,,,true,,34,,,53.378106225516085,,158701371,15,,0,false,,,,,true,,4988193
98842,1,gt06,2025-04-30T05:55:29Z,2025-04-30T05:55:23Z,2025-04-30T05:55:23Z,true,21.062067777777777,81.748745,0.0,8.09935,6.0,,0.0,1.02724415967439E7,,,true,,34,,,49.28129642595707,,158711371,15,,0,false,,,,,true,,4988242
98843,1,gt06,2025-04-30T05:55:42Z,2025-04-30T05:55:42Z,2025-04-30T05:55:23Z,true,21.062067777777777,81.748745,0.0,8.09935,6.0,,0.0,1.02724415967439E7,,,true,4,19,,true,0.0,,158730037,,,,,,,100,70,true,false,
98844,1,gt06,2025-04-30T05:55:42Z,2025-04-30T05:55:42Z,2025-04-30T05:55:23Z,true,21.062067777777777,81.748745,0.0,8.09935,6.0,,0.0,1.02724415967439E7,,,,,,,,0.0,,158730037,,,,,13.98,,,,true,,
98845,1,gt06,2025-04-30T05:55:43Z,2025-04-30T05:55:33Z,2025-04-30T05:55:33Z,true,21.062548888888887,81.74882166666666,0.0,9.17927,9.0,,0.0,1.0272495742723646E7,,,true,,34,,,54.145979745001505,,158730037,15,,0,false,,,,,true,,4988296
98846,1,gt06,2025-04-30T05:55:46Z,2025-04-30T05:55:41Z,2025-04-30T05:55:41Z,true,21.06289111111111,81.74892055555556,0.0,7.01944,61.0,,0.0,1.0272535199476315E7,,,true,,34,,,39.45675266890344,,158738037,15,,2,false,,,,,true,,4988335
98847,1,gt06,2025-04-30T05:55:47Z,2025-04-30T05:55:42Z,2025-04-30T05:55:42Z,true,21.06290166666667,81.7489561111111,0.0,7.5594,81.0,,0.0,1.0272539075456835E7,,,true,,34,,,3.8759805201454256,,158739037,15,,2,false,,,,,true,,4988338
98848,1,gt06,2025-04-30T05:55:49Z,2025-04-30T05:55:43Z,2025-04-30T05:55:43Z,true,21.062907777777777,81.74899555555555,0.0,7.01944,84.0,,0.0,1.027254322910554E7,,,true,,34,,,4.1536487035110135,,158740037,15,,2,false,,,,,true,,4988342
98849,1,gt06,2025-04-30T05:56:02Z,2025-04-30T05:55:53Z,2025-04-30T05:55:53Z,true,21.06302277777778,81.749465,0.0,11.3391,68.0,,0.0,1.0272593648136156E7,,,true,,34,,,50.419030616366776,,158750037,15,,0,false,,,,,true,,4988392
98850,1,gt06,2025-04-30T05:56:18Z,2025-04-30T05:56:03Z,2025-04-30T05:56:03Z,true,21.063285,81.7499938888889,0.0,11.3391,54.0,,0.0,1.0272655863003245E7,,,true,,34,,,62.214867089135424,,158760037,15,,0,false,,,,,true,,4988454
98851,1,gt06,2025-04-30T05:56:19Z,2025-04-30T05:56:13Z,2025-04-30T05:56:13Z,true,21.063682777777775,81.75043833333334,0.0,11.8791,38.0,,0.0,1.0272719834720703E7,,,true,,34,,,63.97171745884471,,158770037,15,,0,false,,,,,true,,4988517
98853,1,gt06,2025-04-30T05:56:30Z,2025-04-30T05:56:23Z,2025-04-30T05:56:23Z,true,21.06419,81.750765,0.0,12.419,23.0,,0.0,1.0272785711133529E7,,,true,,34,,,65.87641282519884,,158780037,15,,0,false,,,,,true,,4988582
98854,1,gt06,2025-04-30T05:56:42Z,2025-04-30T05:56:33Z,2025-04-30T05:56:33Z,true,21.064761666666666,81.75094166666666,0.0,12.419,6.0,,0.0,1.027285194220706E7,,,true,,34,,,66.23107353266441,,158790037,15,,0,false,,,,,true,,4988648
98855,1,gt06,2025-04-30T05:56:42Z,2025-04-30T05:56:42Z,2025-04-30T05:56:33Z,true,21.064761666666666,81.75094166666666,0.0,12.419,6.0,,0.0,1.027285194220706E7,,,true,4,19,,true,0.0,,158799373,,,,,,,100,70,true,false,
98856,1,gt06,2025-04-30T05:56:50Z,2025-04-30T05:56:43Z,2025-04-30T05:56:43Z,true,21.065350555555558,81.75093055555556,0.0,12.419,350.0,,0.0,1.0272917507178767E7,,,true,,34,,,65.56497170675632,,158800037,15,,0,false,,,,,true,,4988713
98857,1,gt06,2025-04-30T05:56:59Z,2025-04-30T05:56:53Z,2025-04-30T05:56:53Z,true,21.065917222222225,81.75079222222222,0.0,11.8791,344.0,,0.0,1.0272982204294244E7,,,true,,34,,,64.6971154768165,,158810037,15,,0,false,,,,,true,,4988777
98858,1,gt06,2025-04-30T05:57:09Z,2025-04-30T05:57:03Z,2025-04-30T05:57:03Z,true,21.06647333333333,81.75063666666667,0.0,12.419,346.0,,0.0,1.0273046184510682E7,,,true,,34,,,63.980216437328316,,158820037,15,,0,false,,,,,true,,4988840
98859,1,gt06,2025-04-30T05:57:20Z,2025-04-30T05:57:13Z,2025-04-30T05:57:13Z,true,21.067048888888888,81.75048,0.0,11.8791,343.0,,0.0,1.0273112289666453E7,,,true,,34,,,66.10515577206166,,158830037,15,,0,false,,,,,true,,4988906
98860,1,gt06,2025-04-30T05:57:29Z,2025-04-30T05:57:25Z,2025-04-30T05:57:25Z,true,21.067048888888888,81.75048,0.0,0.0,343.0,,0.0,1.0273112289666453E7,,,true,,34,,,0.0,,158842037,15,,14,false,,,,,false,,4988906
98861,1,gt06,2025-04-30T05:57:39Z,2025-04-30T05:57:35Z,2025-04-30T05:57:35Z,true,21.067048888888888,81.75048,0.0,0.0,343.0,,0.0,1.0273112289666453E7,,,true,,34,,,0.0,,158852037,15,,14,false,,,,,false,,4988906
98862,1,gt06,2025-04-30T05:57:42Z,2025-04-30T05:57:42Z,2025-04-30T05:57:35Z,true,21.067048888888888,81.75048,0.0,0.0,343.0,,0.0,1.0273112289666453E7,,,true,4,19,,true,0.0,,158859254,,,,,,,100,70,false,false,
98863,1,gt06,2025-04-30T05:57:50Z,2025-04-30T05:57:45Z,2025-04-30T05:57:45Z,true,21.067048888888888,81.75048,0.0,0.0,343.0,,0.0,1.0273112289666453E7,,,true,,34,,,0.0,,158862037,15,,14,false,,,,,false,,4988906
98864,1,gt06,2025-04-30T05:57:59Z,2025-04-30T05:57:55Z,2025-04-30T05:57:55Z,true,21.067048888888888,81.75048,0.0,0.0,343.0,,0.0,1.0273112289666453E7,,,true,,34,,,0.0,,158872037,15,,14,false,,,,,false,,4988906
98865,1,gt06,2025-04-30T05:58:10Z,2025-04-30T05:58:03Z,2025-04-30T05:58:03Z,true,21.06750111111111,81.75033444444443,0.0,4.31966,348.0,,0.0,1.027316485248211E7,,,true,,34,,,52.56281565703679,,158880037,15,,0,false,,,,,true,,4988958
98866,1,gt06,2025-04-30T05:58:23Z,2025-04-30T05:58:13Z,2025-04-30T05:58:13Z,true,21.067822222222222,81.75023666666667,0.0,7.5594,343.0,,0.0,1.0273202013429882E7,,,true,,34,,,37.16094777184558,,158890037,15,,0,false,,,,,true,,4988995
98867,1,gt06,2025-04-30T05:58:29Z,2025-04-30T05:58:23Z,2025-04-30T05:58:23Z,true,21.06830888888889,81.75008666666668,0.0,11.8791,344.0,,0.0,1.0273258385175396E7,,,true,,34,,,56.37174551398257,,158900037,15,,0,false,,,,,true,,4989051
98868,1,gt06,2025-04-30T05:58:40Z,2025-04-30T05:58:33Z,2025-04-30T05:58:33Z,true,21.068872777777777,81.74996055555556,0.0,12.959,352.0,,0.0,1.0273322509397767E7,,,true,,34,,,64.12422237134656,,158910037,15,,0,false,,,,,true,,4989115
98869,1,gt06,2025-04-30T05:58:43Z,2025-04-30T05:58:43Z,2025-04-30T05:58:33Z,true,21.068872777777777,81.74996055555556,0.0,12.959,352.0,,0.0,1.0273322509397767E7,,,true,4,19,,true,0.0,,158920013,,,,,,,100,70,true,false,
98870,1,gt06,2025-04-30T05:59:18Z,2025-04-30T05:59:18Z,2025-04-30T05:58:33Z,true,21.068872777777777,81.74996055555556,0.0,12.959,352.0,,0.0,1.0273322509397767E7,,,true,4,19,,true,0.0,,158954554,,,,,,,100,70,true,false,
98871,1,gt06,2025-04-30T05:59:18Z,2025-04-30T05:59:18Z,2025-04-30T05:58:33Z,true,21.068872777777777,81.74996055555556,0.0,12.959,352.0,,0.0,1.0273322509397767E7,,,,,,,,0.0,,158954554,,,,,13.93,,,,true,,
98872,1,gt06,2025-04-30T05:59:19Z,2025-04-30T05:58:43Z,2025-04-30T05:58:43Z,true,21.069482222222224,81.74992944444445,0.0,12.959,3.0,,0.0,1.0273390429372357E7,,,true,,34,,,67.91997459013578,,158954554,15,,0,false,,,,,true,,4989182
98873,1,gt06,2025-04-30T05:59:19Z,2025-04-30T05:58:53Z,2025-04-30T05:58:53Z,true,21.070091111111108,81.74999277777778,0.0,12.419,8.0,,0.0,1.0273458529099673E7,,,true,,34,,,68.09972731637515,,158964554,15,,0,false,,,,,true,,4989250
98874,1,gt06,2025-04-30T05:59:19Z,2025-04-30T05:59:03Z,2025-04-30T05:59:03Z,true,21.070715555555555,81.7500961111111,0.0,14.5788,7.0,,0.0,1.0273528865800807E7,,,true,,34,,,70.33670113354896,,158974554,15,,0,false,,,,,true,,4989320
98875,1,gt06,2025-04-30T05:59:19Z,2025-04-30T05:59:15Z,2025-04-30T05:59:15Z,true,21.070715555555555,81.7500961111111,0.0,0.0,7.0,,0.0,1.0273528865800807E7,,,true,,34,,,0.0,,158986554,15,,14,false,,,,,false,,4989320
98876,1,gt06,2025-04-30T05:59:29Z,2025-04-30T05:59:23Z,2025-04-30T05:59:23Z,true,21.072094444444446,81.75030222222223,0.0,15.6588,8.0,,0.0,1.0273683848962096E7,,,true,,34,,,154.98316128846662,,158994554,15,,0,false,,,,,true,,4989474
98877,1,gt06,2025-04-30T05:59:39Z,2025-04-30T05:59:33Z,2025-04-30T05:59:33Z,true,21.072831666666666,81.75041944444445,0.0,16.1987,8.0,,0.0,1.0273766814571252E7,,,true,,34,,,82.96560915636555,,159004554,15,,0,false,,,,,true,,4989556
98878,1,gt06,2025-04-30T05:59:49Z,2025-04-30T05:59:43Z,2025-04-30T05:59:43Z,true,21.07358111111111,81.75053833333332,0.0,15.6588,8.0,,0.0,1.0273851151423335E7,,,true,,34,,,84.33685208211635,,159014554,15,,0,false,,,,,true,,4989640
98879,1,gt06,2025-04-30T06:00:00Z,2025-04-30T05:59:53Z,2025-04-30T05:59:53Z,true,21.07432222222222,81.750645,0.0,15.6588,7.0,,0.0,1.0273934392234966E7,,,true,,34,,,83.2408116313556,,159024554,15,,0,false,,,,,true,,4989723
98880,1,gt06,2025-04-30T06:00:11Z,2025-04-30T06:00:03Z,2025-04-30T06:00:03Z,true,21.075063888888888,81.75075444444444,0.0,16.1987,8.0,,0.0,1.0274017733202007E7,,,true,,34,,,83.34096704041312,,159034554,15,,0,false,,,,,true,,4989806
98881,1,gt06,2025-04-30T06:00:18Z,2025-04-30T06:00:18Z,2025-04-30T06:00:03Z,true,21.075063888888888,81.75075444444444,0.0,16.1987,8.0,,0.0,1.0274017733202007E7,,,true,4,19,,true,0.0,,159049693,,,,,,,100,70,true,false,
98882,1,gt06,2025-04-30T06:00:19Z,2025-04-30T06:00:13Z,2025-04-30T06:00:13Z,true,21.075836111111112,81.75085388888888,0.0,17.2786,6.0,,0.0,1.0274104314979093E7,,,true,,34,,,86.58177708709727,,159044554,15,,0,false,,,,,true,,4989892
98883,1,gt06,2025-04-30T06:00:31Z,2025-04-30T06:00:23Z,2025-04-30T06:00:23Z,true,21.076638888888887,81.75094277777778,0.0,16.1987,5.0,,0.0,1.0274194155505925E7,,,true,,34,,,89.84052683188094,,159054554,15,,0,false,,,,,true,,4989981
98884,1,gt06,2025-04-30T06:00:39Z,2025-04-30T06:00:33Z,2025-04-30T06:00:33Z,true,21.077400555555556,81.75103444444444,0.0,15.6588,7.0,,0.0,1.027427947680665E7,,,true,,34,,,85.3213007252974,,159064554,15,,0,false,,,,,true,,4990066
98885,1,gt06,2025-04-30T06:00:49Z,2025-04-30T06:00:43Z,2025-04-30T06:00:43Z,true,21.078133333333334,81.75114666666667,0.0,15.1188,7.0,,0.0,1.027436187791567E7,,,true,,34,,,82.40110901855435,,159074554,15,,0,false,,,,,true,,4990148
98886,1,gt06,2025-04-30T06:00:59Z,2025-04-30T06:00:53Z,2025-04-30T06:00:53Z,true,21.07885111111111,81.7512511111111,0.0,15.1188,7.0,,0.0,1.027444251370045E7,,,true,,34,,,80.63578478051036,,159084554,15,,0,false,,,,,true,,4990228
98887,1,gt06,2025-04-30T06:01:10Z,2025-04-30T06:01:03Z,2025-04-30T06:01:03Z,true,21.079584444444443,81.75133777777778,0.0,15.6588,6.0,,0.0,1.0274524642840998E7,,,true,,34,,,82.1291405482683,,159094554,15,,0,false,,,,,true,,4990310
98888,1,gt06,2025-04-30T06:01:18Z,2025-04-30T06:01:18Z,2025-04-30T06:01:03Z,true,21.079584444444443,81.75133777777778,0.0,15.6588,6.0,,0.0,1.0274524642840998E7,,,true,4,19,,true,0.0,,159109631,,,,,,,100,70,true,false,
98889,1,gt06,2025-04-30T06:01:19Z,2025-04-30T06:01:13Z,2025-04-30T06:01:13Z,true,21.08035388888889,81.75142000000001,0.0,16.7387,5.0,,0.0,1.0274610721726108E7,,,true,,34,,,86.07888511074117,,159104554,15,,0,false,,,,,true,,4990396
98891,1,gt06,2025-04-30T06:01:29Z,2025-04-30T06:01:23Z,2025-04-30T06:01:23Z,true,21.081142222222223,81.7515061111111,0.0,16.7387,5.0,,0.0,1.0274698933222102E7,,,true,,34,,,88.21149599358341,,159114554,15,,0,false,,,,,true,,4990484
98892,1,gt06,2025-04-30T06:01:40Z,2025-04-30T06:01:33Z,2025-04-30T06:01:33Z,true,21.08194611111111,81.75160055555556,0.0,17.8186,7.0,,0.0,1.0274788957800766E7,,,true,,34,,,90.02457866475501,,159124554,15,,0,false,,,,,true,,4990574
98893,1,gt06,2025-04-30T06:01:50Z,2025-04-30T06:01:43Z,2025-04-30T06:01:43Z,true,21.082833333333333,81.75172277777777,0.0,19.9784,6.0,,0.0,1.027488853547533E7,,,true,,34,,,99.57767456460337,,159134554,15,,0,false,,,,,true,,4990673
98895,1,gt06,2025-04-30T06:02:09Z,2025-04-30T06:01:53Z,2025-04-30T06:01:53Z,true,21.08374388888889,81.75184277777777,0.0,17.2786,7.0,,0.0,1.0274990661509527E7,,,true,,34,,,102.12603419636685,,159144554,15,,0,false,,,,,true,,4990775
98896,1,gt06,2025-04-30T06:02:10Z,2025-04-30T06:02:06Z,2025-04-30T06:02:06Z,true,21.08374388888889,81.75184277777777,0.0,0.0,7.0,,0.0,1.0274990661509527E7,,,true,,34,,,0.0,,159157554,15,,14,false,,,,,false,,4990775
98897,1,gt06,2025-04-30T06:02:18Z,2025-04-30T06:02:18Z,2025-04-30T06:02:06Z,true,21.08374388888889,81.75184277777777,0.0,0.0,7.0,,0.0,1.0274990661509527E7,,,true,4,19,,true,0.0,,159169632,,,,,,,100,70,false,false,
98898,1,gt06,2025-04-30T06:02:19Z,2025-04-30T06:02:13Z,2025-04-30T06:02:13Z,true,21.084341666666667,81.75189444444445,0.0,9.17927,2.0,,0.0,1.0275057421865912E7,,,true,,34,,,66.76035638579704,,159164554,15,,0,false,,,,,true,,4990841
98899,1,gt06,2025-04-30T06:02:29Z,2025-04-30T06:02:23Z,2025-04-30T06:02:23Z,true,21.085022777777777,81.751875,0.0,15.1188,352.0,,0.0,1.027513326970145E7,,,true,,34,,,75.84783553669124,,159174554,15,,0,false,,,,,true,,4990916
98900,1,gt06,2025-04-30T06:02:40Z,2025-04-30T06:02:33Z,2025-04-30T06:02:33Z,true,21.08590277777778,81.75163444444443,0.0,21.0583,340.0,,0.0,1.027523436700894E7,,,true,,34,,,101.09730748964284,,159184554,15,,0,false,,,,,true,,4991017
98901,1,gt06,2025-04-30T06:02:49Z,2025-04-30T06:02:43Z,2025-04-30T06:02:43Z,true,21.086809444444444,81.75120166666666,0.0,21.0583,334.0,,0.0,1.0275344853933183E7,,,true,,34,,,110.48692424433543,,159194554,15,,0,false,,,,,true,,4991127
98902,1,gt06,2025-04-30T06:02:59Z,2025-04-30T06:02:53Z,2025-04-30T06:02:53Z,true,21.087690555555557,81.75073166666667,0.0,21.0583,334.0,,0.0,1.0275454415256316E7,,,true,,34,,,109.56132313193048,,159204554,15,,0,false,,,,,true,,4991236
98903,1,gt06,2025-04-30T06:03:10Z,2025-04-30T06:03:03Z,2025-04-30T06:03:03Z,true,21.08849833333333,81.75030111111111,0.0,17.8186,333.0,,0.0,1.02755548427332E7,,,true,,34,,,100.42747688478735,,159214554,15,,0,false,,,,,true,,4991336
98904,1,gt06,2025-04-30T06:03:18Z,2025-04-30T06:03:18Z,2025-04-30T06:03:03Z,true,21.08849833333333,81.75030111111111,0.0,17.8186,333.0,,0.0,1.02755548427332E7,,,true,4,19,,true,0.0,,159229615,,,,,,,100,70,true,false,
98905,1,gt06,2025-04-30T06:03:19Z,2025-04-30T06:03:15Z,2025-04-30T06:03:15Z,true,21.08849833333333,81.75030111111111,0.0,0.0,333.0,,0.0,1.02755548427332E7,,,true,,34,,,0.0,,159226554,15,,14,false,,,,,false,,4991336
98906,1,gt06,2025-04-30T06:03:29Z,2025-04-30T06:03:23Z,2025-04-30T06:03:23Z,true,21.089162777777776,81.7499438888889,0.0,9.17927,333.0,,0.0,1.0275637592372661E7,,,true,,34,,,82.74963946125436,,159234554,15,,0,false,,,,,true,,4991418
98907,1,gt06,2025-04-30T06:03:39Z,2025-04-30T06:03:33Z,2025-04-30T06:03:33Z,true,21.089773333333333,81.74961944444445,0.0,16.7387,334.0,,0.0,1.02757134542396E7,,,true,,34,,,75.86186693745428,,159244554,15,,0,false,,,,,true,,4991493
98908,1,gt06,2025-04-30T06:03:49Z,2025-04-30T06:03:43Z,2025-04-30T06:03:43Z,true,21.090609444444443,81.74918444444444,0.0,21.5983,333.0,,0.0,1.0275816915835604E7,,,true,,34,,,103.46159600546936,,159254554,15,,0,false,,,,,true,,4991596
98909,1,gt06,2025-04-30T06:04:00Z,2025-04-30T06:03:53Z,2025-04-30T06:03:53Z,true,21.091585000000002,81.748675,0.0,24.2981,334.0,,0.0,1.0275937718483442E7,,,true,,34,,,120.80264783877806,,159264554,15,,0,false,,,,,true,,4991716
98910,1,gt06,2025-04-30T06:04:09Z,2025-04-30T06:04:03Z,2025-04-30T06:04:03Z,true,21.092657222222222,81.74813,0.0,25.9179,334.0,,0.0,1.0276069819553902E7,,,true,,34,,,132.10107046062092,,159274554,15,,0,false,,,,,true,,4991848
98911,1,gt06,2025-04-30T06:04:18Z,2025-04-30T06:04:18Z,2025-04-30T06:04:03Z,true,21.092657222222222,81.74813,0.0,25.9179,334.0,,0.0,1.0276069819553902E7,,,true,4,19,,true,0.0,,159289632,,,,,,,100,70,true,false,
98912,1,gt06,2025-04-30T06:04:19Z,2025-04-30T06:04:13Z,2025-04-30T06:04:13Z,true,21.093825,81.74753333333334,0.0,28.6177,336.0,,0.0,1.0276213831270643E7,,,true,,34,,,144.0117167407177,,159284554,15,,0,false,,,,,true,,4991991
98913,1,gt06,2025-04-30T06:04:30Z,2025-04-30T06:04:23Z,2025-04-30T06:04:23Z,true,21.09518611111111,81.74689833333333,0.0,35.0972,335.0,,0.0,1.027637908044833E7,,,true,,34,,,165.24917768612934,,159294554,15,,0,false,,,,,true,,4992156
98914,1,gt06,2025-04-30T06:04:39Z,2025-04-30T06:04:33Z,2025-04-30T06:04:33Z,true,21.096805,81.74608777777777,0.0,41.0367,334.0,,0.0,1.0276577987124218E7,,,true,,34,,,198.90667588740007,,159304554,15,,0,false,,,,,true,,4992354
98915,1,gt06,2025-04-30T06:04:49Z,2025-04-30T06:04:43Z,2025-04-30T06:04:43Z,true,21.098630555555555,81.74514722222222,0.0,43.1966,334.0,,0.0,1.0276803465393946E7,,,true,,34,,,225.47826972862987,,159314554,15,,0,false,,,,,true,,4992579
98916,1,gt06,2025-04-30T06:04:59Z,2025-04-30T06:04:53Z,2025-04-30T06:04:53Z,true,21.1004,81.74426333333334,0.0,38.3369,334.0,,0.0,1.0277020779408194E7,,,true,,34,,,217.31401424827823,,159324554,15,,0,false,,,,,true,,4992796
98917,1,gt06,2025-04-30T06:05:09Z,2025-04-30T06:05:03Z,2025-04-30T06:05:03Z,true,21.10158388888889,81.74363888888888,0.0,16.1987,328.0,,0.0,1.0277167661462026E7,,,true,,34,,,146.88205383122718,,159334554,15,,0,false,,,,,true,,4992942
98918,1,gt06,2025-04-30T06:05:18Z,2025-04-30T06:05:18Z,2025-04-30T06:05:03Z,true,21.10158388888889,81.74363888888888,0.0,16.1987,328.0,,0.0,1.0277167661462026E7,,,true,4,19,,true,0.0,,159349673,,,,,,,100,70,true,false,
98919,1,gt06,2025-04-30T06:05:19Z,2025-04-30T06:05:15Z,2025-04-30T06:05:15Z,true,21.10158388888889,81.74363888888888,0.0,0.0,328.0,,0.0,1.0277167661462026E7,,,true,,34,,,0.0,,159346554,15,,14,false,,,,,false,,4992942
98920,1,gt06,2025-04-30T06:05:23Z,2025-04-30T06:05:17Z,2025-04-30T06:05:17Z,true,21.10177111111111,81.74354222222222,0.0,4.85961,352.0,,0.0,1.0277190794874292E7,,,true,,34,,,23.133412267042374,,159348554,15,,2,false,,,,,true,,4992965
98921,1,gt06,2025-04-30T06:05:24Z,2025-04-30T06:05:18Z,2025-04-30T06:05:18Z,true,21.101795555555558,81.74353777777777,0.0,5.39957,351.0,,0.0,1.0277193554887423E7,,,true,,34,,,2.7600131320429253,,159349554,15,,2,false,,,,,true,,4992967
98922,1,gt06,2025-04-30T06:05:33Z,2025-04-30T06:05:26Z,2025-04-30T06:05:26Z,true,21.10185888888889,81.74351055555556,0.0,4.31966,334.0,,0.0,1.0277201150847185E7,,,true,,34,,,7.595959761775983,,159357554,15,,2,false,,,,,true,,4992974
98923,1,gt06,2025-04-30T06:05:42Z,2025-04-30T06:05:36Z,2025-04-30T06:05:36Z,true,21.102138333333333,81.74335333333333,0.0,8.09935,335.0,,0.0,1.0277236283381172E7,,,true,,34,,,35.132533986903034,,159367554,15,,0,false,,,,,true,,4993009
98924,1,gt06,2025-04-30T06:05:53Z,2025-04-30T06:05:46Z,2025-04-30T06:05:46Z,true,21.102689444444444,81.74306944444444,0.0,15.1188,334.0,,0.0,1.0277304349530876E7,,,true,,34,,,68.06614970452395,,159377554,15,,0,false,,,,,true,,4993077
98925,1,gt06,2025-04-30T06:06:02Z,2025-04-30T06:05:56Z,2025-04-30T06:05:56Z,true,21.10357777777778,81.74262444444444,0.0,23.7581,335.0,,0.0,1.0277413504535802E7,,,true,,34,,,109.1550049256989,,159387554,15,,0,false,,,,,true,,4993186
98926,1,gt06,2025-04-30T06:06:12Z,2025-04-30T06:06:06Z,2025-04-30T06:06:06Z,true,21.10464722222222,81.74209,0.0,27.5378,334.0,,0.0,1.0277544857356045E7,,,true,,34,,,131.352820243874,,159397554,15,,0,false,,,,,true,,4993317
98927,1,gt06,2025-04-30T06:06:18Z,2025-04-30T06:06:18Z,2025-04-30T06:06:06Z,true,21.10464722222222,81.74209,0.0,27.5378,334.0,,0.0,1.0277544857356045E7,,,true,4,19,,true,0.0,,159409651,,,,,,,100,70,true,false,
98929,1,gt06,2025-04-30T06:06:23Z,2025-04-30T06:06:16Z,2025-04-30T06:06:16Z,true,21.105864999999998,81.74146777777777,0.0,29.6976,333.0,,0.0,1.0277695033259088E7,,,true,,34,,,150.17590304234193,,159407554,15,,0,false,,,,,true,,4993467
98930,1,gt06,2025-04-30T06:06:32Z,2025-04-30T06:06:26Z,2025-04-30T06:06:26Z,true,21.107145,81.74081444444444,0.0,30.7775,334.0,,0.0,1.0277852851707553E7,,,true,,34,,,157.8184484650601,,159417554,15,,0,false,,,,,true,,4993624
98931,1,gt06,2025-04-30T06:06:43Z,2025-04-30T06:06:36Z,2025-04-30T06:06:36Z,true,21.108528333333332,81.74012333333334,0.0,35.0972,335.0,,0.0,1.0278022748061711E7,,,true,,34,,,169.89635415778068,,159427554,15,,0,false,,,,,true,,4993793
98932,1,gt06,2025-04-30T06:06:52Z,2025-04-30T06:06:46Z,2025-04-30T06:06:46Z,true,21.110097222222223,81.73933166666667,0.0,37.797,334.0,,0.0,1.0278215779283307E7,,,true,,34,,,193.03122159605036,,159437554,15,,0,false,,,,,true,,4993986
98933,1,gt06,2025-04-30T06:07:06Z,2025-04-30T06:06:56Z,2025-04-30T06:06:56Z,true,21.11170166666667,81.73852388888889,0.0,37.797,334.0,,0.0,1.0278413103886662E7,,,true,,34,,,197.324603355299,,159447554,15,,0,false,,,,,true,,4994183
98934,1,gt06,2025-04-30T06:07:26Z,2025-04-30T06:07:26Z,2025-04-30T06:06:56Z,true,21.11170166666667,81.73852388888889,0.0,37.797,334.0,,0.0,1.0278413103886662E7,,,true,4,19,,true,0.0,,159477434,,,,,,,100,70,true,false,
98935,1,gt06,2025-04-30T06:07:27Z,2025-04-30T06:07:06Z,2025-04-30T06:07:06Z,true,21.113315,81.73768222222223,0.0,38.8769,334.0,,0.0,1.027861283897234E7,,,true,,34,,,199.73508567662202,,159457554,15,,0,false,,,,,true,,4994382
98936,1,gt06,2025-04-30T06:07:27Z,2025-04-30T06:07:16Z,2025-04-30T06:07:16Z,true,21.114930555555553,81.7368438888889,0.0,37.797,334.0,,0.0,1.0278812645039449E7,,,true,,34,,,199.80606710956982,,159467554,15,,0,false,,,,,true,,4994581
98937,1,gt06,2025-04-30T06:07:32Z,2025-04-30T06:07:26Z,2025-04-30T06:07:26Z,true,21.116515,81.73607722222224,0.0,32.3974,336.0,,0.0,1.027900616042131E7,,,true,,34,,,193.51538186206054,,159477554,15,,0,false,,,,,true,,4994774
98938,1,gt06,2025-04-30T06:07:39Z,2025-04-30T06:07:33Z,2025-04-30T06:07:33Z,true,21.117184444444444,81.73580888888888,0.0,8.63931,0.0,,0.0,1.0279085721779797E7,,,true,,34,,,79.56135848648964,,159484554,15,,2,false,,,,,true,,4994853
98939,1,gt06,2025-04-30T06:07:40Z,2025-04-30T06:07:34Z,2025-04-30T06:07:34Z,true,21.117230555555555,81.73581444444444,0.0,9.71923,13.0,,0.0,1.0279090887163239E7,,,true,,34,,,5.165383441939181,,159485554,15,,2,false,,,,,true,,4994858
98940,1,gt06,2025-04-30T06:07:43Z,2025-04-30T06:07:36Z,2025-04-30T06:07:36Z,true,21.117316666666667,81.73585555555555,0.0,10.2592,34.0,,0.0,1.027910138068216E7,,,true,,34,,,10.493518921422137,,159487554,15,,2,false,,,,,true,,4994868
98941,1,gt06,2025-04-30T06:07:44Z,2025-04-30T06:07:37Z,2025-04-30T06:07:37Z,true,21.117355,81.73588944444444,0.0,10.2592,45.0,,0.0,1.027910691185001E7,,,true,,34,,,5.531167849341362,,159488554,15,,2,false,,,,,true,,4994873
98942,1,gt06,2025-04-30T06:07:53Z,2025-04-30T06:07:49Z,2025-04-30T06:07:49Z,true,21.117355,81.73588944444444,0.0,0.0,45.0,,0.0,1.027910691185001E7,,,true,,34,,,0.0,,159500554,15,,14,false,,,,,false,,4994873
98943,1,gt06,2025-04-30T06:08:03Z,2025-04-30T06:07:59Z,2025-04-30T06:07:59Z,true,21.117355,81.73588944444444,0.0,0.0,45.0,,0.0,1.027910691185001E7,,,true,,34,,,0.0,,159510554,15,,14,false,,,,,false,,4994873
98944,1,gt06,2025-04-30T06:08:14Z,2025-04-30T06:08:07Z,2025-04-30T06:08:07Z,true,21.11749111111111,81.736075,0.0,5.39957,45.0,,0.0,1.0279131424367145E7,,,true,,34,,,24.51251713558756,,159518554,15,,0,false,,,,,true,,4994897
98945,1,gt06,2025-04-30T06:08:18Z,2025-04-30T06:08:12Z,2025-04-30T06:08:12Z,true,21.11764611111111,81.73621777777777,0.0,10.7991,26.0,,0.0,1.0279154173991648E7,,,true,,34,,,22.749624504172257,,159523554,15,,2,false,,,,,true,,4994919
98946,1,gt06,2025-04-30T06:08:19Z,2025-04-30T06:08:19Z,2025-04-30T06:08:12Z,true,21.11764611111111,81.73621777777777,0.0,10.7991,26.0,,0.0,1.0279154173991648E7,,,true,4,19,,true,0.0,,159530234,,,,,,,100,70,true,false,
98947,1,gt06,2025-04-30T06:08:19Z,2025-04-30T06:08:13Z,2025-04-30T06:08:13Z,true,21.117688333333334,81.73623944444444,0.0,9.17927,20.0,,0.0,1.0279159384914331E7,,,true,,34,,,5.2109226830517725,,159524554,15,,2,false,,,,,true,,4994924
98948,1,gt06,2025-04-30T06:08:22Z,2025-04-30T06:08:16Z,2025-04-30T06:08:16Z,true,21.117837777777776,81.73627388888889,0.0,13.4989,1.0,,0.0,1.0279176401167162E7,,,true,,34,,,17.016252830153004,,159527554,15,,2,false,,,,,true,,4994941
98949,1,gt06,2025-04-30T06:08:24Z,2025-04-30T06:08:17Z,2025-04-30T06:08:17Z,true,21.117904444444445,81.73627388888889,0.0,14.5788,358.0,,0.0,1.0279183822466549E7,,,true,,34,,,7.421299386464599,,159528554,15,,2,false,,,,,true,,4994948
98950,1,gt06,2025-04-30T06:08:34Z,2025-04-30T06:08:27Z,2025-04-30T06:08:27Z,true,21.118757777777777,81.73629055555556,0.0,23.2182,3.0,,0.0,1.027927883086379E7,,,true,,34,,,95.00839724287754,,159538554,15,,0,false,,,,,true,,4995042
98951,1,gt06,2025-04-30T06:08:43Z,2025-04-30T06:08:37Z,2025-04-30T06:08:37Z,true,21.120014444444443,81.73650111111111,0.0,29.6976,12.0,,0.0,1.0279420420728993E7,,,true,,34,,,141.5898652027381,,159548554,15,,0,false,,,,,true,,4995183
98952,1,gt06,2025-04-30T06:08:53Z,2025-04-30T06:08:47Z,2025-04-30T06:08:47Z,true,21.12149833333333,81.73704111111111,0.0,37.257,24.0,,0.0,1.0279594864606753E7,,,true,,34,,,174.4438777601734,,159558554,15,,0,false,,,,,true,,4995357
98953,1,gt06,2025-04-30T06:09:04Z,2025-04-30T06:08:57Z,2025-04-30T06:08:57Z,true,21.123124444444443,81.73787055555556,0.0,38.8769,25.0,,0.0,1.0279795328572052E7,,,true,,34,,,200.46396529939577,,159568554,15,,0,false,,,,,true,,4995557
98954,1,gt06,2025-04-30T06:09:14Z,2025-04-30T06:09:07Z,2025-04-30T06:09:07Z,true,21.12474111111111,81.73871388888888,0.0,38.3369,25.0,,0.0,1.0279995470096365E7,,,true,,34,,,200.14152431244682,,159578554,15,,0,false,,,,,true,,4995757
98955,1,gt06,2025-04-30T06:09:28Z,2025-04-30T06:09:28Z,2025-04-30T06:09:07Z,true,21.12474111111111,81.73871388888888,0.0,38.3369,25.0,,0.0,1.0279995470096365E7,,,true,4,19,,true,0.0,,159599993,,,,,,,100,70,true,false,
98956,1,gt06,2025-04-30T06:09:29Z,2025-04-30T06:09:29Z,2025-04-30T06:09:07Z,true,21.12474111111111,81.73871388888888,0.0,38.3369,25.0,,0.0,1.0279995470096365E7,,,,,,,,0.0,,159599993,,,,,13.83,,,,true,,
98957,1,gt06,2025-04-30T06:09:30Z,2025-04-30T06:09:17Z,2025-04-30T06:09:17Z,true,21.12634111111111,81.73954333333333,0.0,37.797,26.0,,0.0,1.0280193312474642E7,,,true,,34,,,197.84237827703012,,159599993,15,,0,false,,,,,true,,4995954
98958,1,gt06,2025-04-30T06:09:34Z,2025-04-30T06:09:29Z,2025-04-30T06:09:29Z,true,21.12634111111111,81.73954333333333,0.0,0.0,26.0,,0.0,1.0280193312474642E7,,,true,,34,,,0.0,,159611993,15,,14,false,,,,,false,,4995954
98959,1,gt06,2025-04-30T06:09:43Z,2025-04-30T06:09:37Z,2025-04-30T06:09:37Z,true,21.129513333333335,81.74121500000001,0.0,37.797,26.0,,0.0,1.0280586797996916E7,,,true,,34,,,393.4855222732979,,159619993,15,,0,false,,,,,true,,4996347
98960,1,gt06,2025-04-30T06:09:54Z,2025-04-30T06:09:47Z,2025-04-30T06:09:47Z,true,21.13107833333333,81.74203722222222,0.0,36.7171,26.0,,0.0,1.0280780807771962E7,,,true,,34,,,194.0097750458345,,159629993,15,,0,false,,,,,true,,4996541
98961,1,gt06,2025-04-30T06:10:04Z,2025-04-30T06:09:57Z,2025-04-30T06:09:57Z,true,21.132536666666667,81.74279777777777,0.0,32.9374,25.0,,0.0,1.0280961337645756E7,,,true,,34,,,180.5298737942319,,159639993,15,,0,false,,,,,true,,4996721
98962,1,gt06,2025-04-30T06:10:13Z,2025-04-30T06:10:07Z,2025-04-30T06:10:07Z,true,21.13387833333333,81.7434988888889,0.0,30.7775,26.0,,0.0,1.0281127488469431E7,,,true,,34,,,166.1508236755006,,159649993,15,,0,false,,,,,true,,4996887
98963,1,gt06,2025-04-30T06:10:24Z,2025-04-30T06:10:17Z,2025-04-30T06:10:17Z,true,21.13508611111111,81.74413944444444,0.0,22.6782,26.0,,0.0,1.0281277489043333E7,,,true,,34,,,150.00057390065774,,159659993,15,,0,false,,,,,true,,4997037
98964,1,gt06,2025-04-30T06:10:29Z,2025-04-30T06:10:29Z,2025-04-30T06:10:17Z,true,21.13508611111111,81.74413944444444,0.0,22.6782,26.0,,0.0,1.0281277489043333E7,,,true,4,19,,true,0.0,,159671925,,,,,,,100,70,true,false,
98965,1,gt06,2025-04-30T06:10:33Z,2025-04-30T06:10:27Z,2025-04-30T06:10:27Z,true,21.136167222222223,81.74470277777779,0.0,29.1577,26.0,,0.0,1.0281411298865048E7,,,true,,34,,,133.80982171567211,,159669993,15,,0,false,,,,,true,,4997170
98966,1,gt06,2025-04-30T06:10:43Z,2025-04-30T06:10:37Z,2025-04-30T06:10:37Z,true,21.137468333333334,81.7453788888889,0.0,31.8575,25.0,,0.0,1.0281572253776014E7,,,true,,34,,,160.95491096526348,,159679993,15,,0,false,,,,,true,,4997330
98967,1,gt06,2025-04-30T06:10:54Z,2025-04-30T06:10:47Z,2025-04-30T06:10:47Z,true,21.138847777777777,81.74608555555557,0.0,32.9374,26.0,,0.0,1.0281742441690834E7,,,true,,34,,,170.18791482022735,,159689993,15,,0,false,,,,,true,,4997500
98968,1,gt06,2025-04-30T06:11:04Z,2025-04-30T06:10:57Z,2025-04-30T06:10:57Z,true,21.14024,81.74681500000001,0.0,33.4773,25.0,,0.0,1.0281914939045897E7,,,true,,34,,,172.49735506216376,,159699993,15,,0,false,,,,,true,,4997672
98969,1,gt06,2025-04-30T06:11:14Z,2025-04-30T06:11:07Z,2025-04-30T06:11:07Z,true,21.141661666666664,81.74754666666666,0.0,34.5572,24.0,,0.0,1.0282090486624328E7,,,true,,34,,,175.54757843144085,,159709993,15,,0,false,,,,,true,,4997847
98971,1,gt06,2025-04-30T06:11:36Z,2025-04-30T06:11:36Z,2025-04-30T06:11:07Z,true,21.141661666666664,81.74754666666666,0.0,34.5572,24.0,,0.0,1.0282090486624328E7,,,true,3,19,,true,0.0,,159738502,,,,,,,100,70,true,false,
98972,1,gt06,2025-04-30T06:11:37Z,2025-04-30T06:11:14Z,2025-04-30T06:11:14Z,true,21.142761666666665,81.74789444444446,0.0,36.1771,1.0,,0.0,1.0282218150945704E7,,,true,,34,,,127.6643213753973,,159716993,15,,2,false,,,,,true,,4997974
98973,1,gt06,2025-04-30T06:11:37Z,2025-04-30T06:11:15Z,2025-04-30T06:11:15Z,true,21.142931666666666,81.74789555555556,0.0,36.1771,359.0,,0.0,1.0282237075610759E7,,,true,,34,,,18.924665053940643,,159717993,15,,2,false,,,,,true,,4997992
98974,1,gt06,2025-04-30T06:11:37Z,2025-04-30T06:11:18Z,2025-04-30T06:11:18Z,true,21.14339833333333,81.74779055555555,0.0,31.8575,338.0,,0.0,1.0282290156262185E7,,,true,,34,,,53.08065142727099,,159720993,15,,2,false,,,,,true,,4998045
98975,1,gt06,2025-04-30T06:11:37Z,2025-04-30T06:11:19Z,2025-04-30T06:11:19Z,true,21.143537777777777,81.74772999999999,0.0,32.3974,337.0,,0.0,1.0282306904066496E7,,,true,,34,,,16.74780430949601,,159721993,15,,2,false,,,,,true,,4998061
98976,1,gt06,2025-04-30T06:11:37Z,2025-04-30T06:11:29Z,2025-04-30T06:11:29Z,true,21.144893888888888,81.74683222222222,0.0,36.1771,326.0,,0.0,1.0282484323998379E7,,,true,,34,,,177.41993188372143,,159731993,15,,0,false,,,,,true,,4998238
98977,1,gt06,2025-04-30T06:11:46Z,2025-04-30T06:11:39Z,2025-04-30T06:11:39Z,true,21.146271666666667,81.74586555555555,0.0,34.0173,325.0,,0.0,1.028266761668302E7,,,true,,34,,,183.29268464038446,,159741993,15,,0,false,,,,,true,,4998421
98978,1,gt06,2025-04-30T06:11:55Z,2025-04-30T06:11:49Z,2025-04-30T06:11:49Z,true,21.14745277777778,81.74493055555556,0.0,24.2981,323.0,,0.0,1.028283105061145E7,,,true,,34,,,163.43392843030819,,159751993,15,,0,false,,,,,true,,4998584
98980,1,gt06,2025-04-30T06:12:05Z,2025-04-30T06:11:59Z,2025-04-30T06:11:59Z,true,21.14795277777778,81.74450388888889,0.0,4.31966,312.0,,0.0,1.0282902186292063E7,,,true,,34,,,71.13568061426963,,159761993,15,,0,false,,,,,true,,4998655
98981,1,gt06,2025-04-30T06:12:19Z,2025-04-30T06:12:11Z,2025-04-30T06:12:11Z,true,21.14795277777778,81.74450388888889,0.0,0.0,312.0,,0.0,1.0282902186292063E7,,,true,,34,,,0.0,,159773993,15,,14,false,,,,,false,,4998655
98982,1,gt06,2025-04-30T06:12:25Z,2025-04-30T06:12:21Z,2025-04-30T06:12:21Z,true,21.14795277777778,81.74450388888889,0.0,0.0,312.0,,0.0,1.0282902186292063E7,,,true,,34,,,0.0,,159783993,15,,14,false,,,,,false,,4998655
98983,1,gt06,2025-04-30T06:12:29Z,2025-04-30T06:12:29Z,2025-04-30T06:12:21Z,true,21.14795277777778,81.74450388888889,0.0,0.0,312.0,,0.0,1.0282902186292063E7,,,true,4,19,,true,0.0,,159791934,,,,,,,100,70,false,false,
98984,1,gt06,2025-04-30T06:12:35Z,2025-04-30T06:12:31Z,2025-04-30T06:12:31Z,true,21.14795277777778,81.74450388888889,0.0,0.0,312.0,,0.0,1.0282902186292063E7,,,true,,34,,,0.0,,159793993,15,,14,false,,,,,false,,4998655
98985,1,gt06,2025-04-30T06:12:45Z,2025-04-30T06:12:41Z,2025-04-30T06:12:41Z,true,21.14795277777778,81.74450388888889,0.0,0.0,312.0,,0.0,1.0282902186292063E7,,,true,,34,,,0.0,,159803993,15,,14,false,,,,,false,,4998655
98986,1,gt06,2025-04-30T06:12:55Z,2025-04-30T06:12:51Z,2025-04-30T06:12:51Z,true,21.14795277777778,81.74450388888889,0.0,0.0,312.0,,0.0,1.0282902186292063E7,,,true,,34,,,0.0,,159813993,15,,14,false,,,,,false,,4998655
98987,1,gt06,2025-04-30T06:13:05Z,2025-04-30T06:13:00Z,2025-04-30T06:13:00Z,true,21.14795277777778,81.74450388888889,0.0,0.0,312.0,,0.0,1.0282902186292063E7,,,true,,34,,,0.0,,159822993,15,,14,false,,,,,false,,4998655
98988,1,gt06,2025-04-30T06:13:15Z,2025-04-30T06:13:11Z,2025-04-30T06:13:11Z,true,21.14795277777778,81.74450388888889,0.0,0.0,312.0,,0.0,1.0282902186292063E7,,,true,,34,,,0.0,,159833993,15,,14,false,,,,,false,,4998655
98989,1,gt06,2025-04-30T06:13:25Z,2025-04-30T06:13:21Z,2025-04-30T06:13:21Z,true,21.14795277777778,81.74450388888889,0.0,0.0,312.0,,0.0,1.0282902186292063E7,,,true,,34,,,0.0,,159843993,15,,14,false,,,,,false,,4998655
98990,1,gt06,2025-04-30T06:13:29Z,2025-04-30T06:13:29Z,2025-04-30T06:13:21Z,true,21.14795277777778,81.74450388888889,0.0,0.0,312.0,,0.0,1.0282902186292063E7,,,true,4,19,,true,0.0,,159851948,,,,,,,100,70,false,false,
98991,1,gt06,2025-04-30T06:13:36Z,2025-04-30T06:13:31Z,2025-04-30T06:13:31Z,true,21.14795277777778,81.74450388888889,0.0,0.0,312.0,,0.0,1.0282902186292063E7,,,true,,34,,,0.0,,159853993,15,,14,false,,,,,false,,4998655
98992,1,gt06,2025-04-30T06:13:45Z,2025-04-30T06:13:41Z,2025-04-30T06:13:41Z,true,21.14795277777778,81.74450388888889,0.0,0.0,312.0,,0.0,1.0282902186292063E7,,,true,,34,,,0.0,,159863993,15,,14,false,,,,,false,,4998655
98993,1,gt06,2025-04-30T06:13:55Z,2025-04-30T06:13:50Z,2025-04-30T06:13:50Z,true,21.14795277777778,81.74450388888889,0.0,0.0,312.0,,0.0,1.0282902186292063E7,,,true,,34,,,0.0,,159872993,15,,14,false,,,,,false,,4998655
98994,1,gt06,2025-04-30T06:14:05Z,2025-04-30T06:14:01Z,2025-04-30T06:14:01Z,true,21.14795277777778,81.74450388888889,0.0,0.0,312.0,,0.0,1.0282902186292063E7,,,true,,34,,,0.0,,159883993,15,,14,false,,,,,false,,4998655
98995,1,gt06,2025-04-30T06:14:15Z,2025-04-30T06:14:11Z,2025-04-30T06:14:11Z,true,21.14795277777778,81.74450388888889,0.0,0.0,312.0,,0.0,1.0282902186292063E7,,,true,,34,,,0.0,,159893993,15,,14,false,,,,,false,,4998655
98996,1,gt06,2025-04-30T06:14:26Z,2025-04-30T06:14:19Z,2025-04-30T06:14:19Z,true,21.148075,81.74439555555556,0.0,7.01944,322.0,,0.0,1.0282919839049418E7,,,true,,34,,,17.652757353602123,,159901993,15,,0,false,,,,,true,,4998672
98997,1,gt06,2025-04-30T06:14:30Z,2025-04-30T06:14:30Z,2025-04-30T06:14:19Z,true,21.148075,81.74439555555556,0.0,7.01944,322.0,,0.0,1.0282919839049418E7,,,true,4,19,,true,0.0,,159912584,,,,,,,100,70,true,false,
98998,1,gt06,2025-04-30T06:14:36Z,2025-04-30T06:14:29Z,2025-04-30T06:14:29Z,true,21.14837888888889,81.74416166666667,0.0,9.71923,323.0,,0.0,1.02829614808717E7,,,true,,34,,,41.64182228284868,,159911993,15,,0,false,,,,,true,,4998713
98999,1,gt06,2025-04-30T06:14:45Z,2025-04-30T06:14:39Z,2025-04-30T06:14:39Z,true,21.148918333333334,81.7437,0.0,15.6588,322.0,,0.0,1.0283038314935407E7,,,true,,34,,,76.83406370649813,,159921993,15,,0,false,,,,,true,,4998789
99000,1,gt06,2025-04-30T06:14:56Z,2025-04-30T06:14:49Z,2025-04-30T06:14:49Z,true,21.149610000000003,81.74312944444445,0.0,20.5184,322.0,,0.0,1.0283135460554603E7,,,true,,34,,,97.14561919622749,,159931993,15,,0,false,,,,,true,,4998886
99001,1,gt06,2025-04-30T06:15:05Z,2025-04-30T06:14:59Z,2025-04-30T06:14:59Z,true,21.15039666666667,81.7424688888889,0.0,21.0583,321.0,,0.0,1.02832466895177E7,,,true,,34,,,111.22896309496706,,159941993,15,,0,false,,,,,true,,4998997
99002,1,gt06,2025-04-30T06:15:15Z,2025-04-30T06:15:09Z,2025-04-30T06:15:09Z,true,21.15122,81.74178444444443,0.0,22.6782,321.0,,0.0,1.0283362662351917E7,,,true,,34,,,115.97283421806539,,159951993,15,,0,false,,,,,true,,4999113
99003,1,gt06,2025-04-30T06:15:26Z,2025-04-30T06:15:19Z,2025-04-30T06:15:19Z,true,21.152081111111112,81.74106888888889,0.0,23.7581,323.0,,0.0,1.0283483937524647E7,,,true,,34,,,121.27517272970768,,159961993,15,,0,false,,,,,true,,4999234
99004,1,gt06,2025-04-30T06:15:29Z,2025-04-30T06:15:29Z,2025-04-30T06:15:19Z,true,21.152081111111112,81.74106888888889,0.0,23.7581,323.0,,0.0,1.0283483937524647E7,,,true,4,19,,true,0.0,,159972005,,,,,,,100,70,true,false,
99005,1,gt06,2025-04-30T06:15:35Z,2025-04-30T06:15:29Z,2025-04-30T06:15:29Z,true,21.152983333333335,81.74032777777778,0.0,25.9179,323.0,,0.0,1.028361045696364E7,,,true,,34,,,126.51943899249154,,159971993,15,,0,false,,,,,true,,4999360
99006,1,gt06,2025-04-30T06:15:49Z,2025-04-30T06:15:39Z,2025-04-30T06:15:39Z,true,21.153992777777777,81.73949555555555,0.0,27.5378,322.0,,0.0,1.0283752203817276E7,,,true,,34,,,141.74685363713675,,159981993,15,,0,false,,,,,true,,4999501
99007,1,gt06,2025-04-30T06:15:55Z,2025-04-30T06:15:49Z,2025-04-30T06:15:49Z,true,21.15500888888889,81.73865111111111,0.0,26.9979,321.0,,0.0,1.0283895313140512E7,,,true,,34,,,143.1093232349632,,159991993,15,,0,false,,,,,true,,4999644
99008,1,gt06,2025-04-30T06:16:05Z,2025-04-30T06:15:59Z,2025-04-30T06:15:59Z,true,21.156036666666665,81.73779833333334,0.0,28.0778,322.0,,0.0,1.0284039978628172E7,,,true,,34,,,144.66548765929338,,160001993,15,,0,false,,,,,true,,4999788
99009,1,gt06,2025-04-30T06:16:16Z,2025-04-30T06:16:09Z,2025-04-30T06:16:09Z,true,21.157065,81.73694722222221,0.0,28.0778,322.0,,0.0,1.028418458686672E7,,,true,,34,,,144.60823854774628,,160011993,15,,0,false,,,,,true,,4999932
99011,1,gt06,2025-04-30T06:16:25Z,2025-04-30T06:16:19Z,2025-04-30T06:16:19Z,true,21.15810388888889,81.73607777777778,0.0,28.6177,321.0,,0.0,1.0284331289974831E7,,,true,,34,,,146.70310811074387,,160021993,15,,0,false,,,,,true,,5000078
99012,1,gt06,2025-04-30T06:16:34Z,2025-04-30T06:16:34Z,2025-04-30T06:16:19Z,true,21.15810388888889,81.73607777777778,0.0,28.6177,321.0,,0.0,1.0284331289974831E7,,,true,4,19,,true,0.0,,160037454,,,,,,,100,70,true,false,
99013,1,gt06,2025-04-30T06:16:36Z,2025-04-30T06:16:29Z,2025-04-30T06:16:29Z,true,21.159175,81.73519722222221,0.0,28.6177,322.0,,0.0,1.0284481535670329E7,,,true,,34,,,150.24569549783993,,160031993,15,,0,false,,,,,true,,5000228
99014,1,gt06,2025-04-30T06:16:45Z,2025-04-30T06:16:39Z,2025-04-30T06:16:39Z,true,21.160237777777777,81.734325,0.0,28.0778,323.0,,0.0,1.0284630518451352E7,,,true,,34,,,148.9827810234424,,160041993,15,,0,false,,,,,true,,5000376
99015,1,gt06,2025-04-30T06:16:55Z,2025-04-30T06:16:49Z,2025-04-30T06:16:49Z,true,21.161220555555555,81.73350222222223,0.0,25.9179,322.0,,0.0,1.028476931559973E7,,,true,,34,,,138.79714837775447,,160051993,15,,0,false,,,,,true,,5000514
99016,1,gt06,2025-04-30T06:17:06Z,2025-04-30T06:16:59Z,2025-04-30T06:16:59Z,true,21.162176666666667,81.73269277777777,0.0,26.4579,322.0,,0.0,1.0284904922745263E7,,,true,,34,,,135.60714553367453,,160061993,15,,0,false,,,,,true,,5000649
99017,1,gt06,2025-04-30T06:17:15Z,2025-04-30T06:17:09Z,2025-04-30T06:17:09Z,true,21.163080555555553,81.731945,0.0,18.3585,323.0,,0.0,1.028503200789167E7,,,true,,34,,,127.08514640632337,,160071993,15,,0,false,,,,,true,,5000776
99018,1,gt06,2025-04-30T06:17:25Z,2025-04-30T06:17:19Z,2025-04-30T06:17:19Z,true,21.163361666666667,81.73172444444445,0.0,4.31966,323.0,,0.0,1.0285070782862974E7,,,true,,34,,,38.77497130440674,,160081993,15,,0,false,,,,,true,,5000814
99019,1,gt06,2025-04-30T06:17:29Z,2025-04-30T06:17:29Z,2025-04-30T06:17:19Z,true,21.163361666666667,81.73172444444445,0.0,4.31966,323.0,,0.0,1.0285070782862974E7,,,true,4,19,,true,0.0,,160091918,,,,,,,100,70,true,false,
99020,1,gt06,2025-04-30T06:17:36Z,2025-04-30T06:17:29Z,2025-04-30T06:17:29Z,true,21.163743888888888,81.7314188888889,0.0,14.0389,322.0,,0.0,1.0285123854200017E7,,,true,,34,,,53.07133704197891,,160091993,15,,0,false,,,,,true,,5000867
99021,1,gt06,2025-04-30T06:17:45Z,2025-04-30T06:17:39Z,2025-04-30T06:17:39Z,true,21.164363888888886,81.73090222222223,0.0,18.8985,321.0,,0.0,1.0285211262924047E7,,,true,,34,,,87.40872403011777,,160101993,15,,0,false,,,,,true,,5000954
99022,1,gt06,2025-04-30T06:17:55Z,2025-04-30T06:17:49Z,2025-04-30T06:17:49Z,true,21.16489111111111,81.73042722222223,0.0,10.7991,316.0,,0.0,1.0285287918064302E7,,,true,,34,,,76.65514025536545,,160111993,15,,0,false,,,,,true,,5001030
99023,1,gt06,2025-04-30T06:18:05Z,2025-04-30T06:17:59Z,2025-04-30T06:17:59Z,true,21.165446666666668,81.72982999999999,0.0,22.6782,313.0,,0.0,1.0285375487620007E7,,,true,,34,,,87.56955570623094,,160121993,15,,0,false,,,,,true,,5001117
99024,1,gt06,2025-04-30T06:18:15Z,2025-04-30T06:18:09Z,2025-04-30T06:18:09Z,true,21.166206666666664,81.728925,0.0,27.5378,312.0,,0.0,1.0285501914826224E7,,,true,,34,,,126.42720621625342,,160131993,15,,0,false,,,,,true,,5001243
99025,1,gt06,2025-04-30T06:18:26Z,2025-04-30T06:18:19Z,2025-04-30T06:18:19Z,true,21.167096666666666,81.72784666666666,0.0,26.4579,308.0,,0.0,1.0285651402289344E7,,,true,,34,,,149.4874631205551,,160141993,15,,0,false,,,,,true,,5001392
99026,1,gt06,2025-04-30T06:18:29Z,2025-04-30T06:18:29Z,2025-04-30T06:18:19Z,true,21.167096666666666,81.72784666666666,0.0,26.4579,308.0,,0.0,1.0285651402289344E7,,,true,4,19,,true,0.0,,160151907,,,,,,,100,70,true,false,
99027,1,gt06,2025-04-30T06:18:35Z,2025-04-30T06:18:29Z,2025-04-30T06:18:29Z,true,21.167592222222225,81.72724611111111,0.0,12.959,311.0,,0.0,1.02857346478015E7,,,true,,34,,,83.24551215521127,,160151993,15,,0,false,,,,,true,,5001475
99028,1,gt06,2025-04-30T06:18:45Z,2025-04-30T06:18:39Z,2025-04-30T06:18:39Z,true,21.16812111111111,81.72658055555556,0.0,19.4385,312.0,,0.0,1.0285825421161354E7,,,true,,34,,,90.77335985313931,,160161993,15,,0,false,,,,,true,,5001565
99029,1,gt06,2025-04-30T06:18:56Z,2025-04-30T06:18:49Z,2025-04-30T06:18:49Z,true,21.168620555555556,81.72597555555555,0.0,9.71923,312.0,,0.0,1.0285909298752371E7,,,true,,34,,,83.8775910179414,,160171993,15,,0,false,,,,,true,,5001648
99030,1,gt06,2025-04-30T06:18:57Z,2025-04-30T06:18:51Z,2025-04-30T06:18:51Z,true,21.168665555555556,81.72591,0.0,5.93953,294.0,,0.0,1.0285917748860661E7,,,true,,34,,,8.450108289072052,,160173993,15,,2,false,,,,,true,,5001656
99031,1,gt06,2025-04-30T06:18:58Z,2025-04-30T06:18:52Z,2025-04-30T06:18:52Z,true,21.168678333333332,81.72588166666667,0.0,5.93953,295.0,,0.0,1.0285921015976895E7,,,true,,34,,,3.2671162342709192,,160174993,15,,2,false,,,,,true,,5001659
99032,1,gt06,2025-04-30T06:19:08Z,2025-04-30T06:19:04Z,2025-04-30T06:19:04Z,true,21.168678333333332,81.72588166666667,0.0,0.0,295.0,,0.0,1.0285921015976895E7,,,true,,34,,,0.0,,160186993,15,,14,false,,,,,false,,5001659
99033,1,gt06,2025-04-30T06:19:18Z,2025-04-30T06:19:14Z,2025-04-30T06:19:14Z,true,21.168678333333332,81.72588166666667,0.0,0.0,295.0,,0.0,1.0285921015976895E7,,,true,,34,,,0.0,,160196993,15,,14,false,,,,,false,,5001659
99034,1,gt06,2025-04-30T06:19:29Z,2025-04-30T06:19:24Z,2025-04-30T06:19:24Z,true,21.168678333333332,81.72588166666667,0.0,0.0,295.0,,0.0,1.0285921015976895E7,,,true,,34,,,0.0,,160206993,15,,14,false,,,,,false,,5001659
99035,1,gt06,2025-04-30T06:19:30Z,2025-04-30T06:19:30Z,2025-04-30T06:19:24Z,true,21.168678333333332,81.72588166666667,0.0,0.0,295.0,,0.0,1.0285921015976895E7,,,true,4,19,,true,0.0,,160212613,,,,,,,100,70,false,false,
99036,1,gt06,2025-04-30T06:19:30Z,2025-04-30T06:19:30Z,2025-04-30T06:19:24Z,true,21.168678333333332,81.72588166666667,0.0,0.0,295.0,,0.0,1.0285921015976895E7,,,,,,,,0.0,,160212613,,,,,13.98,,,,false,,
99037,1,gt06,2025-04-30T06:19:38Z,2025-04-30T06:19:32Z,2025-04-30T06:19:32Z,true,21.16883888888889,81.72563222222223,0.0,5.39957,308.0,,0.0,1.0285952479539566E7,,,true,,34,,,31.463562671906377,,160212613,15,,0,false,,,,,true,,5001690
99038,1,gt06,2025-04-30T06:19:48Z,2025-04-30T06:19:42Z,2025-04-30T06:19:42Z,true,21.169117222222223,81.72524166666666,0.0,14.0389,304.0,,0.0,1.0286003506087363E7,,,true,,34,,,51.026547797101465,,160222613,15,,0,false,,,,,true,,5001741
99039,1,gt06,2025-04-30T06:19:58Z,2025-04-30T06:19:52Z,2025-04-30T06:19:52Z,true,21.169437222222225,81.72474555555556,0.0,5.93953,304.0,,0.0,1.0286066125519674E7,,,true,,34,,,62.61943231139873,,160232613,15,,0,false,,,,,true,,5001803
99040,1,gt06,2025-04-30T06:20:08Z,2025-04-30T06:20:02Z,2025-04-30T06:20:02Z,true,21.169743333333336,81.72422611111111,0.0,16.1987,302.0,,0.0,1.0286129912436076E7,,,true,,34,,,63.78691640038556,,160242613,15,,0,false,,,,,true,,5001866
99041,1,gt06,2025-04-30T06:20:19Z,2025-04-30T06:20:12Z,2025-04-30T06:20:12Z,true,21.17027388888889,81.72336833333333,0.0,22.6782,303.0,,0.0,1.0286236762416027E7,,,true,,34,,,106.84997995190484,,160252613,15,,0,false,,,,,true,,5001972
99042,1,gt06,2025-04-30T06:20:28Z,2025-04-30T06:20:22Z,2025-04-30T06:20:22Z,true,21.170976666666668,81.72244833333333,0.0,26.4579,315.0,,0.0,1.0286360216852816E7,,,true,,34,,,123.4544367887184,,160262613,15,,0,false,,,,,true,,5002095
99043,1,gt06,2025-04-30T06:20:29Z,2025-04-30T06:20:29Z,2025-04-30T06:20:22Z,true,21.170976666666668,81.72244833333333,0.0,26.4579,315.0,,0.0,1.0286360216852816E7,,,true,4,19,,true,0.0,,160269639,,,,,,,100,70,true,false,
99044,1,gt06,2025-04-30T06:20:38Z,2025-04-30T06:20:32Z,2025-04-30T06:20:32Z,true,21.171833333333332,81.72145555555555,0.0,28.6177,312.0,,0.0,1.0286500626292849E7,,,true,,34,,,140.40944003384251,,160272613,15,,0,false,,,,,true,,5002235
99045,1,gt06,2025-04-30T06:20:49Z,2025-04-30T06:20:42Z,2025-04-30T06:20:42Z,true,21.172800555555558,81.72036611111112,0.0,30.2376,312.0,,0.0,1.028665677473575E7,,,true,,34,,,156.1484429009204,,160282613,15,,0,false,,,,,true,,5002391
99046,1,gt06,2025-04-30T06:20:58Z,2025-04-30T06:20:52Z,2025-04-30T06:20:52Z,true,21.173770555555556,81.719275,0.0,30.2376,313.0,,0.0,1.028681326119823E7,,,true,,34,,,156.4864624786935,,160292613,15,,0,false,,,,,true,,5002547
99047,1,gt06,2025-04-30T06:21:08Z,2025-04-30T06:21:02Z,2025-04-30T06:21:02Z,true,21.174737777777775,81.71814333333333,0.0,30.2376,311.0,,0.0,1.0286972611462127E7,,,true,,34,,,159.3502638968054,,160302613,15,,0,false,,,,,true,,5002706
99048,1,gt06,2025-04-30T06:21:18Z,2025-04-30T06:21:12Z,2025-04-30T06:21:12Z,true,21.175482777777777,81.71728,0.0,25.378,313.0,,0.0,1.0287094714139216E7,,,true,,34,,,122.10267708875072,,160312613,15,,0,false,,,,,true,,5002828
99049,1,gt06,2025-04-30T06:21:28Z,2025-04-30T06:21:22Z,2025-04-30T06:21:22Z,true,21.17641,81.71623333333334,0.0,30.2376,311.0,,0.0,1.028724457430477E7,,,true,,34,,,149.86016555559095,,160322613,15,,0,false,,,,,true,,5002977
99050,1,gt06,2025-04-30T06:21:29Z,2025-04-30T06:21:29Z,2025-04-30T06:21:22Z,true,21.17641,81.71623333333334,0.0,30.2376,311.0,,0.0,1.028724457430477E7,,,true,4,19,,true,0.0,,160329402,,,,,,,100,70,true,false,
99051,1,gt06,2025-04-30T06:21:39Z,2025-04-30T06:21:32Z,2025-04-30T06:21:32Z,true,21.17736888888889,81.71513722222222,0.0,29.1577,314.0,,0.0,1.0287400585957294E7,,,true,,34,,,156.01165252452833,,160332613,15,,0,false,,,,,true,,5003132
99052,1,gt06,2025-04-30T06:21:48Z,2025-04-30T06:21:42Z,2025-04-30T06:21:42Z,true,21.17830166666667,81.71407555555555,0.0,28.6177,312.0,,0.0,1.028755200117901E7,,,true,,34,,,151.41522171569872,,160342613,15,,0,false,,,,,true,,5003283
99053,1,gt06,2025-04-30T06:21:58Z,2025-04-30T06:21:52Z,2025-04-30T06:21:52Z,true,21.179235000000002,81.71305444444444,0.0,28.6177,312.0,,0.0,1.0287700423390906E7,,,true,,34,,,148.42221189604587,,160352613,15,,0,false,,,,,true,,5003431
99054,1,gt06,2025-04-30T06:22:09Z,2025-04-30T06:22:02Z,2025-04-30T06:22:02Z,true,21.180138333333336,81.71201555555555,0.0,28.0778,312.0,,0.0,1.0287847870999122E7,,,true,,34,,,147.44760821553098,,160362613,15,,0,false,,,,,true,,5003578
99055,1,gt06,2025-04-30T06:22:18Z,2025-04-30T06:22:12Z,2025-04-30T06:22:12Z,true,21.180946666666667,81.71104666666666,0.0,18.8985,308.0,,0.0,1.0287982820408123E7,,,true,,34,,,134.94940899969788,,160372613,15,,0,false,,,,,true,,5003712
99056,1,gt06,2025-04-30T06:22:28Z,2025-04-30T06:22:23Z,2025-04-30T06:22:23Z,true,21.180946666666667,81.71104666666666,0.0,0.0,308.0,,0.0,1.0287982820408123E7,,,true,,34,,,0.0,,160383613,15,,14,false,,,,,false,,5003712
99057,1,gt06,2025-04-30T06:22:29Z,2025-04-30T06:22:29Z,2025-04-30T06:22:23Z,true,21.180946666666667,81.71104666666666,0.0,0.0,308.0,,0.0,1.0287982820408123E7,,,true,4,19,,true,0.0,,160389223,,,,,,,100,70,false,false,
99058,1,gt06,2025-04-30T06:22:33Z,2025-04-30T06:22:27Z,2025-04-30T06:22:27Z,true,21.181213333333336,81.7105938888889,0.0,9.17927,283.0,,0.0,1.0288038408319695E7,,,true,,34,,,55.587911572449464,,160387613,15,,2,false,,,,,true,,5003767
99059,1,gt06,2025-04-30T06:22:34Z,2025-04-30T06:22:28Z,2025-04-30T06:22:28Z,true,21.181218333333334,81.71054611111111,0.0,9.71923,270.0,,0.0,1.0288043398742056E7,,,true,,34,,,4.990422360874216,,160388613,15,,2,false,,,,,true,,5003771
99060,1,gt06,2025-04-30T06:22:39Z,2025-04-30T06:22:33Z,2025-04-30T06:22:33Z,true,21.181239444444444,81.710335,0.0,9.17927,289.0,,0.0,1.0288065437520042E7,,,true,,34,,,22.038777986568515,,160393613,15,,2,false,,,,,true,,5003793
99061,1,gt06,2025-04-30T06:22:40Z,2025-04-30T06:22:34Z,2025-04-30T06:22:34Z,true,21.181261111111112,81.71029277777777,0.0,9.71923,307.0,,0.0,1.0288070439995265E7,,,true,,34,,,5.002475222691501,,160394613,15,,2,false,,,,,true,,5003797
99062,1,gt06,2025-04-30T06:22:43Z,2025-04-30T06:22:37Z,2025-04-30T06:22:37Z,true,21.181370555555556,81.71019277777778,0.0,11.3391,325.0,,0.0,1.0288086445462424E7,,,true,,34,,,16.00546715919381,,160397613,15,,2,false,,,,,true,,5003813
99063,1,gt06,2025-04-30T06:22:44Z,2025-04-30T06:22:38Z,2025-04-30T06:22:38Z,true,21.181419444444447,81.71016111111112,0.0,12.959,329.0,,0.0,1.028809280334057E7,,,true,,34,,,6.357878145348484,,160398613,15,,2,false,,,,,true,,5003819
99064,1,gt06,2025-04-30T06:22:54Z,2025-04-30T06:22:48Z,2025-04-30T06:22:48Z,true,21.182115,81.70963444444445,0.0,20.5184,319.0,,0.0,1.0288187585952727E7,,,true,,34,,,94.78261215837078,,160408613,15,,0,false,,,,,true,,5003913
99065,1,gt06,2025-04-30T06:23:04Z,2025-04-30T06:22:58Z,2025-04-30T06:22:58Z,true,21.18293611111111,81.70873888888889,0.0,26.4579,310.0,,0.0,1.0288317954627113E7,,,true,,34,,,130.3686743856248,,160418613,15,,0,false,,,,,true,,5004043
99066,1,gt06,2025-04-30T06:23:15Z,2025-04-30T06:23:08Z,2025-04-30T06:23:08Z,true,21.183638333333334,81.70784666666667,0.0,16.7387,310.0,,0.0,1.0288439146249477E7,,,true,,34,,,121.1916223636067,,160428613,15,,0,false,,,,,true,,5004164
99067,1,gt06,2025-04-30T06:23:24Z,2025-04-30T06:23:20Z,2025-04-30T06:23:20Z,true,21.183638333333334,81.70784666666667,0.0,0.0,310.0,,0.0,1.0288439146249477E7,,,true,,34,,,0.0,,160440613,15,,14,false,,,,,false,,5004164
99068,1,gt06,2025-04-30T06:23:29Z,2025-04-30T06:23:29Z,2025-04-30T06:23:20Z,true,21.183638333333334,81.70784666666667,0.0,0.0,310.0,,0.0,1.0288439146249477E7,,,true,4,19,,true,0.0,,160449627,,,,,,,100,70,false,false,
99071,1,gt06,2025-04-30T06:23:34Z,2025-04-30T06:23:28Z,2025-04-30T06:23:28Z,true,21.18412,81.70722388888889,0.0,9.71923,309.0,,0.0,1.0288523132225446E7,,,true,,34,,,83.98597596904362,,160448613,15,,0,false,,,,,true,,5004248
99073,1,gt06,2025-04-30T06:23:45Z,2025-04-30T06:23:38Z,2025-04-30T06:23:38Z,true,21.18457111111111,81.70664000000001,0.0,17.8186,309.0,,0.0,1.0288601839635441E7,,,true,,34,,,78.70740999538998,,160458613,15,,0,false,,,,,true,,5004326
99074,1,gt06,2025-04-30T06:23:59Z,2025-04-30T06:23:48Z,2025-04-30T06:23:48Z,true,21.185215,81.70585166666666,0.0,23.2182,311.0,,0.0,1.0288710620014202E7,,,true,,34,,,108.78037876053395,,160468613,15,,0,false,,,,,true,,5004434
99075,1,gt06,2025-04-30T06:24:04Z,2025-04-30T06:23:58Z,2025-04-30T06:23:58Z,true,21.18597388888889,81.70497,0.0,24.2981,312.0,,0.0,1.0288835164892953E7,,,true,,34,,,124.54487875175619,,160478613,15,,0,false,,,,,true,,5004558
99076,1,gt06,2025-04-30T06:24:15Z,2025-04-30T06:24:08Z,2025-04-30T06:24:08Z,true,21.18671,81.70409777777778,0.0,22.6782,311.0,,0.0,1.0288957275095817E7,,,true,,34,,,122.11020286466378,,160488613,15,,0,false,,,,,true,,5004680
99077,1,gt06,2025-04-30T06:24:24Z,2025-04-30T06:24:18Z,2025-04-30T06:24:18Z,true,21.187383888888892,81.70327166666667,0.0,21.5983,310.0,,0.0,1.0289071204652438E7,,,true,,34,,,113.92955662049145,,160498613,15,,0,false,,,,,true,,5004793
99078,1,gt06,2025-04-30T06:24:29Z,2025-04-30T06:24:29Z,2025-04-30T06:24:18Z,true,21.187383888888892,81.70327166666667,0.0,21.5983,310.0,,0.0,1.0289071204652438E7,,,true,4,19,,true,0.0,,160509606,,,,,,,100,70,true,false,
99079,1,gt06,2025-04-30T06:24:35Z,2025-04-30T06:24:28Z,2025-04-30T06:24:28Z,true,21.18785,81.702705,0.0,12.959,312.0,,0.0,1.0289149637510454E7,,,true,,34,,,78.43285801553066,,160508613,15,,0,false,,,,,true,,5004871
99080,1,gt06,2025-04-30T06:24:47Z,2025-04-30T06:24:38Z,2025-04-30T06:24:38Z,true,21.18844722222222,81.70198666666667,0.0,24.2981,312.0,,0.0,1.0289249532115195E7,,,true,,34,,,99.8946047409998,,160518613,15,,0,false,,,,,true,,5004970
99081,1,gt06,2025-04-30T06:24:54Z,2025-04-30T06:24:48Z,2025-04-30T06:24:48Z,true,21.18919777777778,81.70107999999999,0.0,24.2981,310.0,,0.0,1.0289375376597876E7,,,true,,34,,,125.84448268052567,,160528613,15,,0,false,,,,,true,,5005095
99082,1,gt06,2025-04-30T06:25:05Z,2025-04-30T06:24:58Z,2025-04-30T06:24:58Z,true,21.189936666666664,81.70018722222223,0.0,23.7581,311.0,,0.0,1.028949928046325E7,,,true,,34,,,123.90386537404433,,160538613,15,,0,false,,,,,true,,5005218
99083,1,gt06,2025-04-30T06:25:14Z,2025-04-30T06:25:08Z,2025-04-30T06:25:08Z,true,21.190657777777776,81.69931944444446,0.0,22.6782,311.0,,0.0,1.0289619929886788E7,,,true,,34,,,120.64942353758828,,160548613,15,,0,false,,,,,true,,5005338
99084,1,gt06,2025-04-30T06:25:25Z,2025-04-30T06:25:18Z,2025-04-30T06:25:18Z,true,21.191392222222223,81.69843277777778,0.0,23.7581,311.0,,0.0,1.0289743030276863E7,,,true,,34,,,123.10039007554681,,160558613,15,,0,false,,,,,true,,5005461
99085,1,gt06,2025-04-30T06:25:29Z,2025-04-30T06:25:29Z,2025-04-30T06:25:18Z,true,21.191392222222223,81.69843277777778,0.0,23.7581,311.0,,0.0,1.0289743030276863E7,,,true,4,19,,true,0.0,,160569524,,,,,,,100,70,true,false,
99086,1,gt06,2025-04-30T06:25:34Z,2025-04-30T06:25:28Z,2025-04-30T06:25:28Z,true,21.192057777777777,81.69766222222222,0.0,21.5983,311.0,,0.0,1.0289852051282538E7,,,true,,34,,,109.02100567532818,,160568613,15,,0,false,,,,,true,,5005569
99087,1,gt06,2025-04-30T06:25:44Z,2025-04-30T06:25:38Z,2025-04-30T06:25:38Z,true,21.19280722222222,81.69672666666666,0.0,23.7581,312.0,,0.0,1.0289980071057614E7,,,true,,34,,,128.0197750751332,,160578613,15,,0,false,,,,,true,,5005697
99088,1,gt06,2025-04-30T06:25:55Z,2025-04-30T06:25:48Z,2025-04-30T06:25:48Z,true,21.193630000000002,81.69574666666666,0.0,26.9979,311.0,,0.0,1.0290116946335007E7,,,true,,34,,,136.87527739168385,,160588613,15,,0,false,,,,,true,,5005833
99089,1,gt06,2025-04-30T06:26:04Z,2025-04-30T06:25:58Z,2025-04-30T06:25:58Z,true,21.194339999999997,81.69490722222223,0.0,12.959,309.0,,0.0,1.0290234580328304E7,,,true,,34,,,117.63399329808446,,160598613,15,,0,false,,,,,true,,5005950
99090,1,gt06,2025-04-30T06:26:14Z,2025-04-30T06:26:10Z,2025-04-30T06:26:10Z,true,21.194339999999997,81.69490722222223,0.0,0.0,309.0,,0.0,1.0290234580328304E7,,,true,,34,,,0.0,,160610613,15,,14,false,,,,,false,,5005950
99091,1,gt06,2025-04-30T06:26:25Z,2025-04-30T06:26:18Z,2025-04-30T06:26:18Z,true,21.194604444444444,81.69456388888888,0.0,8.63931,310.0,,0.0,1.0290280801537251E7,,,true,,34,,,46.22120894600873,,160618613,15,,0,false,,,,,true,,5005996
99092,1,gt06,2025-04-30T06:26:30Z,2025-04-30T06:26:30Z,2025-04-30T06:26:18Z,true,21.194604444444444,81.69456388888888,0.0,8.63931,310.0,,0.0,1.0290280801537251E7,,,true,4,19,,true,0.0,,160630272,,,,,,,100,70,true,false,
99093,1,gt06,2025-04-30T06:26:40Z,2025-04-30T06:26:40Z,2025-04-30T06:26:18Z,true,21.194604444444444,81.69456388888888,0.0,8.63931,310.0,,0.0,1.0290280801537251E7,,,true,4,19,,true,0.0,,160641112,,,,,,,100,70,true,false,
99094,1,gt06,2025-04-30T06:26:41Z,2025-04-30T06:26:41Z,2025-04-30T06:26:18Z,true,21.194604444444444,81.69456388888888,0.0,8.63931,310.0,,0.0,1.0290280801537251E7,,,,,,,,0.0,,160641112,,,,,13.88,,,,true,,
99095,1,gt06,2025-04-30T06:26:42Z,2025-04-30T06:26:28Z,2025-04-30T06:26:28Z,true,21.19497555555556,81.69410555555555,0.0,16.7387,309.0,,0.0,1.0290343806255685E7,,,true,,34,,,63.00471843374526,,160641112,15,,0,false,,,,,true,,5006059
99096,1,gt06,2025-04-30T06:26:43Z,2025-04-30T06:26:39Z,2025-04-30T06:26:39Z,true,21.19497555555556,81.69410555555555,0.0,0.0,309.0,,0.0,1.0290343806255685E7,,,true,,34,,,0.0,,160652112,15,,14,false,,,,,false,,5006059
99097,1,gt06,2025-04-30T06:26:55Z,2025-04-30T06:26:48Z,2025-04-30T06:26:48Z,true,21.19637777777778,81.69244611111111,0.0,24.2981,314.0,,0.0,1.0290576248391273E7,,,true,,34,,,232.44213558686184,,160661112,15,,0,false,,,,,true,,5006291
99098,1,gt06,2025-04-30T06:27:04Z,2025-04-30T06:26:58Z,2025-04-30T06:26:58Z,true,21.197157777777775,81.69153055555554,0.0,23.7581,310.0,,0.0,1.0290704968336968E7,,,true,,34,,,128.71994569441236,,160671112,15,,0,false,,,,,true,,5006419
99099,1,gt06,2025-04-30T06:27:15Z,2025-04-30T06:27:08Z,2025-04-30T06:27:08Z,true,21.197881666666664,81.690675,0.0,23.2182,311.0,,0.0,1.0290824878067223E7,,,true,,34,,,119.90973025600347,,160681112,15,,0,false,,,,,true,,5006538
99100,1,gt06,2025-04-30T06:27:24Z,2025-04-30T06:27:18Z,2025-04-30T06:27:18Z,true,21.198420555555558,81.69001666666666,0.0,5.39957,306.0,,0.0,1.0290915802063154E7,,,true,,34,,,90.92399593016977,,160691112,15,,0,false,,,,,true,,5006628
99101,1,gt06,2025-04-30T06:27:36Z,2025-04-30T06:27:30Z,2025-04-30T06:27:30Z,true,21.198420555555558,81.69001666666666,0.0,0.0,306.0,,0.0,1.0290915802063154E7,,,true,,34,,,0.0,,160703112,15,,14,false,,,,,false,,5006628
99102,1,gt06,2025-04-30T06:27:41Z,2025-04-30T06:27:41Z,2025-04-30T06:27:30Z,true,21.198420555555558,81.69001666666666,0.0,0.0,306.0,,0.0,1.0290915802063154E7,,,true,4,19,,true,0.0,,160714063,,,,,,,100,70,false,false,
99103,1,gt06,2025-04-30T06:27:45Z,2025-04-30T06:27:38Z,2025-04-30T06:27:38Z,true,21.198579444444444,81.68978222222222,0.0,8.63931,304.0,,0.0,1.029094588368152E7,,,true,,34,,,30.08161836609767,,160711112,15,,0,false,,,,,true,,5006658
99104,1,gt06,2025-04-30T06:27:54Z,2025-04-30T06:27:48Z,2025-04-30T06:27:48Z,true,21.198912777777778,81.6892338888889,0.0,15.6588,301.0,,0.0,1.0291013821935618E7,,,true,,34,,,67.93825409839401,,160721112,15,,0,false,,,,,true,,5006725
99105,1,gt06,2025-04-30T06:28:06Z,2025-04-30T06:27:58Z,2025-04-30T06:27:58Z,true,21.199343333333335,81.68841833333333,0.0,21.5983,296.0,,0.0,1.029111109345596E7,,,true,,34,,,97.27152034155824,,160731112,15,,0,false,,,,,true,,5006822
99106,1,gt06,2025-04-30T06:28:14Z,2025-04-30T06:28:08Z,2025-04-30T06:28:08Z,true,21.199740555555557,81.6875488888889,0.0,19.4385,293.0,,0.0,1.029121158160453E7,,,true,,34,,,100.48814857049202,,160741112,15,,0,false,,,,,true,,5006922
99107,1,gt06,2025-04-30T06:28:24Z,2025-04-30T06:28:18Z,2025-04-30T06:28:18Z,true,21.20022222222222,81.6865211111111,0.0,23.7581,297.0,,0.0,1.0291330968413893E7,,,true,,34,,,119.38680936387509,,160751112,15,,0,false,,,,,true,,5007041
99109,1,gt06,2025-04-30T06:28:35Z,2025-04-30T06:28:28Z,2025-04-30T06:28:28Z,true,21.200746666666667,81.68540555555555,0.0,26.4579,295.0,,0.0,1.0291460633287737E7,,,true,,34,,,129.66487384336176,,160761112,15,,0,false,,,,,true,,5007170
99110,1,gt06,2025-04-30T06:28:41Z,2025-04-30T06:28:41Z,2025-04-30T06:28:28Z,true,21.200746666666667,81.68540555555555,0.0,26.4579,295.0,,0.0,1.0291460633287737E7,,,true,4,19,,true,0.0,,160774063,,,,,,,100,70,true,false,
99111,1,gt06,2025-04-30T06:28:44Z,2025-04-30T06:28:38Z,2025-04-30T06:28:38Z,true,21.20132444444444,81.68417111111111,0.0,26.9979,296.0,,0.0,1.0291603988583755E7,,,true,,34,,,143.35529601706097,,160771112,15,,0,false,,,,,true,,5007313
99112,1,gt06,2025-04-30T06:28:58Z,2025-04-30T06:28:50Z,2025-04-30T06:28:50Z,true,21.20132444444444,81.68417111111111,0.0,0.0,296.0,,0.0,1.0291603988583755E7,,,true,,34,,,0.0,,160783112,15,,14,false,,,,,false,,5007313
99113,1,gt06,2025-04-30T06:29:00Z,2025-04-30T06:29:00Z,2025-04-30T06:28:50Z,true,21.20132444444444,81.68417111111111,0.0,0.0,296.0,,0.0,1.0291603988583755E7,,,true,4,19,,true,0.0,,160793232,,,,,,,100,70,false,false,
99114,1,gt06,2025-04-30T06:29:01Z,2025-04-30T06:29:01Z,2025-04-30T06:28:50Z,true,21.20132444444444,81.68417111111111,0.0,0.0,296.0,,0.0,1.0291603988583755E7,,,,,,,,0.0,,160793232,,,,,13.83,,,,false,,
99115,1,gt06,2025-04-30T06:29:01Z,2025-04-30T06:28:50Z,2025-04-30T06:28:50Z,true,21.20132444444444,81.68417111111111,0.0,0.0,296.0,,0.0,1.0291603988583755E7,,,true,,34,,,0.0,,160793232,15,,14,false,,,,,false,,5007313
99116,1,gt06,2025-04-30T06:29:05Z,2025-04-30T06:29:00Z,2025-04-30T06:29:00Z,true,21.20132444444444,81.68417111111111,0.0,0.0,296.0,,0.0,1.0291603988583755E7,,,true,,34,,,0.0,,160803232,15,,14,false,,,,,false,,5007313
99117,1,gt06,2025-04-30T06:29:14Z,2025-04-30T06:29:08Z,2025-04-30T06:29:08Z,true,21.201942777777777,81.68285166666666,0.0,7.01944,292.0,,0.0,1.0291757252939034E7,,,true,,34,,,153.26435527938656,,160811232,15,,0,false,,,,,true,,5007466
99118,1,gt06,2025-04-30T06:29:24Z,2025-04-30T06:29:18Z,2025-04-30T06:29:18Z,true,21.202080000000002,81.6825238888889,0.0,9.71923,294.0,,0.0,1.0291794543425474E7,,,true,,34,,,37.290486439331644,,160821232,15,,0,false,,,,,true,,5007503
99119,1,gt06,2025-04-30T06:29:36Z,2025-04-30T06:29:36Z,2025-04-30T06:29:18Z,true,21.202080000000002,81.6825238888889,0.0,9.71923,294.0,,0.0,1.0291794543425474E7,,,true,4,19,,true,0.0,,160839208,,,,,,,100,70,true,false,
99120,1,gt06,2025-04-30T06:29:37Z,2025-04-30T06:29:37Z,2025-04-30T06:29:18Z,true,21.202080000000002,81.6825238888889,0.0,9.71923,294.0,,0.0,1.0291794543425474E7,,,,,,,,0.0,,160839208,,,,,13.93,,,,true,,
99121,1,gt06,2025-04-30T06:29:37Z,2025-04-30T06:29:28Z,2025-04-30T06:29:28Z,true,21.202354444444442,81.68192333333334,0.0,16.1987,297.0,,0.0,1.0291863956466662E7,,,true,,34,,,69.41304118768298,,160839208,15,,0,false,,,,,true,,5007572
99122,1,gt06,2025-04-30T06:29:44Z,2025-04-30T06:29:40Z,2025-04-30T06:29:40Z,true,21.202354444444442,81.68192333333334,0.0,0.0,297.0,,0.0,1.0291863956466662E7,,,true,,34,,,0.0,,160851208,15,,14,false,,,,,false,,5007572
99123,1,gt06,2025-04-30T06:29:55Z,2025-04-30T06:29:48Z,2025-04-30T06:29:48Z,true,21.20302888888889,81.68049722222221,0.0,14.0389,297.0,,0.0,1.029202991736182E7,,,true,,34,,,165.9608951590497,,160859208,15,,0,false,,,,,true,,5007737
99124,1,gt06,2025-04-30T06:30:04Z,2025-04-30T06:30:00Z,2025-04-30T06:30:00Z,true,21.20302888888889,81.68049722222221,0.0,0.0,297.0,,0.0,1.029202991736182E7,,,true,,34,,,0.0,,160871208,15,,14,false,,,,,false,,5007737
99125,1,gt06,2025-04-30T06:30:10Z,2025-04-30T06:30:02Z,2025-04-30T06:30:02Z,true,21.203210555555554,81.68009555555555,0.0,4.31966,317.0,,0.0,1.0292076250168867E7,,,true,,34,,,46.33280704789552,,160873208,15,,2,false,,,,,true,,5007783
99126,1,gt06,2025-04-30T06:30:11Z,2025-04-30T06:30:03Z,2025-04-30T06:30:03Z,true,21.203228333333332,81.68007666666666,0.0,5.39957,313.0,,0.0,1.0292079035754705E7,,,true,,34,,,2.785585837114435,,160874208,15,,2,false,,,,,true,,5007785
99127,1,gt06,2025-04-30T06:30:19Z,2025-04-30T06:30:13Z,2025-04-30T06:30:13Z,true,21.203467222222223,81.67959111111111,0.0,17.8186,296.0,,0.0,1.0292136014739737E7,,,true,,34,,,56.97898503257686,,160884208,15,,0,false,,,,,true,,5007841
99128,1,gt06,2025-04-30T06:30:29Z,2025-04-30T06:30:23Z,2025-04-30T06:30:23Z,true,21.20387333333333,81.67871944444445,0.0,22.1382,298.0,,0.0,1.029223714621564E7,,,true,,34,,,101.131475902835,,160894208,15,,0,false,,,,,true,,5007942
99129,1,gt06,2025-04-30T06:30:37Z,2025-04-30T06:30:37Z,2025-04-30T06:30:23Z,true,21.20387333333333,81.67871944444445,0.0,22.1382,298.0,,0.0,1.029223714621564E7,,,true,4,19,,true,0.0,,160907776,,,,,,,100,70,true,false,
99130,1,gt06,2025-04-30T06:30:39Z,2025-04-30T06:30:33Z,2025-04-30T06:30:33Z,true,21.204347777777777,81.67770833333333,0.0,22.6782,297.0,,0.0,1.0292354623843709E7,,,true,,34,,,117.47762806905,,160904208,15,,0,false,,,,,true,,5008059
99131,1,gt06,2025-04-30T06:30:49Z,2025-04-30T06:30:43Z,2025-04-30T06:30:43Z,true,21.20482333333333,81.67669500000001,0.0,21.0583,297.0,,0.0,1.0292472362784404E7,,,true,,34,,,117.73894069562104,,160914208,15,,0,false,,,,,true,,5008176
99132,1,gt06,2025-04-30T06:31:00Z,2025-04-30T06:30:53Z,2025-04-30T06:30:53Z,true,21.20524611111111,81.67582555555555,0.0,17.2786,300.0,,0.0,1.029257413185757E7,,,true,,34,,,101.7690731668024,,160924208,15,,0,false,,,,,true,,5008277
99133,1,gt06,2025-04-30T06:31:09Z,2025-04-30T06:31:03Z,2025-04-30T06:31:03Z,true,21.205626111111112,81.67502277777777,0.0,17.2786,297.0,,0.0,1.0292667569595858E7,,,true,,34,,,93.43773828781033,,160934208,15,,0,false,,,,,true,,5008370
99134,1,gt06,2025-04-30T06:31:19Z,2025-04-30T06:31:13Z,2025-04-30T06:31:13Z,true,21.206039444444446,81.67418166666667,0.0,19.9784,297.0,,0.0,1.0292766245804066E7,,,true,,34,,,98.67620820740837,,160944208,15,,0,false,,,,,true,,5008468
99135,1,gt06,2025-04-30T06:31:30Z,2025-04-30T06:31:23Z,2025-04-30T06:31:23Z,true,21.206502222222223,81.67331277777778,0.0,19.9784,300.0,,0.0,1.0292870098389816E7,,,true,,34,,,103.852585749711,,160954208,15,,0,false,,,,,true,,5008571
99136,1,gt06,2025-04-30T06:31:36Z,2025-04-30T06:31:36Z,2025-04-30T06:31:23Z,true,21.206502222222223,81.67331277777778,0.0,19.9784,300.0,,0.0,1.0292870098389816E7,,,true,4,19,,true,0.0,,160967487,,,,,,,100,70,true,false,
99137,1,gt06,2025-04-30T06:31:39Z,2025-04-30T06:31:33Z,2025-04-30T06:31:33Z,true,21.20697,81.67243833333333,0.0,23.2182,301.0,,0.0,1.0292974727640439E7,,,true,,34,,,104.62925062304667,,160964208,15,,0,false,,,,,true,,5008675
99138,1,gt06,2025-04-30T06:31:49Z,2025-04-30T06:31:43Z,2025-04-30T06:31:43Z,true,21.20762277777778,81.67131722222221,0.0,24.2981,299.0,,0.0,1.029311190535115E7,,,true,,34,,,137.17771071151682,,160974208,15,,0,false,,,,,true,,5008812
99139,1,gt06,2025-04-30T06:31:59Z,2025-04-30T06:31:53Z,2025-04-30T06:31:53Z,true,21.208160555555555,81.67039611111112,0.0,23.2182,302.0,,0.0,1.0293224696695412E7,,,true,,34,,,112.79134426112667,,160984208,15,,0,false,,,,,true,,5008924
99140,1,gt06,2025-04-30T06:32:09Z,2025-04-30T06:32:03Z,2025-04-30T06:32:03Z,true,21.208786666666665,81.66932,0.0,26.9979,301.0,,0.0,1.0293356340096546E7,,,true,,34,,,131.64340113393806,,160994208,15,,0,false,,,,,true,,5009055
99141,1,gt06,2025-04-30T06:32:20Z,2025-04-30T06:32:13Z,2025-04-30T06:32:13Z,true,21.209485,81.66811111111112,0.0,28.6177,300.0,,0.0,1.029350393027752E7,,,true,,34,,,147.59018097389145,,161004208,15,,0,false,,,,,true,,5009202
99142,1,gt06,2025-04-30T06:32:29Z,2025-04-30T06:32:23Z,2025-04-30T06:32:23Z,true,21.21008,81.66704777777777,0.0,17.2786,300.0,,0.0,1.0293632633673597E7,,,true,,34,,,128.7033960757073,,161014208,15,,0,false,,,,,true,,5009330
99143,1,gt06,2025-04-30T06:32:37Z,2025-04-30T06:32:37Z,2025-04-30T06:32:23Z,true,21.21008,81.66704777777777,0.0,17.2786,300.0,,0.0,1.0293632633673597E7,,,true,4,19,,true,0.0,,161027839,,,,,,,100,70,true,false,
99144,1,gt06,2025-04-30T06:32:38Z,2025-04-30T06:32:33Z,2025-04-30T06:32:33Z,true,21.21030055555556,81.66666666666667,0.0,7.5594,302.0,,0.0,1.0293679185841437E7,,,true,,34,,,46.552167840768526,,161024208,15,,0,false,,,,,true,,5009376
99145,1,gt06,2025-04-30T06:32:49Z,2025-04-30T06:32:43Z,2025-04-30T06:32:43Z,true,21.210686111111112,81.66601444444444,0.0,18.8985,302.0,,0.0,1.0293759333140299E7,,,true,,34,,,80.14729886090338,,161034208,15,,0,false,,,,,true,,5009456
99146,1,gt06,2025-04-30T06:32:59Z,2025-04-30T06:32:53Z,2025-04-30T06:32:53Z,true,21.211308333333335,81.66495666666667,0.0,27.5378,302.0,,0.0,1.0293889133247858E7,,,true,,34,,,129.80010755922515,,161044208,15,,0,false,,,,,true,,5009585
99147,1,gt06,2025-04-30T06:33:10Z,2025-04-30T06:33:03Z,2025-04-30T06:33:03Z,true,21.21204111111111,81.6636938888889,0.0,32.9374,301.0,,0.0,1.0294043495345194E7,,,true,,34,,,154.36209733645015,,161054208,15,,0,false,,,,,true,,5009739
99148,1,gt06,2025-04-30T06:33:19Z,2025-04-30T06:33:13Z,2025-04-30T06:33:13Z,true,21.21291111111111,81.66217888888889,0.0,37.797,302.0,,0.0,1.0294228152739087E7,,,true,,34,,,184.65739389305068,,161064208,15,,0,false,,,,,true,,5009923
99149,1,gt06,2025-04-30T06:33:29Z,2025-04-30T06:33:23Z,2025-04-30T06:33:23Z,true,21.21374777777778,81.66072666666666,0.0,24.838,300.0,,0.0,1.0294405316488167E7,,,true,,34,,,177.16374908094656,,161074208,15,,0,false,,,,,true,,5010100
99152,1,gt06,2025-04-30T06:33:36Z,2025-04-30T06:33:36Z,2025-04-30T06:33:23Z,true,21.21374777777778,81.66072666666666,0.0,24.838,300.0,,0.0,1.0294405316488167E7,,,true,4,19,,true,0.0,,161087701,,,,,,,100,70,true,false,
99153,1,gt06,2025-04-30T06:33:41Z,2025-04-30T06:33:33Z,2025-04-30T06:33:33Z,true,21.214063888888887,81.66018666666668,0.0,8.63931,302.0,,0.0,1.0294471487970514E7,,,true,,34,,,66.17148234737395,,161084208,15,,0,false,,,,,true,,5010166
99154,1,gt06,2025-04-30T06:33:49Z,2025-04-30T06:33:43Z,2025-04-30T06:33:43Z,true,21.214435,81.65956666666666,0.0,15.6588,302.0,,0.0,1.0294547949964471E7,,,true,,34,,,76.46199395760627,,161094208,15,,0,false,,,,,true,,5010242
99155,1,gt06,2025-04-30T06:33:59Z,2025-04-30T06:33:53Z,2025-04-30T06:33:53Z,true,21.214872222222223,81.65881222222222,0.0,22.6782,301.0,,0.0,1.0294640138209285E7,,,true,,34,,,92.188244814611,,161104208,15,,0,false,,,,,true,,5010334
99156,1,gt06,2025-04-30T06:34:10Z,2025-04-30T06:34:03Z,2025-04-30T06:34:03Z,true,21.21547,81.65777277777777,0.0,22.6782,301.0,,0.0,1.0294766881097658E7,,,true,,34,,,126.74288837299407,,161114208,15,,0,false,,,,,true,,5010460
99157,1,gt06,2025-04-30T06:34:20Z,2025-04-30T06:34:13Z,2025-04-30T06:34:13Z,true,21.215860000000003,81.65709111111111,0.0,5.93953,302.0,,0.0,1.0294849880797073E7,,,true,,34,,,82.99969941627386,,161124208,15,,0,false,,,,,true,,5010542
99158,1,gt06,2025-04-30T06:34:30Z,2025-04-30T06:34:23Z,2025-04-30T06:34:23Z,true,21.216159444444443,81.65656611111112,0.0,16.1987,299.0,,0.0,1.0294913751018621E7,,,true,,34,,,63.87022154706731,,161134208,15,,0,false,,,,,true,,5010605
99159,1,gt06,2025-04-30T06:34:37Z,2025-04-30T06:34:37Z,2025-04-30T06:34:23Z,true,21.216159444444443,81.65656611111112,0.0,16.1987,299.0,,0.0,1.0294913751018621E7,,,true,4,19,,true,0.0,,161147799,,,,,,,100,70,true,false,
99160,1,gt06,2025-04-30T06:34:40Z,2025-04-30T06:34:35Z,2025-04-30T06:34:35Z,true,21.216159444444443,81.65656611111112,0.0,0.0,299.0,,0.0,1.0294913751018621E7,,,true,,34,,,0.0,,161146208,15,,14,false,,,,,false,,5010605
99161,1,gt06,2025-04-30T06:34:49Z,2025-04-30T06:34:45Z,2025-04-30T06:34:45Z,true,21.216159444444443,81.65656611111112,0.0,0.0,299.0,,0.0,1.0294913751018621E7,,,true,,34,,,0.0,,161156208,15,,14,false,,,,,false,,5010605
99162,1,gt06,2025-04-30T06:35:00Z,2025-04-30T06:34:53Z,2025-04-30T06:34:53Z,true,21.216587777777775,81.65578833333333,0.0,9.17927,301.0,,0.0,1.0295007496434342E7,,,true,,34,,,93.74541572059121,,161164208,15,,0,false,,,,,true,,5010698
99163,1,gt06,2025-04-30T06:35:09Z,2025-04-30T06:35:03Z,2025-04-30T06:35:03Z,true,21.216957777777775,81.65517555555556,0.0,17.8186,302.0,,0.0,1.029508326060523E7,,,true,,34,,,75.76417088901994,,161174208,15,,0,false,,,,,true,,5010773
99164,1,gt06,2025-04-30T06:35:19Z,2025-04-30T06:35:13Z,2025-04-30T06:35:13Z,true,21.217307777777776,81.6545688888889,0.0,5.93953,299.0,,0.0,1.0295157297706509E7,,,true,,34,,,74.03710127741638,,161184208,15,,0,false,,,,,true,,5010847
99165,1,gt06,2025-04-30T06:35:30Z,2025-04-30T06:35:23Z,2025-04-30T06:35:23Z,true,21.21757444444444,81.65412444444445,0.0,13.4989,306.0,,0.0,1.0295212146689806E7,,,true,,34,,,54.84898329720858,,161194208,15,,0,false,,,,,true,,5010901
99166,1,gt06,2025-04-30T06:35:37Z,2025-04-30T06:35:37Z,2025-04-30T06:35:23Z,true,21.21757444444444,81.65412444444445,0.0,13.4989,306.0,,0.0,1.0295212146689806E7,,,true,4,19,,true,0.0,,161207798,,,,,,,100,70,true,false,
99167,1,gt06,2025-04-30T06:35:40Z,2025-04-30T06:35:33Z,2025-04-30T06:35:33Z,true,21.218007222222223,81.65341500000001,0.0,21.5983,301.0,,0.0,1.0295300130181614E7,,,true,,34,,,87.98349180823945,,161204208,15,,0,false,,,,,true,,5010988
99168,1,gt06,2025-04-30T06:35:50Z,2025-04-30T06:35:43Z,2025-04-30T06:35:43Z,true,21.218556666666665,81.65248722222222,0.0,21.0583,301.0,,0.0,1.029541419385031E7,,,true,,34,,,114.063668696081,,161214208,15,,0,false,,,,,true,,5011102
99169,1,gt06,2025-04-30T06:35:59Z,2025-04-30T06:35:53Z,2025-04-30T06:35:53Z,true,21.219031666666666,81.65166722222222,0.0,17.2786,300.0,,0.0,1.0295514377984816E7,,,true,,34,,,100.18413450611223,,161224208,15,,0,false,,,,,true,,5011202
99170,1,gt06,2025-04-30T06:36:09Z,2025-04-30T06:36:03Z,2025-04-30T06:36:03Z,true,21.21925722222222,81.65125277777778,0.0,5.93953,301.0,,0.0,1.0295564178844966E7,,,true,,34,,,49.80086014925114,,161234208,15,,0,false,,,,,true,,5011251
99171,1,gt06,2025-04-30T06:36:20Z,2025-04-30T06:36:13Z,2025-04-30T06:36:13Z,true,21.219490555555556,81.650845,0.0,9.71923,298.0,,0.0,1.0295613830838885E7,,,true,,34,,,49.651993919501976,,161244208,15,,0,false,,,,,true,,5011300
99172,1,gt06,2025-04-30T06:36:36Z,2025-04-30T06:36:31Z,2025-04-30T06:36:31Z,true,21.219490555555556,81.650845,0.0,0.0,298.0,,0.0,1.0295613830838885E7,,,true,,34,,,0.0,,161262208,15,,14,false,,,,,false,,5011300
99173,1,gt06,2025-04-30T06:36:37Z,2025-04-30T06:36:37Z,2025-04-30T06:36:31Z,true,21.219490555555556,81.650845,0.0,0.0,298.0,,0.0,1.0295613830838885E7,,,true,4,19,,true,0.0,,161267758,,,,,,,100,70,false,false,
99174,1,gt06,2025-04-30T06:36:45Z,2025-04-30T06:36:41Z,2025-04-30T06:36:41Z,true,21.219490555555556,81.650845,0.0,0.0,298.0,,0.0,1.0295613830838885E7,,,true,,34,,,0.0,,161272208,15,,14,false,,,,,false,,5011300
99175,1,gt06,2025-04-30T06:36:55Z,2025-04-30T06:36:51Z,2025-04-30T06:36:51Z,true,21.219490555555556,81.650845,0.0,0.0,298.0,,0.0,1.0295613830838885E7,,,true,,34,,,0.0,,161282208,15,,14,false,,,,,false,,5011300
99176,1,gt06,2025-04-30T06:37:06Z,2025-04-30T06:37:01Z,2025-04-30T06:37:01Z,true,21.219490555555556,81.650845,0.0,0.0,298.0,,0.0,1.0295613830838885E7,,,true,,34,,,0.0,,161292208,15,,14,false,,,,,false,,5011300
99177,1,gt06,2025-04-30T06:37:15Z,2025-04-30T06:37:11Z,2025-04-30T06:37:11Z,true,21.219490555555556,81.650845,0.0,0.0,298.0,,0.0,1.0295613830838885E7,,,true,,34,,,0.0,,161302208,15,,14,false,,,,,false,,5011300
99178,1,gt06,2025-04-30T06:37:25Z,2025-04-30T06:37:20Z,2025-04-30T06:37:20Z,true,21.219490555555556,81.650845,0.0,0.0,298.0,,0.0,1.0295613830838885E7,,,true,,34,,,0.0,,161311208,15,,14,false,,,,,false,,5011300
99179,1,gt06,2025-04-30T06:37:35Z,2025-04-30T06:37:31Z,2025-04-30T06:37:31Z,true,21.219490555555556,81.650845,0.0,0.0,298.0,,0.0,1.0295613830838885E7,,,true,,34,,,0.0,,161322208,15,,14,false,,,,,false,,5011300
99180,1,gt06,2025-04-30T06:37:36Z,2025-04-30T06:37:36Z,2025-04-30T06:37:31Z,true,21.219490555555556,81.650845,0.0,0.0,298.0,,0.0,1.0295613830838885E7,,,true,4,19,,true,0.0,,161327678,,,,,,,100,70,false,false,
99181,1,gt06,2025-04-30T06:37:40Z,2025-04-30T06:37:33Z,2025-04-30T06:37:33Z,true,21.21963388888889,81.65059833333333,0.0,3.7797,305.0,,0.0,1.0295643993718417E7,,,true,,34,,,30.162879532885896,,161324208,15,,2,false,,,,,true,,5011330
99182,1,gt06,2025-04-30T06:37:49Z,2025-04-30T06:37:43Z,2025-04-30T06:37:43Z,true,21.219844444444444,81.65024666666666,0.0,10.7991,301.0,,0.0,1.029568736574137E7,,,true,,34,,,43.37202295206772,,161334208,15,,0,false,,,,,true,,5011373
99183,1,gt06,2025-04-30T06:37:59Z,2025-04-30T06:37:53Z,2025-04-30T06:37:53Z,true,21.220111111111112,81.64975722222222,0.0,9.17927,299.0,,0.0,1.0295746195048774E7,,,true,,34,,,58.82930740399995,,161344208,15,,0,false,,,,,true,,5011431
99184,1,gt06,2025-04-30T06:38:07Z,2025-04-30T06:37:59Z,2025-04-30T06:37:59Z,true,21.220179444444444,81.64957666666666,0.0,4.85961,278.0,,0.0,1.0295766416871676E7,,,true,,34,,,20.221822901832258,,161350208,15,,2,false,,,,,true,,5011451
99185,1,gt06,2025-04-30T06:38:11Z,2025-04-30T06:38:00Z,2025-04-30T06:38:00Z,true,21.220180555555554,81.64955222222223,0.0,4.31966,266.0,,0.0,1.0295768956525195E7,,,true,,34,,,2.539653518668474,,161351208,15,,2,false,,,,,true,,5011453
99186,1,gt06,2025-04-30T06:38:12Z,2025-04-30T06:38:03Z,2025-04-30T06:38:03Z,true,21.220168333333334,81.649485,0.0,4.31966,246.0,,0.0,1.0295776063731147E7,,,true,,34,,,7.107205951757307,,161354208,15,,2,false,,,,,true,,5011460
99187,1,gt06,2025-04-30T06:38:16Z,2025-04-30T06:38:10Z,2025-04-30T06:38:10Z,true,21.220077777777778,81.64936388888889,0.0,5.93953,224.0,,0.0,1.0295792174926562E7,,,true,,34,,,16.111195414436356,,161361208,15,,2,false,,,,,true,,5011476
99188,1,gt06,2025-04-30T06:38:17Z,2025-04-30T06:38:11Z,2025-04-30T06:38:11Z,true,21.220055000000002,81.64934055555555,0.0,6.47948,224.0,,0.0,1.0295795680951046E7,,,true,,34,,,3.5060244829257297,,161362208,15,,2,false,,,,,true,,5011479
99189,1,gt06,2025-04-30T06:38:28Z,2025-04-30T06:38:21Z,2025-04-30T06:38:21Z,true,21.219688333333334,81.64890944444444,0.0,14.0389,227.0,,0.0,1.0295856240475692E7,,,true,,34,,,60.55952464571681,,161372208,15,,0,false,,,,,true,,5011539
99191,1,gt06,2025-04-30T06:38:48Z,2025-04-30T06:38:48Z,2025-04-30T06:38:21Z,true,21.219688333333334,81.64890944444444,0.0,14.0389,227.0,,0.0,1.0295856240475692E7,,,true,4,19,,true,0.0,,161399300,,,,,,,100,70,true,false,
99192,1,gt06,2025-04-30T06:38:50Z,2025-04-30T06:38:31Z,2025-04-30T06:38:31Z,true,21.219226111111112,81.64835333333333,0.0,15.1188,227.0,,0.0,1.0295933557092313E7,,,true,,34,,,77.31661662020674,,161382208,15,,0,false,,,,,true,,5011616
99193,1,gt06,2025-04-30T06:38:50Z,2025-04-30T06:38:41Z,2025-04-30T06:38:41Z,true,21.218700555555557,81.64762277777777,0.0,18.3585,233.0,,0.0,1.0296029318141695E7,,,true,,34,,,95.76104938305568,,161392208,15,,0,false,,,,,true,,5011711
99194,1,gt06,2025-04-30T06:38:58Z,2025-04-30T06:38:51Z,2025-04-30T06:38:51Z,true,21.21828888888889,81.64681944444445,0.0,18.8985,243.0,,0.0,1.0296124447806627E7,,,true,,34,,,95.12966493170954,,161402208,15,,0,false,,,,,true,,5011806
99195,1,gt06,2025-04-30T06:39:07Z,2025-04-30T06:39:01Z,2025-04-30T06:39:01Z,true,21.218015555555557,81.64609777777777,0.0,9.17927,251.0,,0.0,1.0296205282621676E7,,,true,,34,,,80.83481504974101,,161412208,15,,0,false,,,,,true,,5011886
99196,1,gt06,2025-04-30T06:39:18Z,2025-04-30T06:39:11Z,2025-04-30T06:39:11Z,true,21.21783888888889,81.64557555555555,0.0,11.3391,250.0,,0.0,1.0296262933425393E7,,,true,,34,,,57.650803716047726,,161422208,15,,0,false,,,,,true,,5011943
99197,1,gt06,2025-04-30T06:39:27Z,2025-04-30T06:39:23Z,2025-04-30T06:39:23Z,true,21.21783888888889,81.64557555555555,0.0,0.0,250.0,,0.0,1.0296262933425393E7,,,true,,34,,,0.0,,161434208,15,,14,false,,,,,false,,5011943
99198,1,gt06,2025-04-30T06:39:34Z,2025-04-30T06:39:27Z,2025-04-30T06:39:27Z,true,21.217760555555554,81.64526777777778,0.0,8.09935,269.0,,0.0,1.0296296041520655E7,,,true,,34,,,33.10809526192998,,161438208,15,,2,false,,,,,true,,5011976
99199,1,gt06,2025-04-30T06:39:35Z,2025-04-30T06:39:28Z,2025-04-30T06:39:28Z,true,21.217761111111113,81.64522222222222,0.0,9.71923,273.0,,0.0,1.0296300769376727E7,,,true,,34,,,4.727856071478776,,161439208,15,,2,false,,,,,true,,5011980
99200,1,gt06,2025-04-30T06:39:36Z,2025-04-30T06:39:36Z,2025-04-30T06:39:28Z,true,21.217761111111113,81.64522222222222,0.0,9.71923,273.0,,0.0,1.0296300769376727E7,,,true,4,19,,true,0.0,,161447275,,,,,,,100,70,true,false,
99201,1,gt06,2025-04-30T06:39:37Z,2025-04-30T06:39:37Z,2025-04-30T06:39:28Z,true,21.217761111111113,81.64522222222222,0.0,9.71923,273.0,,0.0,1.0296300769376727E7,,,,,,,,0.0,,161447275,,,,,13.88,,,,true,,
99202,1,gt06,2025-04-30T06:39:43Z,2025-04-30T06:39:36Z,2025-04-30T06:39:36Z,true,21.217725,81.64481444444444,0.0,14.0389,252.0,,0.0,1.0296343276344387E7,,,true,,34,,,42.506967659163784,,161447275,15,,2,false,,,,,true,,5012022
99203,1,gt06,2025-04-30T06:39:44Z,2025-04-30T06:39:37Z,2025-04-30T06:39:37Z,true,21.217703333333333,81.64474555555556,0.0,14.5788,250.0,,0.0,1.029635082108828E7,,,true,,34,,,7.5447438939250695,,161448275,15,,2,false,,,,,true,,5012029
99204,1,gt06,2025-04-30T06:39:58Z,2025-04-30T06:39:47Z,2025-04-30T06:39:47Z,true,21.217475555555556,81.64397666666666,0.0,18.8985,252.0,,0.0,1.029643454334489E7,,,true,,34,,,83.72225661059932,,161458275,15,,0,false,,,,,true,,5012112
99205,1,gt06,2025-04-30T06:40:04Z,2025-04-30T06:39:57Z,2025-04-30T06:39:57Z,true,21.21719388888889,81.64295333333334,0.0,22.6782,252.0,,0.0,1.029654527055847E7,,,true,,34,,,110.72721358031679,,161468275,15,,0,false,,,,,true,,5012222
99206,1,gt06,2025-04-30T06:40:14Z,2025-04-30T06:40:07Z,2025-04-30T06:40:07Z,true,21.216868333333334,81.6418238888889,0.0,23.2182,251.0,,0.0,1.029666795233291E7,,,true,,34,,,122.68177443968469,,161478275,15,,0,false,,,,,true,,5012344
99207,1,gt06,2025-04-30T06:40:26Z,2025-04-30T06:40:17Z,2025-04-30T06:40:17Z,true,21.21654611111111,81.64071111111112,0.0,22.6782,253.0,,0.0,1.0296788872458678E7,,,true,,34,,,120.92012576832836,,161488275,15,,0,false,,,,,true,,5012464
99208,1,gt06,2025-04-30T06:40:36Z,2025-04-30T06:40:27Z,2025-04-30T06:40:27Z,true,21.216249444444443,81.63966666666667,0.0,21.0583,253.0,,0.0,1.029690217852392E7,,,true,,34,,,113.30606524323792,,161498275,15,,0,false,,,,,true,,5012577
99209,1,gt06,2025-04-30T06:40:40Z,2025-04-30T06:40:40Z,2025-04-30T06:40:27Z,true,21.216249444444443,81.63966666666667,0.0,21.0583,253.0,,0.0,1.029690217852392E7,,,true,4,19,,true,0.0,,161511031,,,,,,,100,70,true,false,
99210,1,gt06,2025-04-30T06:40:43Z,2025-04-30T06:40:37Z,2025-04-30T06:40:37Z,true,21.215958333333333,81.63864555555556,0.0,20.5184,253.0,,0.0,1.029701298832927E7,,,true,,34,,,110.80980534976747,,161508275,15,,0,false,,,,,true,,5012687
99211,1,gt06,2025-04-30T06:40:53Z,2025-04-30T06:40:47Z,2025-04-30T06:40:47Z,true,21.21567888888889,81.63769444444445,0.0,17.2786,251.0,,0.0,1.0297116475637587E7,,,true,,34,,,103.48730831507224,,161518275,15,,0,false,,,,,true,,5012790
99212,1,gt06,2025-04-30T06:41:03Z,2025-04-30T06:40:57Z,2025-04-30T06:40:57Z,true,21.215453333333333,81.63696944444445,0.0,14.5788,253.0,,0.0,1.0297195791597573E7,,,true,,34,,,79.31595998552197,,161528275,15,,0,false,,,,,true,,5012869
99213,1,gt06,2025-04-30T06:41:13Z,2025-04-30T06:41:09Z,2025-04-30T06:41:09Z,true,21.215453333333333,81.63696944444445,0.0,0.0,253.0,,0.0,1.0297195791597573E7,,,true,,34,,,0.0,,161540275,15,,14,false,,,,,false,,5012869
99214,1,gt06,2025-04-30T06:41:24Z,2025-04-30T06:41:19Z,2025-04-30T06:41:19Z,true,21.215453333333333,81.63696944444445,0.0,0.0,253.0,,0.0,1.0297195791597573E7,,,true,,34,,,0.0,,161550275,15,,14,false,,,,,false,,5012869
99215,1,gt06,2025-04-30T06:41:33Z,2025-04-30T06:41:27Z,2025-04-30T06:41:27Z,true,21.2153,81.63644888888889,0.0,9.17927,252.0,,0.0,1.0297252444766E7,,,true,,34,,,56.65316842598545,,161558275,15,,0,false,,,,,true,,5012925
99216,1,gt06,2025-04-30T06:41:36Z,2025-04-30T06:41:36Z,2025-04-30T06:41:27Z,true,21.2153,81.63644888888889,0.0,9.17927,252.0,,0.0,1.0297252444766E7,,,true,4,19,,true,0.0,,161567763,,,,,,,100,70,true,false,
99217,1,gt06,2025-04-30T06:41:43Z,2025-04-30T06:41:37Z,2025-04-30T06:41:37Z,true,21.215158333333335,81.63590111111111,0.0,14.5788,253.0,,0.0,1.029731143743057E7,,,true,,34,,,58.99266456980251,,161568275,15,,0,false,,,,,true,,5012983
99218,1,gt06,2025-04-30T06:41:53Z,2025-04-30T06:41:47Z,2025-04-30T06:41:47Z,true,21.214982777777777,81.63516,0.0,14.0389,258.0,,0.0,1.0297390790493371E7,,,true,,34,,,79.35306280137098,,161578275,15,,0,false,,,,,true,,5013062
99219,1,gt06,2025-04-30T06:42:03Z,2025-04-30T06:41:57Z,2025-04-30T06:41:57Z,true,21.21487111111111,81.6342761111111,0.0,19.9784,267.0,,0.0,1.0297483354815004E7,,,true,,34,,,92.56432163270317,,161588275,15,,0,false,,,,,true,,5013154
99220,1,gt06,2025-04-30T06:42:13Z,2025-04-30T06:42:07Z,2025-04-30T06:42:07Z,true,21.21492222222222,81.63322111111111,0.0,21.5983,277.0,,0.0,1.0297592985541537E7,,,true,,34,,,109.63072653315368,,161598275,15,,0,false,,,,,true,,5013263
99221,1,gt06,2025-04-30T06:42:30Z,2025-04-30T06:42:17Z,2025-04-30T06:42:17Z,true,21.21509611111111,81.63215111111111,0.0,21.5983,280.0,,0.0,1.0297705699690279E7,,,true,,34,,,112.71414874114014,,161608275,15,,0,false,,,,,true,,5013375
99222,1,gt06,2025-04-30T06:42:43Z,2025-04-30T06:42:27Z,2025-04-30T06:42:27Z,true,21.215290555555555,81.63105277777778,0.0,22.1382,281.0,,0.0,1.0297821716477199E7,,,true,,34,,,116.01678692046784,,161618275,15,,0,false,,,,,true,,5013491
99223,1,gt06,2025-04-30T06:42:44Z,2025-04-30T06:42:44Z,2025-04-30T06:42:27Z,true,21.215290555555555,81.63105277777778,0.0,22.1382,281.0,,0.0,1.0297821716477199E7,,,true,4,19,,true,0.0,,161634855,,,,,,,100,70,true,false,
99224,1,gt06,2025-04-30T06:42:44Z,2025-04-30T06:42:37Z,2025-04-30T06:42:37Z,true,21.215457222222224,81.63009277777778,0.0,15.6588,280.0,,0.0,1.0297923053368017E7,,,true,,34,,,101.33689081817583,,161628275,15,,0,false,,,,,true,,5013592
99225,1,gt06,2025-04-30T06:42:53Z,2025-04-30T06:42:47Z,2025-04-30T06:42:47Z,true,21.215595,81.62938277777778,0.0,13.4989,281.0,,0.0,1.0297998312938686E7,,,true,,34,,,75.2595706699175,,161638275,15,,0,false,,,,,true,,5013667
99226,1,gt06,2025-04-30T06:43:03Z,2025-04-30T06:42:57Z,2025-04-30T06:42:57Z,true,21.215761666666666,81.62843666666667,0.0,18.3585,277.0,,0.0,1.0298098233021896E7,,,true,,34,,,99.92008320951382,,161648275,15,,0,false,,,,,true,,5013766
99227,1,gt06,2025-04-30T06:43:13Z,2025-04-30T06:43:07Z,2025-04-30T06:43:07Z,true,21.215783333333334,81.6277738888889,0.0,9.71923,281.0,,0.0,1.0298167054880574E7,,,true,,34,,,68.8218586784556,,161658275,15,,0,false,,,,,true,,5013834
99228,1,gt06,2025-04-30T06:43:23Z,2025-04-30T06:43:17Z,2025-04-30T06:43:17Z,true,21.215887777777777,81.62716388888889,0.0,16.1987,277.0,,0.0,1.0298231416310918E7,,,true,,34,,,64.36143034361817,,161668275,15,,0,false,,,,,true,,5013898
99229,1,gt06,2025-04-30T06:43:34Z,2025-04-30T06:43:27Z,2025-04-30T06:43:27Z,true,21.216061666666665,81.62631388888889,0.0,15.6588,287.0,,0.0,1.0298321723692162E7,,,true,,34,,,90.3073812436952,,161678275,15,,0,false,,,,,true,,5013988
99232,1,gt06,2025-04-30T06:43:37Z,2025-04-30T06:43:37Z,2025-04-30T06:43:27Z,true,21.216061666666665,81.62631388888889,0.0,15.6588,287.0,,0.0,1.0298321723692162E7,,,true,4,19,,true,0.0,,161687836,,,,,,,100,70,true,false,
99233,1,gt06,2025-04-30T06:43:44Z,2025-04-30T06:43:39Z,2025-04-30T06:43:39Z,true,21.216061666666665,81.62631388888889,0.0,0.0,287.0,,0.0,1.0298321723692162E7,,,true,,34,,,0.0,,161690275,15,,14,false,,,,,false,,5013988
99234,1,gt06,2025-04-30T06:43:53Z,2025-04-30T06:43:49Z,2025-04-30T06:43:49Z,true,21.216061666666665,81.62631388888889,0.0,0.0,287.0,,0.0,1.0298321723692162E7,,,true,,34,,,0.0,,161700275,15,,14,false,,,,,false,,5013988
99235,1,gt06,2025-04-30T06:44:04Z,2025-04-30T06:43:59Z,2025-04-30T06:43:59Z,true,21.216061666666665,81.62631388888889,0.0,0.0,287.0,,0.0,1.0298321723692162E7,,,true,,34,,,0.0,,161710275,15,,14,false,,,,,false,,5013988
99236,1,gt06,2025-04-30T06:44:13Z,2025-04-30T06:44:09Z,2025-04-30T06:44:09Z,true,21.216061666666665,81.62631388888889,0.0,0.0,287.0,,0.0,1.0298321723692162E7,,,true,,34,,,0.0,,161720275,15,,14,false,,,,,false,,5013988
99237,1,gt06,2025-04-30T06:44:23Z,2025-04-30T06:44:19Z,2025-04-30T06:44:19Z,true,21.216061666666665,81.62631388888889,0.0,0.0,287.0,,0.0,1.0298321723692162E7,,,true,,34,,,0.0,,161730275,15,,14,false,,,,,false,,5013988
99238,1,gt06,2025-04-30T06:44:33Z,2025-04-30T06:44:29Z,2025-04-30T06:44:29Z,true,21.216061666666665,81.62631388888889,0.0,0.0,287.0,,0.0,1.0298321723692162E7,,,true,,34,,,0.0,,161740275,15,,14,false,,,,,false,,5013988
99239,1,gt06,2025-04-30T06:44:37Z,2025-04-30T06:44:37Z,2025-04-30T06:44:29Z,true,21.216061666666665,81.62631388888889,0.0,0.0,287.0,,0.0,1.0298321723692162E7,,,true,4,19,,true,0.0,,161747876,,,,,,,100,70,false,false,
99240,1,gt06,2025-04-30T06:44:43Z,2025-04-30T06:44:37Z,2025-04-30T06:44:37Z,true,21.216221666666666,81.62570166666666,0.0,3.7797,289.0,,0.0,1.0298387706131829E7,,,true,,34,,,65.98243966733065,,161748275,15,,0,false,,,,,true,,5014053
99241,1,gt06,2025-04-30T06:44:54Z,2025-04-30T06:44:47Z,2025-04-30T06:44:47Z,true,21.21629833333333,81.62551777777777,0.0,3.7797,300.0,,0.0,1.0298408610600196E7,,,true,,34,,,20.904468366942567,,161758275,15,,0,false,,,,,true,,5014073
99242,1,gt06,2025-04-30T06:45:03Z,2025-04-30T06:44:59Z,2025-04-30T06:44:59Z,true,21.21629833333333,81.62551777777777,0.0,0.0,300.0,,0.0,1.0298408610600196E7,,,true,,34,,,0.0,,161770275,15,,14,false,,,,,false,,5014073
99243,1,gt06,2025-04-30T06:45:13Z,2025-04-30T06:45:09Z,2025-04-30T06:45:09Z,true,21.21629833333333,81.62551777777777,0.0,0.0,300.0,,0.0,1.0298408610600196E7,,,true,,34,,,0.0,,161780275,15,,14,false,,,,,false,,5014073
99244,1,gt06,2025-04-30T06:45:34Z,2025-04-30T06:45:30Z,2025-04-30T06:45:30Z,true,21.21629833333333,81.62551777777777,0.0,0.0,300.0,,0.0,1.0298408610600196E7,,,true,,34,,,0.0,,161801275,15,,14,false,,,,,false,,5014073
99245,1,gt06,2025-04-30T06:45:37Z,2025-04-30T06:45:37Z,2025-04-30T06:45:30Z,true,21.21629833333333,81.62551777777777,0.0,0.0,300.0,,0.0,1.0298408610600196E7,,,true,4,19,,true,0.0,,161808375,,,,,,,100,70,false,false,
99246,1,gt06,2025-04-30T06:45:42Z,2025-04-30T06:45:36Z,2025-04-30T06:45:36Z,true,21.216604444444442,81.62545666666668,0.0,3.7797,90.0,,0.0,1.0298443271828622E7,,,true,,34,,,34.66122842499056,,161807275,15,,2,false,,,,,true,,5014107
99247,1,gt06,2025-04-30T06:45:43Z,2025-04-30T06:45:37Z,2025-04-30T06:45:37Z,true,21.21660333333333,81.62548166666667,0.0,4.85961,107.0,,0.0,1.0298445869128942E7,,,true,,34,,,2.59730032122232,,161808275,15,,2,false,,,,,true,,5014109
99248,1,gt06,2025-04-30T06:45:53Z,2025-04-30T06:45:47Z,2025-04-30T06:45:47Z,true,21.216483333333333,81.62589944444444,0.0,12.419,106.0,,0.0,1.0298491234997379E7,,,true,,34,,,45.3658684355325,,161818275,15,,0,false,,,,,true,,5014154
99249,1,gt06,2025-04-30T06:46:03Z,2025-04-30T06:45:57Z,2025-04-30T06:45:57Z,true,21.21629833333333,81.62666388888888,0.0,18.3585,104.0,,0.0,1.0298573194226796E7,,,true,,34,,,81.95922941732712,,161828275,15,,0,false,,,,,true,,5014235
99250,1,gt06,2025-04-30T06:46:14Z,2025-04-30T06:46:07Z,2025-04-30T06:46:07Z,true,21.216110555555556,81.62766777777777,0.0,18.8985,98.0,,0.0,1.0298679448649678E7,,,true,,34,,,106.25442288302173,,161838275,15,,0,false,,,,,true,,5014341
99251,1,gt06,2025-04-30T06:46:23Z,2025-04-30T06:46:17Z,2025-04-30T06:46:17Z,true,21.21601611111111,81.62828611111112,0.0,14.0389,95.0,,0.0,1.0298744471485717E7,,,true,,34,,,65.02283603842727,,161848275,15,,0,false,,,,,true,,5014406
99252,1,gt06,2025-04-30T06:46:33Z,2025-04-30T06:46:27Z,2025-04-30T06:46:27Z,true,21.215926666666668,81.62892555555555,0.0,8.09935,97.0,,0.0,1.0298811572417984E7,,,true,,34,,,67.10093226566354,,161858275,15,,0,false,,,,,true,,5014473
99253,1,gt06,2025-04-30T06:46:37Z,2025-04-30T06:46:37Z,2025-04-30T06:46:27Z,true,21.215926666666668,81.62892555555555,0.0,8.09935,97.0,,0.0,1.0298811572417984E7,,,true,4,19,,true,0.0,,161867800,,,,,,,100,70,true,false,
99254,1,gt06,2025-04-30T06:46:44Z,2025-04-30T06:46:37Z,2025-04-30T06:46:37Z,true,21.21582611111111,81.62948444444444,0.0,8.63931,102.0,,0.0,1.0298870641250806E7,,,true,,34,,,59.068832822501506,,161868275,15,,0,false,,,,,true,,5014532
99255,1,gt06,2025-04-30T06:46:49Z,2025-04-30T06:46:43Z,2025-04-30T06:46:43Z,true,21.21581888888889,81.62964277777778,0.0,4.31966,70.0,,0.0,1.0298887091900995E7,,,true,,34,,,16.450650188675237,,161874275,15,,2,false,,,,,true,,5014548
99256,1,gt06,2025-04-30T06:46:50Z,2025-04-30T06:46:44Z,2025-04-30T06:46:44Z,true,21.21582833333333,81.62966444444444,0.0,5.39957,59.0,,0.0,1.0298889574011587E7,,,true,,34,,,2.482110591533223,,161875275,15,,2,false,,,,,true,,5014550
99257,1,gt06,2025-04-30T06:46:52Z,2025-04-30T06:46:46Z,2025-04-30T06:46:46Z,true,21.21587444444444,81.62970944444444,0.0,7.5594,30.0,,0.0,1.0298896513460713E7,,,true,,34,,,6.939449126624559,,161877275,15,,2,false,,,,,true,,5014556
99258,1,gt06,2025-04-30T06:46:53Z,2025-04-30T06:46:47Z,2025-04-30T06:46:47Z,true,21.215909444444446,81.62972388888889,0.0,8.63931,12.0,,0.0,1.0298900688043058E7,,,true,,34,,,4.1745823444823005,,161878275,15,,2,false,,,,,true,,5014560
99259,1,gt06,2025-04-30T06:46:54Z,2025-04-30T06:46:48Z,2025-04-30T06:46:48Z,true,21.21595055555556,81.62972555555555,0.0,9.71923,353.0,,0.0,1.0298905267778127E7,,,true,,34,,,4.579735069398681,,161879275,15,,2,false,,,,,true,,5014564
99260,1,gt06,2025-04-30T06:46:55Z,2025-04-30T06:46:49Z,2025-04-30T06:46:49Z,true,21.215995555555555,81.62971833333333,0.0,9.71923,347.0,,0.0,1.0298910332912251E7,,,true,,34,,,5.0651341257365745,,161880275,15,,2,false,,,,,true,,5014569
99261,1,gt06,2025-04-30T06:47:05Z,2025-04-30T06:47:01Z,2025-04-30T06:47:01Z,true,21.215995555555555,81.62971833333333,0.0,0.0,347.0,,0.0,1.0298910332912251E7,,,true,,34,,,0.0,,161892275,15,,14,false,,,,,false,,5014569
99262,1,gt06,2025-04-30T06:47:16Z,2025-04-30T06:47:09Z,2025-04-30T06:47:09Z,true,21.21650222222222,81.62966388888889,0.0,7.01944,355.0,,0.0,1.0298967017066583E7,,,true,,34,,,56.68415433158309,,161900275,15,,0,false,,,,,true,,5014625
99263,1,gt06,2025-04-30T06:47:29Z,2025-04-30T06:47:19Z,2025-04-30T06:47:19Z,true,21.21706777777778,81.62966666666667,0.0,15.6588,5.0,,0.0,1.0299029975082966E7,,,true,,34,,,62.95801638322607,,161910275,15,,0,false,,,,,true,,5014687
99264,1,gt06,2025-04-30T06:47:34Z,2025-04-30T06:47:34Z,2025-04-30T06:47:19Z,true,21.21706777777778,81.62966666666667,0.0,15.6588,5.0,,0.0,1.0299029975082966E7,,,true,4,19,,true,0.0,,161925077,,,,,,,100,70,true,false,
99265,1,gt06,2025-04-30T06:47:35Z,2025-04-30T06:47:35Z,2025-04-30T06:47:19Z,true,21.21706777777778,81.62966666666667,0.0,15.6588,5.0,,0.0,1.0299029975082966E7,,,,,,,,0.0,,161925077,,,,,13.98,,,,true,,
99266,1,gt06,2025-04-30T06:47:36Z,2025-04-30T06:47:19Z,2025-04-30T06:47:19Z,true,21.21706777777778,81.62966666666667,0.0,15.6588,5.0,,0.0,1.0299029975082966E7,,,true,,34,,,0.0,,161925077,15,,0,false,,,,,true,,5014687
99267,1,gt06,2025-04-30T06:47:36Z,2025-04-30T06:47:25Z,2025-04-30T06:47:25Z,true,21.217491666666668,81.62976722222221,0.0,16.7387,24.0,,0.0,1.0299078302213773E7,,,true,,34,,,48.32713080796273,,161931077,15,,2,false,,,,,true,,5014735
99268,1,gt06,2025-04-30T06:47:36Z,2025-04-30T06:47:26Z,2025-04-30T06:47:26Z,true,21.217564999999997,81.62979944444444,0.0,16.7387,21.0,,0.0,1.0299087123929037E7,,,true,,34,,,8.8217152643481,,161932077,15,,2,false,,,,,true,,5014743
99269,1,gt06,2025-04-30T06:47:40Z,2025-04-30T06:47:34Z,2025-04-30T06:47:34Z,true,21.217913888888887,81.62989888888889,0.0,5.39957,5.0,,0.0,1.0299127309703313E7,,,true,,34,,,40.18577427658903,,161940077,15,,2,false,,,,,true,,5014783
99270,1,gt06,2025-04-30T06:47:50Z,2025-04-30T06:47:44Z,2025-04-30T06:47:44Z,true,21.21827,81.62988611111112,0.0,6.47948,356.0,,0.0,1.0299166973981192E7,,,true,,34,,,39.66427787885272,,161950077,15,,0,false,,,,,true,,5014822
99271,1,gt06,2025-04-30T06:48:00Z,2025-04-30T06:47:54Z,2025-04-30T06:47:54Z,true,21.218476111111112,81.62986777777778,0.0,4.31966,10.0,,0.0,1.0299189996906605E7,,,true,,34,,,23.02292541243832,,161960077,15,,0,false,,,,,true,,5014845
99272,1,gt06,2025-04-30T06:48:06Z,2025-04-30T06:47:59Z,2025-04-30T06:47:59Z,true,21.218582777777776,81.62991111111111,0.0,5.39957,36.0,,0.0,1.0299202693959389E7,,,true,,34,,,12.697052784727521,,161965077,15,,2,false,,,,,true,,5014857
99273,1,gt06,2025-04-30T06:48:07Z,2025-04-30T06:48:00Z,2025-04-30T06:48:00Z,true,21.218605,81.62993333333333,0.0,6.47948,55.0,,0.0,1.0299206075887458E7,,,true,,34,,,3.3819280691176825,,161966077,15,,2,false,,,,,true,,5014860
99274,1,gt06,2025-04-30T06:48:08Z,2025-04-30T06:48:01Z,2025-04-30T06:48:01Z,true,21.218623333333333,81.62996222222222,0.0,5.93953,59.0,,0.0,1.0299209702507902E7,,,true,,34,,,3.626620443175746,,161967077,15,,2,false,,,,,true,,5014863
99275,1,gt06,2025-04-30T06:48:10Z,2025-04-30T06:48:02Z,2025-04-30T06:48:02Z,true,21.218633888888892,81.62999666666667,0.0,7.5594,86.0,,0.0,1.0299213465087643E7,,,true,,34,,,3.762579740424362,,161968077,15,,2,false,,,,,true,,5014866
99276,1,gt06,2025-04-30T06:48:10Z,2025-04-30T06:48:03Z,2025-04-30T06:48:03Z,true,21.218638333333335,81.63003555555557,0.0,7.5594,89.0,,0.0,1.0299217530907633E7,,,true,,34,,,4.065819990212432,,161969077,15,,2,false,,,,,true,,5014870
99277,1,gt06,2025-04-30T06:48:11Z,2025-04-30T06:48:05Z,2025-04-30T06:48:05Z,true,21.21862777777778,81.63010944444444,0.0,7.01944,110.0,,0.0,1.0299225288070856E7,,,true,,34,,,7.757163223006214,,161971077,15,,2,false,,,,,true,,5014877
99278,1,gt06,2025-04-30T06:48:12Z,2025-04-30T06:48:06Z,2025-04-30T06:48:06Z,true,21.218615,81.63013888888888,0.0,5.93953,122.0,,0.0,1.0299228658461181E7,,,true,,34,,,3.370390325362776,,161972077,15,,2,false,,,,,true,,5014880
99279,1,gt06,2025-04-30T06:48:22Z,2025-04-30T06:48:17Z,2025-04-30T06:48:17Z,true,21.218615,81.63013888888888,0.0,0.0,122.0,,0.0,1.0299228658461181E7,,,true,,34,,,0.0,,161983077,15,,14,false,,,,,false,,5014880
99280,1,gt06,2025-04-30T06:48:32Z,2025-04-30T06:48:28Z,2025-04-30T06:48:28Z,true,21.218615,81.63013888888888,0.0,0.0,122.0,,0.0,1.0299228658461181E7,,,true,,34,,,0.0,,161994077,15,,14,false,,,,,false,,5014880
99282,1,gt06,2025-04-30T06:48:35Z,2025-04-30T06:48:35Z,2025-04-30T06:48:28Z,true,21.218615,81.63013888888888,0.0,0.0,122.0,,0.0,1.0299228658461181E7,,,true,4,19,,true,0.0,,162000596,,,,,,,100,70,false,false,
99283,1,gt06,2025-04-30T06:49:26Z,2025-04-30T06:49:26Z,2025-04-30T06:48:28Z,true,21.218615,81.63013888888888,0.0,0.0,122.0,,0.0,1.0299228658461181E7,,,true,4,19,,true,0.0,,162052281,,,,,,,100,70,false,false,
99284,1,gt06,2025-04-30T06:49:27Z,2025-04-30T06:49:27Z,2025-04-30T06:48:28Z,true,21.218615,81.63013888888888,0.0,0.0,122.0,,0.0,1.0299228658461181E7,,,,,,,,0.0,,162052281,,,,,14.040000000000001,,,,false,,
99285,1,gt06,2025-04-30T06:49:28Z,2025-04-30T06:49:22Z,2025-04-30T06:49:22Z,true,21.218615,81.63013888888888,0.0,0.0,122.0,,0.0,1.0299228658461181E7,,,true,,34,,,0.0,,162052281,15,,14,false,,,,,false,,5014880
99286,1,gt06,2025-04-30T06:49:33Z,2025-04-30T06:49:33Z,2025-04-30T06:49:22Z,true,21.218615,81.63013888888888,0.0,0.0,122.0,,0.0,1.0299228658461181E7,,,false,4,19,,true,0.0,,162052281,,,,,,,100,68,false,false,
99287,1,gt06,2025-04-30T06:49:34Z,2025-04-30T06:49:27Z,2025-04-30T06:49:27Z,true,21.218606666666666,81.63052277777777,0.0,0.0,239.0,,0.0,1.0299268506458437E7,,,false,,34,,,39.847997256042525,,162052281,15,,3,false,,,,,false,,5014880
99289,1,gt06,2025-04-30T06:49:44Z,2025-04-30T06:49:37Z,2025-04-30T06:49:37Z,true,21.218606666666666,81.63052166666667,0.0,0.0,239.0,,0.0,1.0299268621761473E7,,,false,4,38,,true,0.11530303514906785,,162052281,15,,,,,,100,68,false,false,
99288,1,gt06,2025-04-30T06:49:43Z,2025-04-30T06:49:38Z,2025-04-30T06:49:38Z,true,21.218606666666666,81.63052277777777,0.0,0.0,239.0,,0.0,1.0299268506458437E7,,,false,,34,,,0.0,,162052281,15,,14,false,,,,,false,,5014880
99290,1,gt06,2025-04-30T06:49:53Z,2025-04-30T06:49:49Z,2025-04-30T06:49:49Z,true,21.218606666666666,81.63052277777777,0.0,0.0,239.0,,0.0,1.0299268506458437E7,,,false,,34,,,0.0,,162052281,15,,14,false,,,,,false,,5014880
99291,1,gt06,2025-04-30T06:50:03Z,2025-04-30T06:49:59Z,2025-04-30T06:49:59Z,true,21.218606666666666,81.63052277777777,0.0,0.0,239.0,,0.0,1.0299268506458437E7,,,false,,34,,,0.0,,162052281,15,,14,false,,,,,false,,5014880
99292,1,gt06,2025-04-30T06:50:12Z,2025-04-30T06:50:05Z,2025-04-30T06:50:05Z,true,21.218605555555555,81.63051333333333,0.0,0.0,239.0,,0.0,1.029926949430832E7,,,false,,34,,,0.9878498837520919,,162052281,15,,4,false,,,,,false,,5014880
99293,1,gt06,2025-04-30T06:50:12Z,2025-04-30T06:50:08Z,2025-04-30T06:50:08Z,true,21.218605555555555,81.63051333333333,0.0,0.0,239.0,,0.0,1.029926949430832E7,,,false,,34,,,0.0,,162052281,15,,14,false,,,,,false,,5014880
99294,1,gt06,2025-04-30T06:50:23Z,2025-04-30T06:50:19Z,2025-04-30T06:50:19Z,true,21.218605555555555,81.63051333333333,0.0,0.0,239.0,,0.0,1.029926949430832E7,,,false,,34,,,0.0,,162052281,15,,14,false,,,,,false,,5014880
99295,1,gt06,2025-04-30T06:50:33Z,2025-04-30T06:50:29Z,2025-04-30T06:50:29Z,true,21.218605555555555,81.63051333333333,0.0,0.0,239.0,,0.0,1.029926949430832E7,,,false,,34,,,0.0,,162052281,15,,14,false,,,,,false,,5014880
99296,1,gt06,2025-04-30T06:50:34Z,2025-04-30T06:50:34Z,2025-04-30T06:50:29Z,true,21.218605555555555,81.63051333333333,0.0,0.0,239.0,,0.0,1.029926949430832E7,,,false,4,19,,true,0.0,,162052281,,,,,,,100,68,false,false,
99297,1,gt06,2025-04-30T06:50:43Z,2025-04-30T06:50:39Z,2025-04-30T06:50:39Z,true,21.218605555555555,81.63051333333333,0.0,0.0,239.0,,0.0,1.029926949430832E7,,,false,,34,,,0.0,,162052281,15,,14,false,,,,,false,,5014880
99298,1,gt06,2025-04-30T06:50:53Z,2025-04-30T06:50:49Z,2025-04-30T06:50:49Z,true,21.218605555555555,81.63051333333333,0.0,0.0,239.0,,0.0,1.029926949430832E7,,,false,,34,,,0.0,,162052281,15,,14,false,,,,,false,,5014880
99299,1,gt06,2025-04-30T06:51:03Z,2025-04-30T06:50:58Z,2025-04-30T06:50:58Z,true,21.218605555555555,81.63051333333333,0.0,0.0,239.0,,0.0,1.029926949430832E7,,,false,,34,,,0.0,,162052281,15,,14,false,,,,,false,,5014880
99300,1,gt06,2025-04-30T06:51:13Z,2025-04-30T06:51:09Z,2025-04-30T06:51:09Z,true,21.218605555555555,81.63051333333333,0.0,0.0,239.0,,0.0,1.029926949430832E7,,,false,,34,,,0.0,,162052281,15,,14,false,,,,,false,,5014880
99301,1,gt06,2025-04-30T06:51:23Z,2025-04-30T06:51:19Z,2025-04-30T06:51:19Z,true,21.218605555555555,81.63051333333333,0.0,0.0,239.0,,0.0,1.029926949430832E7,,,false,,34,,,0.0,,162052281,15,,14,false,,,,,false,,5014880
99302,1,gt06,2025-04-30T06:51:33Z,2025-04-30T06:51:33Z,2025-04-30T06:51:19Z,true,21.218605555555555,81.63051333333333,0.0,0.0,239.0,,0.0,1.029926949430832E7,,,false,4,19,,true,0.0,,162052281,,,,,,,100,68,false,false,
99303,1,gt06,2025-04-30T06:51:34Z,2025-04-30T06:51:29Z,2025-04-30T06:51:29Z,true,21.218605555555555,81.63051333333333,0.0,0.0,239.0,,0.0,1.029926949430832E7,,,false,,34,,,0.0,,162052281,15,,14,false,,,,,false,,5014880
99304,1,gt06,2025-04-30T06:51:44Z,2025-04-30T06:51:39Z,2025-04-30T06:51:39Z,true,21.218605555555555,81.63051333333333,0.0,0.0,239.0,,0.0,1.029926949430832E7,,,false,,34,,,0.0,,162052281,15,,14,false,,,,,false,,5014880
99305,1,gt06,2025-04-30T06:51:53Z,2025-04-30T06:51:49Z,2025-04-30T06:51:49Z,true,21.218605555555555,81.63051333333333,0.0,0.0,239.0,,0.0,1.029926949430832E7,,,false,,34,,,0.0,,162052281,15,,14,false,,,,,false,,5014880
99306,1,gt06,2025-04-30T06:52:08Z,2025-04-30T06:51:59Z,2025-04-30T06:51:59Z,true,21.218605555555555,81.63051333333333,0.0,0.0,239.0,,0.0,1.029926949430832E7,,,false,,34,,,0.0,,162052281,15,,14,false,,,,,false,,5014880
99307,1,gt06,2025-04-30T06:52:14Z,2025-04-30T06:52:14Z,2025-04-30T06:51:59Z,true,21.218605555555555,81.63051333333333,0.0,0.0,239.0,,0.0,1.029926949430832E7,,,false,4,19,,true,0.0,,162052281,,,,,,,100,68,false,false,
99308,1,gt06,2025-04-30T06:52:14Z,2025-04-30T06:52:14Z,2025-04-30T06:51:59Z,true,21.218605555555555,81.63051333333333,0.0,0.0,239.0,,0.0,1.029926949430832E7,,,,,,,,0.0,,162052281,,,,,12.81,,,,false,,
99309,1,gt06,2025-04-30T06:52:15Z,2025-04-30T06:51:59Z,2025-04-30T06:51:59Z,true,21.218605555555555,81.63051333333333,0.0,0.0,239.0,,0.0,1.029926949430832E7,,,false,,34,,,0.0,,162052281,15,,14,false,,,,,false,,5014880
99310,1,gt06,2025-04-30T06:52:23Z,2025-04-30T06:52:18Z,2025-04-30T06:52:18Z,true,21.218605555555555,81.63051333333333,0.0,0.0,239.0,,0.0,1.029926949430832E7,,,false,,34,,,0.0,,162052281,15,,14,false,,,,,false,,5014880
99311,1,gt06,2025-04-30T06:52:33Z,2025-04-30T06:52:29Z,2025-04-30T06:52:29Z,true,21.218605555555555,81.63051333333333,0.0,0.0,239.0,,0.0,1.029926949430832E7,,,false,,34,,,0.0,,162052281,15,,14,false,,,,,false,,5014880
99312,1,gt06,2025-04-30T06:52:43Z,2025-04-30T06:52:39Z,2025-04-30T06:52:39Z,true,21.218605555555555,81.63051333333333,0.0,0.0,239.0,,0.0,1.029926949430832E7,,,false,,34,,,0.0,,162052281,15,,14,false,,,,,false,,5014880
99313,1,gt06,2025-04-30T06:52:54Z,2025-04-30T06:52:49Z,2025-04-30T06:52:49Z,true,21.218605555555555,81.63051333333333,0.0,0.0,239.0,,0.0,1.029926949430832E7,,,false,,34,,,0.0,,162052281,15,,14,false,,,,,false,,5014880
99314,1,gt06,2025-04-30T06:53:03Z,2025-04-30T06:52:59Z,2025-04-30T06:52:59Z,true,21.218605555555555,81.63051333333333,0.0,0.0,239.0,,0.0,1.029926949430832E7,,,false,,34,,,0.0,,162052281,15,,14,false,,,,,false,,5014880
99315,1,gt06,2025-04-30T06:53:14Z,2025-04-30T06:53:09Z,2025-04-30T06:53:09Z,true,21.218605555555555,81.63051333333333,0.0,0.0,239.0,,0.0,1.029926949430832E7,,,false,,34,,,0.0,,162052281,15,,14,false,,,,,false,,5014880
99316,1,gt06,2025-04-30T06:53:18Z,2025-04-30T06:53:18Z,2025-04-30T06:53:09Z,true,21.218605555555555,81.63051333333333,0.0,0.0,239.0,,0.0,1.029926949430832E7,,,false,4,19,,true,0.0,,162052281,,,,,,,100,68,false,false,
99317,1,gt06,2025-04-30T06:53:19Z,2025-04-30T06:53:19Z,2025-04-30T06:53:09Z,true,21.218605555555555,81.63051333333333,0.0,0.0,239.0,,0.0,1.029926949430832E7,,,,,,,,0.0,,162052281,,,,,12.81,,,,false,,
99318,1,gt06,2025-04-30T06:53:20Z,2025-04-30T06:53:09Z,2025-04-30T06:53:09Z,true,21.218605555555555,81.63051333333333,0.0,0.0,239.0,,0.0,1.029926949430832E7,,,false,,34,,,0.0,,162052281,15,,14,false,,,,,false,,5014880
99319,1,gt06,2025-04-30T06:53:24Z,2025-04-30T06:53:19Z,2025-04-30T06:53:19Z,true,21.218605555555555,81.63051333333333,0.0,0.0,239.0,,0.0,1.029926949430832E7,,,false,,34,,,0.0,,162052281,15,,14,false,,,,,false,,5014880
99320,1,gt06,2025-04-30T06:53:34Z,2025-04-30T06:53:29Z,2025-04-30T06:53:29Z,true,21.218605555555555,81.63051333333333,0.0,0.0,239.0,,0.0,1.029926949430832E7,,,false,,34,,,0.0,,162052281,15,,14,false,,,,,false,,5014880
99323,1,gt06,2025-04-30T06:53:47Z,2025-04-30T06:53:47Z,2025-04-30T06:53:29Z,true,21.218605555555555,81.63051333333333,0.0,0.0,239.0,,0.0,1.029926949430832E7,,,false,4,19,,true,0.0,,162052281,,,,,,,100,68,false,false,
99324,1,gt06,2025-04-30T06:53:48Z,2025-04-30T06:53:48Z,2025-04-30T06:53:29Z,true,21.218605555555555,81.63051333333333,0.0,0.0,239.0,,0.0,1.029926949430832E7,,,,,,,,0.0,,162052281,,,,,12.71,,,,false,,
99325,1,gt06,2025-04-30T06:53:53Z,2025-04-30T06:53:49Z,2025-04-30T06:53:49Z,true,21.218605555555555,81.63051333333333,0.0,0.0,239.0,,0.0,1.029926949430832E7,,,false,,34,,,0.0,,162052281,15,,14,false,,,,,false,,5014880
99326,1,gt06,2025-04-30T06:54:03Z,2025-04-30T06:53:59Z,2025-04-30T06:53:59Z,true,21.218605555555555,81.63051333333333,0.0,0.0,239.0,,0.0,1.029926949430832E7,,,false,,34,,,0.0,,162052281,15,,14,false,,,,,false,,5014880
99327,1,gt06,2025-04-30T06:54:14Z,2025-04-30T06:54:09Z,2025-04-30T06:54:09Z,true,21.218605555555555,81.63051333333333,0.0,0.0,239.0,,0.0,1.029926949430832E7,,,false,,34,,,0.0,,162052281,15,,14,false,,,,,false,,5014880
99328,1,gt06,2025-04-30T06:54:23Z,2025-04-30T06:54:19Z,2025-04-30T06:54:19Z,true,21.218605555555555,81.63051333333333,0.0,0.0,239.0,,0.0,1.029926949430832E7,,,false,,34,,,0.0,,162052281,15,,14,false,,,,,false,,5014880
99329,1,gt06,2025-04-30T06:54:33Z,2025-04-30T06:54:29Z,2025-04-30T06:54:29Z,true,21.218605555555555,81.63051333333333,0.0,0.0,239.0,,0.0,1.029926949430832E7,,,false,,34,,,0.0,,162052281,15,,14,false,,,,,false,,5014880
99330,1,gt06,2025-04-30T06:54:37Z,2025-04-30T06:54:33Z,2025-04-30T06:54:33Z,false,21.218605555555555,81.63051333333333,0.0,0.0,239.0,,0.0,1.029926949430832E7,,,false,,34,,,0.0,,162052281,15,,14,false,,,,,false,,5014880
99331,1,gt06,2025-04-30T06:54:47Z,2025-04-30T06:54:43Z,2025-04-30T06:54:43Z,false,21.218605555555555,81.63051333333333,0.0,0.0,239.0,,0.0,1.029926949430832E7,,,false,,34,,,0.0,,162052281,15,,14,false,,,,,false,,5014880
99332,1,gt06,2025-04-30T06:54:48Z,2025-04-30T06:54:48Z,2025-04-30T06:54:43Z,false,21.218605555555555,81.63051333333333,0.0,0.0,239.0,,0.0,1.029926949430832E7,,,false,4,19,,true,0.0,,162052281,,,,,,,100,4,false,false,
99333,1,gt06,2025-04-30T06:54:57Z,2025-04-30T06:54:53Z,2025-04-30T06:54:53Z,false,21.218605555555555,81.63051333333333,0.0,0.0,239.0,,0.0,1.029926949430832E7,,,false,,34,,,0.0,,162052281,15,,14,false,,,,,false,,5014880
99334,1,gt06,2025-04-30T06:55:07Z,2025-04-30T06:55:03Z,2025-04-30T06:55:03Z,false,21.218605555555555,81.63051333333333,0.0,0.0,239.0,,0.0,1.029926949430832E7,,,false,,34,,,0.0,,162052281,15,,14,false,,,,,false,,5014880
99335,1,gt06,2025-04-30T06:55:17Z,2025-04-30T06:55:13Z,2025-04-30T06:55:13Z,false,21.218605555555555,81.63051333333333,0.0,0.0,239.0,,0.0,1.029926949430832E7,,,false,,34,,,0.0,,162052281,15,,14,false,,,,,false,,5014880
99336,1,gt06,2025-04-30T06:55:27Z,2025-04-30T06:55:23Z,2025-04-30T06:55:23Z,false,21.218605555555555,81.63051333333333,0.0,0.0,239.0,,0.0,1.029926949430832E7,,,false,,34,,,0.0,,162052281,15,,14,false,,,,,false,,5014880
99337,1,gt06,2025-04-30T06:55:37Z,2025-04-30T06:55:33Z,2025-04-30T06:55:33Z,false,21.218605555555555,81.63051333333333,0.0,0.0,239.0,,0.0,1.029926949430832E7,,,false,,34,,,0.0,,162052281,15,,14,false,,,,,false,,5014880
99338,1,gt06,2025-04-30T06:55:47Z,2025-04-30T06:55:43Z,2025-04-30T06:55:43Z,false,21.218605555555555,81.63051333333333,0.0,0.0,239.0,,0.0,1.029926949430832E7,,,false,,34,,,0.0,,162052281,15,,14,false,,,,,false,,5014880
99339,1,gt06,2025-04-30T06:55:48Z,2025-04-30T06:55:48Z,2025-04-30T06:55:43Z,false,21.218605555555555,81.63051333333333,0.0,0.0,239.0,,0.0,1.029926949430832E7,,,false,4,19,,true,0.0,,162052281,,,,,,,100,4,false,false,
99340,1,gt06,2025-04-30T06:55:57Z,2025-04-30T06:55:53Z,2025-04-30T06:55:53Z,false,21.218605555555555,81.63051333333333,0.0,0.0,239.0,,0.0,1.029926949430832E7,,,false,,34,,,0.0,,162052281,15,,14,false,,,,,false,,5014880
99341,1,gt06,2025-04-30T06:56:07Z,2025-04-30T06:56:03Z,2025-04-30T06:56:03Z,false,21.218605555555555,81.63051333333333,0.0,0.0,239.0,,0.0,1.029926949430832E7,,,false,,34,,,0.0,,162052281,15,,14,false,,,,,false,,5014880
99342,1,gt06,2025-04-30T06:56:17Z,2025-04-30T06:56:13Z,2025-04-30T06:56:13Z,false,21.218605555555555,81.63051333333333,0.0,0.0,239.0,,0.0,1.029926949430832E7,,,false,,34,,,0.0,,162052281,15,,14,false,,,,,false,,5014880
99343,1,gt06,2025-04-30T06:56:32Z,2025-04-30T06:56:23Z,2025-04-30T06:56:23Z,false,21.218605555555555,81.63051333333333,0.0,0.0,239.0,,0.0,1.029926949430832E7,,,false,,34,,,0.0,,162052281,15,,14,false,,,,,false,,5014880
99344,1,gt06,2025-04-30T06:56:37Z,2025-04-30T06:56:37Z,2025-04-30T06:56:23Z,false,21.218605555555555,81.63051333333333,0.0,0.0,239.0,,0.0,1.029926949430832E7,,,false,4,19,,true,0.0,,162052281,,,,,,,100,4,false,false,
99345,1,gt06,2025-04-30T06:56:38Z,2025-04-30T06:56:38Z,2025-04-30T06:56:23Z,false,21.218605555555555,81.63051333333333,0.0,0.0,239.0,,0.0,1.029926949430832E7,,,,,,,,0.0,,162052281,,,,,12.66,,,,false,,
99346,1,gt06,2025-04-30T06:56:38Z,2025-04-30T06:56:23Z,2025-04-30T06:56:23Z,false,21.218605555555555,81.63051333333333,0.0,0.0,239.0,,0.0,1.029926949430832E7,,,false,,34,,,0.0,,162052281,15,,14,false,,,,,false,,5014880
99347,1,gt06,2025-04-30T06:56:38Z,2025-04-30T06:56:33Z,2025-04-30T06:56:33Z,false,21.218605555555555,81.63051333333333,0.0,0.0,239.0,,0.0,1.029926949430832E7,,,false,,34,,,0.0,,162052281,15,,14,false,,,,,false,,5014880
99348,1,gt06,2025-04-30T06:56:53Z,2025-04-30T06:56:43Z,2025-04-30T06:56:43Z,false,21.218605555555555,81.63051333333333,0.0,0.0,239.0,,0.0,1.029926949430832E7,,,false,,34,,,0.0,,162052281,15,,14,false,,,,,false,,5014880
99349,1,gt06,2025-04-30T06:56:57Z,2025-04-30T06:56:57Z,2025-04-30T06:56:43Z,false,21.218605555555555,81.63051333333333,0.0,0.0,239.0,,0.0,1.029926949430832E7,,,false,4,19,,true,0.0,,162052281,,,,,,,100,4,false,false,
99350,1,gt06,2025-04-30T06:56:57Z,2025-04-30T06:56:57Z,2025-04-30T06:56:43Z,false,21.218605555555555,81.63051333333333,0.0,0.0,239.0,,0.0,1.029926949430832E7,,,,,,,,0.0,,162052281,,,,,12.61,,,,false,,
99351,1,gt06,2025-04-30T06:56:58Z,2025-04-30T06:56:43Z,2025-04-30T06:56:43Z,false,21.218605555555555,81.63051333333333,0.0,0.0,239.0,,0.0,1.029926949430832E7,,,false,,34,,,0.0,,162052281,15,,14,false,,,,,false,,5014880
99352,1,gt06,2025-04-30T06:56:58Z,2025-04-30T06:56:53Z,2025-04-30T06:56:53Z,false,21.218605555555555,81.63051333333333,0.0,0.0,239.0,,0.0,1.029926949430832E7,,,false,,34,,,0.0,,162052281,15,,14,false,,,,,false,,5014880
99353,1,gt06,2025-04-30T06:57:07Z,2025-04-30T06:57:03Z,2025-04-30T06:57:03Z,false,21.218605555555555,81.63051333333333,0.0,0.0,239.0,,0.0,1.029926949430832E7,,,false,,34,,,0.0,,162052281,15,,14,false,,,,,false,,5014880
99354,1,gt06,2025-04-30T06:57:17Z,2025-04-30T06:57:13Z,2025-04-30T06:57:13Z,false,21.218605555555555,81.63051333333333,0.0,0.0,239.0,,0.0,1.029926949430832E7,,,false,,34,,,0.0,,162052281,15,,14,false,,,,,false,,5014880
99355,1,gt06,2025-04-30T06:57:27Z,2025-04-30T06:57:23Z,2025-04-30T06:57:23Z,false,21.218605555555555,81.63051333333333,0.0,0.0,239.0,,0.0,1.029926949430832E7,,,false,,34,,,0.0,,162052281,15,,14,false,,,,,false,,5014880
99356,1,gt06,2025-04-30T06:57:37Z,2025-04-30T06:57:33Z,2025-04-30T06:57:33Z,false,21.218605555555555,81.63051333333333,0.0,0.0,239.0,,0.0,1.029926949430832E7,,,false,,34,,,0.0,,162052281,15,,14,false,,,,,false,,5014880
99357,1,gt06,2025-04-30T06:57:48Z,2025-04-30T06:57:43Z,2025-04-30T06:57:43Z,false,21.218605555555555,81.63051333333333,0.0,0.0,239.0,,0.0,1.029926949430832E7,,,false,,34,,,0.0,,162052281,15,,14,false,,,,,false,,5014880
99358,1,gt06,2025-04-30T06:58:09Z,2025-04-30T06:58:09Z,2025-04-30T06:57:43Z,false,21.218605555555555,81.63051333333333,0.0,0.0,239.0,,0.0,1.029926949430832E7,,,false,4,19,,true,0.0,,162052281,,,,,,,100,4,false,false,
99359,1,gt06,2025-04-30T06:58:10Z,2025-04-30T06:57:53Z,2025-04-30T06:57:53Z,false,21.218605555555555,81.63051333333333,0.0,0.0,239.0,,0.0,1.029926949430832E7,,,false,,34,,,0.0,,162052281,15,,14,false,,,,,false,,5014880
99360,1,gt06,2025-04-30T06:58:10Z,2025-04-30T06:58:03Z,2025-04-30T06:58:03Z,false,21.218605555555555,81.63051333333333,0.0,0.0,239.0,,0.0,1.029926949430832E7,,,false,,34,,,0.0,,162052281,15,,14,false,,,,,false,,5014880
99361,1,gt06,2025-04-30T06:58:18Z,2025-04-30T06:58:13Z,2025-04-30T06:58:13Z,false,21.218605555555555,81.63051333333333,0.0,0.0,239.0,,0.0,1.029926949430832E7,,,false,,34,,,0.0,,162052281,15,,14,false,,,,,false,,5014880
99362,1,gt06,2025-04-30T06:58:27Z,2025-04-30T06:58:23Z,2025-04-30T06:58:23Z,false,21.218605555555555,81.63051333333333,0.0,0.0,239.0,,0.0,1.029926949430832E7,,,false,,34,,,0.0,,162052281,15,,14,false,,,,,false,,5014880
99364,1,gt06,2025-04-30T06:58:37Z,2025-04-30T06:58:33Z,2025-04-30T06:58:33Z,false,21.218605555555555,81.63051333333333,0.0,0.0,239.0,,0.0,1.029926949430832E7,,,false,,34,,,0.0,,162052281,15,,14,false,,,,,false,,5014880
99365,1,gt06,2025-04-30T06:58:48Z,2025-04-30T06:58:43Z,2025-04-30T06:58:43Z,false,21.218605555555555,81.63051333333333,0.0,0.0,239.0,,0.0,1.029926949430832E7,,,false,,34,,,0.0,,162052281,15,,14,false,,,,,false,,5014880
99366,1,gt06,2025-04-30T06:58:57Z,2025-04-30T06:58:57Z,2025-04-30T06:58:43Z,false,21.218605555555555,81.63051333333333,0.0,0.0,239.0,,0.0,1.029926949430832E7,,,false,4,19,,true,0.0,,162052281,,,,,,,100,4,false,false,
99367,1,gt06,2025-04-30T06:58:58Z,2025-04-30T06:58:53Z,2025-04-30T06:58:53Z,false,21.218605555555555,81.63051333333333,0.0,0.0,239.0,,0.0,1.029926949430832E7,,,false,,34,,,0.0,,162052281,15,,14,false,,,,,false,,5014880
99368,1,gt06,2025-04-30T06:59:08Z,2025-04-30T06:59:03Z,2025-04-30T06:59:03Z,false,21.218605555555555,81.63051333333333,0.0,0.0,239.0,,0.0,1.029926949430832E7,,,false,,34,,,0.0,,162052281,15,,14,false,,,,,false,,5014880
99369,1,gt06,2025-04-30T06:59:18Z,2025-04-30T06:59:13Z,2025-04-30T06:59:13Z,false,21.218605555555555,81.63051333333333,0.0,0.0,239.0,,0.0,1.029926949430832E7,,,false,,34,,,0.0,,162052281,15,,14,false,,,,,false,,5014880
99370,1,gt06,2025-04-30T06:59:28Z,2025-04-30T06:59:23Z,2025-04-30T06:59:23Z,false,21.218605555555555,81.63051333333333,0.0,0.0,239.0,,0.0,1.029926949430832E7,,,false,,34,,,0.0,,162052281,15,,14,false,,,,,false,,5014880
99371,1,gt06,2025-04-30T06:59:38Z,2025-04-30T06:59:33Z,2025-04-30T06:59:33Z,false,21.218605555555555,81.63051333333333,0.0,0.0,239.0,,0.0,1.029926949430832E7,,,false,,34,,,0.0,,162052281,15,,14,false,,,,,false,,5014880
99372,1,gt06,2025-04-30T06:59:48Z,2025-04-30T06:59:43Z,2025-04-30T06:59:43Z,false,21.218605555555555,81.63051333333333,0.0,0.0,239.0,,0.0,1.029926949430832E7,,,false,,34,,,0.0,,162052281,15,,14,false,,,,,false,,5014880
99373,1,gt06,2025-04-30T06:59:57Z,2025-04-30T06:59:57Z,2025-04-30T06:59:43Z,false,21.218605555555555,81.63051333333333,0.0,0.0,239.0,,0.0,1.029926949430832E7,,,false,4,19,,true,0.0,,162052281,,,,,,,100,4,false,false,
99374,1,gt06,2025-04-30T06:59:58Z,2025-04-30T06:59:53Z,2025-04-30T06:59:53Z,false,21.218605555555555,81.63051333333333,0.0,0.0,239.0,,0.0,1.029926949430832E7,,,false,,34,,,0.0,,162052281,15,,14,false,,,,,false,,5014880
99375,1,gt06,2025-04-30T07:00:08Z,2025-04-30T07:00:03Z,2025-04-30T07:00:03Z,false,21.218605555555555,81.63051333333333,0.0,0.0,239.0,,0.0,1.029926949430832E7,,,false,,34,,,0.0,,162052281,15,,14,false,,,,,false,,5014880
99376,1,gt06,2025-04-30T07:00:18Z,2025-04-30T07:00:13Z,2025-04-30T07:00:13Z,false,21.218605555555555,81.63051333333333,0.0,0.0,239.0,,0.0,1.029926949430832E7,,,false,,34,,,0.0,,162052281,15,,14,false,,,,,false,,5014880
99377,1,gt06,2025-04-30T07:00:28Z,2025-04-30T07:00:23Z,2025-04-30T07:00:23Z,false,21.218605555555555,81.63051333333333,0.0,0.0,239.0,,0.0,1.029926949430832E7,,,false,,34,,,0.0,,162052281,15,,14,false,,,,,false,,5014880
99378,1,gt06,2025-04-30T07:00:38Z,2025-04-30T07:00:33Z,2025-04-30T07:00:33Z,false,21.218605555555555,81.63051333333333,0.0,0.0,239.0,,0.0,1.029926949430832E7,,,false,,34,,,0.0,,162052281,15,,14,false,,,,,false,,5014880
99379,1,gt06,2025-04-30T07:00:48Z,2025-04-30T07:00:43Z,2025-04-30T07:00:43Z,false,21.218605555555555,81.63051333333333,0.0,0.0,239.0,,0.0,1.029926949430832E7,,,false,,34,,,0.0,,162052281,15,,14,false,,,,,false,,5014880
99380,1,gt06,2025-04-30T07:00:57Z,2025-04-30T07:00:57Z,2025-04-30T07:00:43Z,false,21.218605555555555,81.63051333333333,0.0,0.0,239.0,,0.0,1.029926949430832E7,,,false,4,19,,true,0.0,,162052281,,,,,,,100,4,false,false,
99381,1,gt06,2025-04-30T07:00:58Z,2025-04-30T07:00:53Z,2025-04-30T07:00:53Z,false,21.218605555555555,81.63051333333333,0.0,0.0,239.0,,0.0,1.029926949430832E7,,,false,,34,,,0.0,,162052281,15,,14,false,,,,,false,,5014880
99382,1,gt06,2025-04-30T07:01:08Z,2025-04-30T07:01:03Z,2025-04-30T07:01:03Z,false,21.218605555555555,81.63051333333333,0.0,0.0,239.0,,0.0,1.029926949430832E7,,,false,,34,,,0.0,,162052281,15,,14,false,,,,,false,,5014880
99383,1,gt06,2025-04-30T07:01:18Z,2025-04-30T07:01:13Z,2025-04-30T07:01:13Z,false,21.218605555555555,81.63051333333333,0.0,0.0,239.0,,0.0,1.029926949430832E7,,,false,,34,,,0.0,,162052281,15,,14,false,,,,,false,,5014880
99384,1,gt06,2025-04-30T07:01:28Z,2025-04-30T07:01:23Z,2025-04-30T07:01:23Z,false,21.218605555555555,81.63051333333333,0.0,0.0,239.0,,0.0,1.029926949430832E7,,,false,,34,,,0.0,,162052281,15,,14,false,,,,,false,,5014880
99385,1,gt06,2025-04-30T07:01:38Z,2025-04-30T07:01:33Z,2025-04-30T07:01:33Z,false,21.218605555555555,81.63051333333333,0.0,0.0,239.0,,0.0,1.029926949430832E7,,,false,,34,,,0.0,,162052281,15,,14,false,,,,,false,,5014880
99386,1,gt06,2025-04-30T07:01:48Z,2025-04-30T07:01:43Z,2025-04-30T07:01:43Z,false,21.218605555555555,81.63051333333333,0.0,0.0,239.0,,0.0,1.029926949430832E7,,,false,,34,,,0.0,,162052281,15,,14,false,,,,,false,,5014880
99387,1,gt06,2025-04-30T07:01:58Z,2025-04-30T07:01:58Z,2025-04-30T07:01:43Z,false,21.218605555555555,81.63051333333333,0.0,0.0,239.0,,0.0,1.029926949430832E7,,,false,4,19,,true,0.0,,162052281,,,,,,,100,4,false,false,
99388,1,gt06,2025-04-30T07:01:59Z,2025-04-30T07:01:53Z,2025-04-30T07:01:53Z,false,21.218605555555555,81.63051333333333,0.0,0.0,239.0,,0.0,1.029926949430832E7,,,false,,34,,,0.0,,162052281,15,,14,false,,,,,false,,5014880
99389,1,gt06,2025-04-30T07:02:08Z,2025-04-30T07:02:03Z,2025-04-30T07:02:03Z,false,21.218605555555555,81.63051333333333,0.0,0.0,239.0,,0.0,1.029926949430832E7,,,false,,34,,,0.0,,162052281,15,,14,false,,,,,false,,5014880
99390,1,gt06,2025-04-30T07:02:18Z,2025-04-30T07:02:13Z,2025-04-30T07:02:13Z,false,21.218605555555555,81.63051333333333,0.0,0.0,239.0,,0.0,1.029926949430832E7,,,false,,34,,,0.0,,162052281,15,,14,false,,,,,false,,5014880
99391,1,gt06,2025-04-30T07:02:28Z,2025-04-30T07:02:24Z,2025-04-30T07:02:24Z,false,21.218605555555555,81.63051333333333,0.0,0.0,239.0,,0.0,1.029926949430832E7,,,false,,34,,,0.0,,162052281,15,,14,false,,,,,false,,5014880
99392,1,gt06,2025-04-30T07:02:38Z,2025-04-30T07:02:34Z,2025-04-30T07:02:34Z,false,21.218605555555555,81.63051333333333,0.0,0.0,239.0,,0.0,1.029926949430832E7,,,false,,34,,,0.0,,162052281,15,,14,false,,,,,false,,5014880
99393,1,gt06,2025-04-30T07:02:48Z,2025-04-30T07:02:44Z,2025-04-30T07:02:44Z,false,21.218605555555555,81.63051333333333,0.0,0.0,239.0,,0.0,1.029926949430832E7,,,false,,34,,,0.0,,162052281,15,,14,false,,,,,false,,5014880
99394,1,gt06,2025-04-30T07:03:03Z,2025-04-30T07:03:03Z,2025-04-30T07:02:44Z,false,21.218605555555555,81.63051333333333,0.0,0.0,239.0,,0.0,1.029926949430832E7,,,false,4,19,,true,0.0,,162052281,,,,,,,100,4,false,false,
99395,1,gt06,2025-04-30T07:03:04Z,2025-04-30T07:03:04Z,2025-04-30T07:02:44Z,false,21.218605555555555,81.63051333333333,0.0,0.0,239.0,,0.0,1.029926949430832E7,,,,,,,,0.0,,162052281,,,,,12.51,,,,false,,
99396,1,gt06,2025-04-30T07:03:14Z,2025-04-30T07:03:04Z,2025-04-30T07:03:04Z,false,21.218605555555555,81.63051333333333,0.0,0.0,239.0,,0.0,1.029926949430832E7,,,false,,34,,,0.0,,162052281,15,,14,false,,,,,false,,5014880
99397,1,gt06,2025-04-30T07:03:18Z,2025-04-30T07:03:18Z,2025-04-30T07:03:04Z,false,21.218605555555555,81.63051333333333,0.0,0.0,239.0,,0.0,1.029926949430832E7,,,false,4,19,,true,0.0,,162052281,,,,,,,100,4,false,false,
99398,1,gt06,2025-04-30T07:03:19Z,2025-04-30T07:03:19Z,2025-04-30T07:03:04Z,false,21.218605555555555,81.63051333333333,0.0,0.0,239.0,,0.0,1.029926949430832E7,,,,,,,,0.0,,162052281,,,,,12.51,,,,false,,
99399,1,gt06,2025-04-30T07:03:20Z,2025-04-30T07:03:04Z,2025-04-30T07:03:04Z,false,21.218605555555555,81.63051333333333,0.0,0.0,239.0,,0.0,1.029926949430832E7,,,false,,34,,,0.0,,162052281,15,,14,false,,,,,false,,5014880
99400,1,gt06,2025-04-30T07:03:28Z,2025-04-30T07:03:24Z,2025-04-30T07:03:24Z,false,21.218605555555555,81.63051333333333,0.0,0.0,239.0,,0.0,1.029926949430832E7,,,false,,34,,,0.0,,162052281,15,,14,false,,,,,false,,5014880
99401,1,gt06,2025-04-30T07:03:38Z,2025-04-30T07:03:34Z,2025-04-30T07:03:34Z,false,21.218605555555555,81.63051333333333,0.0,0.0,239.0,,0.0,1.029926949430832E7,,,false,,34,,,0.0,,162052281,15,,14,false,,,,,false,,5014880
99404,1,gt06,2025-04-30T07:03:48Z,2025-04-30T07:03:44Z,2025-04-30T07:03:44Z,false,21.218605555555555,81.63051333333333,0.0,0.0,239.0,,0.0,1.029926949430832E7,,,false,,34,,,0.0,,162052281,15,,14,false,,,,,false,,5014880
99405,1,gt06,2025-04-30T07:03:58Z,2025-04-30T07:03:54Z,2025-04-30T07:03:54Z,false,21.218605555555555,81.63051333333333,0.0,0.0,239.0,,0.0,1.029926949430832E7,,,false,,34,,,0.0,,162052281,15,,14,false,,,,,false,,5014880
99406,1,gt06,2025-04-30T07:04:08Z,2025-04-30T07:04:04Z,2025-04-30T07:04:04Z,false,21.218605555555555,81.63051333333333,0.0,0.0,239.0,,0.0,1.029926949430832E7,,,false,,34,,,0.0,,162052281,15,,14,false,,,,,false,,5014880
99407,1,gt06,2025-04-30T07:04:18Z,2025-04-30T07:04:14Z,2025-04-30T07:04:14Z,false,21.218605555555555,81.63051333333333,0.0,0.0,239.0,,0.0,1.029926949430832E7,,,false,,34,,,0.0,,162052281,15,,14,false,,,,,false,,5014880
99408,1,gt06,2025-04-30T07:04:19Z,2025-04-30T07:04:19Z,2025-04-30T07:04:14Z,false,21.218605555555555,81.63051333333333,0.0,0.0,239.0,,0.0,1.029926949430832E7,,,false,4,19,,true,0.0,,162052281,,,,,,,100,4,false,false,
99409,1,gt06,2025-04-30T07:04:28Z,2025-04-30T07:04:24Z,2025-04-30T07:04:24Z,false,21.218605555555555,81.63051333333333,0.0,0.0,239.0,,0.0,1.029926949430832E7,,,false,,34,,,0.0,,162052281,15,,14,false,,,,,false,,5014880
99410,1,gt06,2025-04-30T07:04:39Z,2025-04-30T07:04:34Z,2025-04-30T07:04:34Z,false,21.218605555555555,81.63051333333333,0.0,0.0,239.0,,0.0,1.029926949430832E7,,,false,,34,,,0.0,,162052281,15,,14,false,,,,,false,,5014880
99411,1,gt06,2025-04-30T07:04:48Z,2025-04-30T07:04:44Z,2025-04-30T07:04:44Z,false,21.218605555555555,81.63051333333333,0.0,0.0,239.0,,0.0,1.029926949430832E7,,,false,,34,,,0.0,,162052281,15,,14,false,,,,,false,,5014880
99412,1,gt06,2025-04-30T07:05:12Z,2025-04-30T07:04:54Z,2025-04-30T07:04:54Z,false,21.218605555555555,81.63051333333333,0.0,0.0,239.0,,0.0,1.029926949430832E7,,,false,,34,,,0.0,,162052281,15,,14,false,,,,,false,,5014880
99413,1,gt06,2025-04-30T07:05:48Z,2025-04-30T07:05:48Z,2025-04-30T07:04:54Z,false,21.218605555555555,81.63051333333333,0.0,0.0,239.0,,0.0,1.029926949430832E7,,,false,4,19,,true,0.0,,162052281,,,,,,,100,4,false,false,
99414,1,gt06,2025-04-30T07:05:49Z,2025-04-30T07:05:49Z,2025-04-30T07:04:54Z,false,21.218605555555555,81.63051333333333,0.0,0.0,239.0,,0.0,1.029926949430832E7,,,,,,,,0.0,,162052281,,,,,12.1,,,,false,,
99415,1,gt06,2025-04-30T07:05:53Z,2025-04-30T07:04:54Z,2025-04-30T07:04:54Z,false,21.218605555555555,81.63051333333333,0.0,0.0,239.0,,0.0,1.029926949430832E7,,,false,,34,,,0.0,,162052281,15,,14,false,,,,,false,,5014880
99416,1,gt06,2025-04-30T07:05:53Z,2025-04-30T07:05:04Z,2025-04-30T07:05:04Z,false,21.218605555555555,81.63051333333333,0.0,0.0,239.0,,0.0,1.029926949430832E7,,,false,,34,,,0.0,,162052281,15,,14,false,,,,,false,,5014880
99417,1,gt06,2025-04-30T07:06:00Z,2025-04-30T07:05:54Z,2025-04-30T07:05:54Z,false,21.218605555555555,81.63051333333333,0.0,0.0,239.0,,0.0,1.029926949430832E7,,,false,,34,,,0.0,,162052281,15,,14,false,,,,,false,,5014880
99418,1,gt06,2025-04-30T07:06:08Z,2025-04-30T07:06:04Z,2025-04-30T07:06:04Z,false,21.218605555555555,81.63051333333333,0.0,0.0,239.0,,0.0,1.029926949430832E7,,,false,,34,,,0.0,,162052281,15,,14,false,,,,,false,,5014880
99419,1,gt06,2025-04-30T07:06:18Z,2025-04-30T07:06:14Z,2025-04-30T07:06:14Z,false,21.218605555555555,81.63051333333333,0.0,0.0,239.0,,0.0,1.029926949430832E7,,,false,,34,,,0.0,,162052281,15,,14,false,,,,,false,,5014880
99420,1,gt06,2025-04-30T07:06:28Z,2025-04-30T07:06:24Z,2025-04-30T07:06:24Z,false,21.218605555555555,81.63051333333333,0.0,0.0,239.0,,0.0,1.029926949430832E7,,,false,,34,,,0.0,,162052281,15,,14,false,,,,,false,,5014880
99421,1,gt06,2025-04-30T07:06:39Z,2025-04-30T07:06:34Z,2025-04-30T07:06:34Z,false,21.218605555555555,81.63051333333333,0.0,0.0,239.0,,0.0,1.029926949430832E7,,,false,,34,,,0.0,,162052281,15,,14,false,,,,,false,,5014880
99422,1,gt06,2025-04-30T07:06:48Z,2025-04-30T07:06:44Z,2025-04-30T07:06:44Z,false,21.218605555555555,81.63051333333333,0.0,0.0,239.0,,0.0,1.029926949430832E7,,,false,,34,,,0.0,,162052281,15,,14,false,,,,,false,,5014880
99423,1,gt06,2025-04-30T07:06:49Z,2025-04-30T07:06:49Z,2025-04-30T07:06:44Z,false,21.218605555555555,81.63051333333333,0.0,0.0,239.0,,0.0,1.029926949430832E7,,,false,4,19,,true,0.0,,162052281,,,,,,,100,4,false,false,
99424,1,gt06,2025-04-30T07:06:58Z,2025-04-30T07:06:54Z,2025-04-30T07:06:54Z,false,21.218605555555555,81.63051333333333,0.0,0.0,239.0,,0.0,1.029926949430832E7,,,false,,34,,,0.0,,162052281,15,,14,false,,,,,false,,5014880
99425,1,gt06,2025-04-30T07:07:08Z,2025-04-30T07:07:04Z,2025-04-30T07:07:04Z,false,21.218605555555555,81.63051333333333,0.0,0.0,239.0,,0.0,1.029926949430832E7,,,false,,34,,,0.0,,162052281,15,,14,false,,,,,false,,5014880
99426,1,gt06,2025-04-30T07:07:18Z,2025-04-30T07:07:14Z,2025-04-30T07:07:14Z,false,21.218605555555555,81.63051333333333,0.0,0.0,239.0,,0.0,1.029926949430832E7,,,false,,34,,,0.0,,162052281,15,,14,false,,,,,false,,5014880
99427,1,gt06,2025-04-30T07:07:42Z,2025-04-30T07:07:42Z,2025-04-30T07:07:14Z,false,21.218605555555555,81.63051333333333,0.0,0.0,239.0,,0.0,1.029926949430832E7,,,false,4,19,,true,0.0,,162052281,,,,,,,100,68,false,false,
99428,1,gt06,2025-04-30T07:07:43Z,2025-04-30T07:07:43Z,2025-04-30T07:07:14Z,false,21.218605555555555,81.63051333333333,0.0,0.0,239.0,,0.0,1.029926949430832E7,,,,,,,,0.0,,162052281,,,,,12.3,,,,false,,
99429,1,gt06,2025-04-30T07:07:44Z,2025-04-30T07:07:44Z,2025-04-30T07:07:14Z,false,21.218605555555555,81.63051333333333,0.0,0.0,239.0,,0.0,1.029926949430832E7,8991102305876965395,,,,,,,0.0,,162052281,,,,,,,,,false,,
99430,1,gt06,2025-04-30T07:07:46Z,2025-04-30T07:07:43Z,2025-04-30T07:07:43Z,true,21.218605555555555,81.63051333333333,0.0,0.0,239.0,,0.0,1.029926949430832E7,,,false,,34,,,0.0,,162052281,11,,8,false,,,,,false,,5014880
99431,1,gt06,2025-04-30T07:08:00Z,2025-04-30T07:08:00Z,2025-04-30T07:07:43Z,true,21.218605555555555,81.63051333333333,0.0,0.0,239.0,,0.0,1.029926949430832E7,,,false,4,19,,true,0.0,,162052281,,,,,,,100,68,false,false,
99432,1,gt06,2025-04-30T07:08:01Z,2025-04-30T07:08:01Z,2025-04-30T07:07:43Z,true,21.218605555555555,81.63051333333333,0.0,0.0,239.0,,0.0,1.029926949430832E7,,,,,,,,0.0,,162052281,,,,,12.3,,,,false,,
99433,1,gt06,2025-04-30T07:08:07Z,2025-04-30T07:08:02Z,2025-04-30T07:08:02Z,true,21.218605555555555,81.63051333333333,0.0,0.0,239.0,,0.0,1.029926949430832E7,,,false,,34,,,0.0,,162052281,11,,14,false,,,,,false,,5014880
99434,1,gt06,2025-04-30T07:08:17Z,2025-04-30T07:08:13Z,2025-04-30T07:08:13Z,true,21.218605555555555,81.63051333333333,0.0,0.0,239.0,,0.0,1.029926949430832E7,,,false,,34,,,0.0,,162052281,11,,14,false,,,,,false,,5014880
99435,1,gt06,2025-04-30T07:08:33Z,2025-04-30T07:08:23Z,2025-04-30T07:08:23Z,true,21.218605555555555,81.63051333333333,0.0,0.0,239.0,,0.0,1.029926949430832E7,,,false,,34,,,0.0,,162052281,11,,14,false,,,,,false,,5014880
99437,1,gt06,2025-04-30T07:08:39Z,2025-04-30T07:08:34Z,2025-04-30T07:08:34Z,true,21.218605555555555,81.63051333333333,0.0,0.0,239.0,,0.0,1.029926949430832E7,,,false,,34,,,0.0,,162052281,11,,14,false,,,,,false,,5014880
99438,1,gt06,2025-04-30T07:08:48Z,2025-04-30T07:08:48Z,2025-04-30T07:08:34Z,true,21.218605555555555,81.63051333333333,0.0,0.0,239.0,,0.0,1.029926949430832E7,,64,,,,92,,0.0,197,162052281,,1,,,,85,,,false,,
99439,1,gt06,2025-04-30T07:08:49Z,2025-04-30T07:08:44Z,2025-04-30T07:08:44Z,true,21.218605555555555,81.63051333333333,0.0,0.0,239.0,,0.0,1.029926949430832E7,,,false,,34,,,0.0,,162052281,11,,14,false,,,,,false,,5014880
99440,1,gt06,2025-04-30T07:08:58Z,2025-04-30T07:08:53Z,2025-04-30T07:08:53Z,true,21.218605555555555,81.63051333333333,0.0,0.0,239.0,,0.0,1.029926949430832E7,,,false,,34,,,0.0,,162052281,11,,14,false,,,,,false,,5014880
99441,1,gt06,2025-04-30T07:08:59Z,2025-04-30T07:08:59Z,2025-04-30T07:08:53Z,true,21.218605555555555,81.63051333333333,0.0,0.0,239.0,,0.0,1.029926949430832E7,,,false,4,19,,true,0.0,,162052281,,,,,,,100,68,false,false,
99442,1,gt06,2025-04-30T07:09:08Z,2025-04-30T07:09:04Z,2025-04-30T07:09:04Z,true,21.218605555555555,81.63051333333333,0.0,0.0,239.0,,0.0,1.029926949430832E7,,,false,,34,,,0.0,,162052281,11,,14,false,,,,,false,,5014880
99443,1,gt06,2025-04-30T07:09:25Z,2025-04-30T07:09:14Z,2025-04-30T07:09:14Z,true,21.218605555555555,81.63051333333333,0.0,0.0,239.0,,0.0,1.029926949430832E7,,,false,,34,,,0.0,,162052281,11,,14,false,,,,,false,,5014880
99444,1,gt06,2025-04-30T07:09:29Z,2025-04-30T07:09:24Z,2025-04-30T07:09:24Z,true,21.218605555555555,81.63051333333333,0.0,0.0,239.0,,0.0,1.029926949430832E7,,,false,,34,,,0.0,,162052281,11,,14,false,,,,,false,,5014880
99445,1,gt06,2025-04-30T07:09:38Z,2025-04-30T07:09:34Z,2025-04-30T07:09:34Z,true,21.218605555555555,81.63051333333333,0.0,0.0,239.0,,0.0,1.029926949430832E7,,,false,,34,,,0.0,,162052281,11,,14,false,,,,,false,,5014880
99446,1,gt06,2025-04-30T07:09:48Z,2025-04-30T07:09:43Z,2025-04-30T07:09:43Z,true,21.218605555555555,81.63051333333333,0.0,0.0,239.0,,0.0,1.029926949430832E7,,,false,,34,,,0.0,,162052281,11,,14,false,,,,,false,,5014880
99447,1,gt06,2025-04-30T07:09:58Z,2025-04-30T07:09:54Z,2025-04-30T07:09:54Z,true,21.218605555555555,81.63051333333333,0.0,0.0,239.0,,0.0,1.029926949430832E7,,,false,,34,,,0.0,,162052281,11,,14,false,,,,,false,,5014880
99448,1,gt06,2025-04-30T07:10:00Z,2025-04-30T07:10:00Z,2025-04-30T07:09:54Z,true,21.218605555555555,81.63051333333333,0.0,0.0,239.0,,0.0,1.029926949430832E7,,,false,4,19,,true,0.0,,162052281,,,,,,,100,68,false,false,
99449,1,gt06,2025-04-30T07:10:08Z,2025-04-30T07:10:04Z,2025-04-30T07:10:04Z,true,21.218605555555555,81.63051333333333,0.0,0.0,239.0,,0.0,1.029926949430832E7,,,false,,34,,,0.0,,162052281,11,,14,false,,,,,false,,5014880
99450,1,gt06,2025-04-30T07:10:18Z,2025-04-30T07:10:13Z,2025-04-30T07:10:13Z,true,21.218605555555555,81.63051333333333,0.0,0.0,239.0,,0.0,1.029926949430832E7,,,false,,34,,,0.0,,162052281,11,,14,false,,,,,false,,5014880
99451,1,gt06,2025-04-30T07:10:28Z,2025-04-30T07:10:24Z,2025-04-30T07:10:24Z,true,21.218605555555555,81.63051333333333,0.0,0.0,239.0,,0.0,1.029926949430832E7,,,false,,34,,,0.0,,162052281,11,,14,false,,,,,false,,5014880
99452,1,gt06,2025-04-30T07:10:38Z,2025-04-30T07:10:34Z,2025-04-30T07:10:34Z,true,21.218605555555555,81.63051333333333,0.0,0.0,239.0,,0.0,1.029926949430832E7,,,false,,34,,,0.0,,162052281,11,,14,false,,,,,false,,5014880
99453,1,gt06,2025-04-30T07:11:06Z,2025-04-30T07:11:06Z,2025-04-30T07:10:34Z,true,21.218605555555555,81.63051333333333,0.0,0.0,239.0,,0.0,1.029926949430832E7,,,false,4,19,,true,0.0,,162052281,,,,,,,100,68,false,false,
99454,1,gt06,2025-04-30T07:11:07Z,2025-04-30T07:11:07Z,2025-04-30T07:10:34Z,true,21.218605555555555,81.63051333333333,0.0,0.0,239.0,,0.0,1.029926949430832E7,,,,,,,,0.0,,162052281,,,,,12.35,,,,false,,
99455,1,gt06,2025-04-30T07:11:07Z,2025-04-30T07:10:44Z,2025-04-30T07:10:44Z,true,21.218605555555555,81.63051333333333,0.0,0.0,239.0,,0.0,1.029926949430832E7,,,false,,34,,,0.0,,162052281,11,,14,false,,,,,false,,5014880
99456,1,gt06,2025-04-30T07:11:07Z,2025-04-30T07:10:54Z,2025-04-30T07:10:54Z,true,21.218605555555555,81.63051333333333,0.0,0.0,239.0,,0.0,1.029926949430832E7,,,false,,34,,,0.0,,162052281,11,,14,false,,,,,false,,5014880
99457,1,gt06,2025-04-30T07:11:08Z,2025-04-30T07:11:03Z,2025-04-30T07:11:03Z,true,21.218605555555555,81.63051333333333,0.0,0.0,239.0,,0.0,1.029926949430832E7,,,false,,34,,,0.0,,162052281,11,,14,false,,,,,false,,5014880
99458,1,gt06,2025-04-30T07:11:18Z,2025-04-30T07:11:14Z,2025-04-30T07:11:14Z,true,21.218605555555555,81.63051333333333,0.0,0.0,239.0,,0.0,1.029926949430832E7,,,false,,34,,,0.0,,162052281,11,,14,false,,,,,false,,5014880
99459,1,gt06,2025-04-30T07:12:29Z,2025-04-30T07:11:24Z,2025-04-30T07:11:24Z,true,21.218605555555555,81.63051333333333,0.0,0.0,239.0,,0.0,1.029926949430832E7,,,false,,34,,,0.0,,162052281,11,,14,false,,,,,false,,5014880
99460,1,gt06,2025-04-30T07:12:33Z,2025-04-30T07:12:33Z,2025-04-30T07:11:24Z,true,21.218605555555555,81.63051333333333,0.0,0.0,239.0,,0.0,1.029926949430832E7,,,false,4,19,,true,0.0,,162052281,,,,,,,100,68,false,false,
99461,1,gt06,2025-04-30T07:12:34Z,2025-04-30T07:12:34Z,2025-04-30T07:11:24Z,true,21.218605555555555,81.63051333333333,0.0,0.0,239.0,,0.0,1.029926949430832E7,,,,,,,,0.0,,162052281,,,,,12.35,,,,false,,
99462,1,gt06,2025-04-30T07:12:34Z,2025-04-30T07:11:24Z,2025-04-30T07:11:24Z,true,21.218605555555555,81.63051333333333,0.0,0.0,239.0,,0.0,1.029926949430832E7,,,false,,34,,,0.0,,162052281,11,,14,false,,,,,false,,5014880
99463,1,gt06,2025-04-30T07:12:34Z,2025-04-30T07:11:34Z,2025-04-30T07:11:34Z,true,21.218605555555555,81.63051333333333,0.0,0.0,239.0,,0.0,1.029926949430832E7,,,false,,34,,,0.0,,162052281,11,,14,false,,,,,false,,5014880
99464,1,gt06,2025-04-30T07:12:34Z,2025-04-30T07:11:44Z,2025-04-30T07:11:44Z,true,21.218605555555555,81.63051333333333,0.0,0.0,239.0,,0.0,1.029926949430832E7,,,false,,34,,,0.0,,162052281,11,,14,false,,,,,false,,5014880
99465,1,gt06,2025-04-30T07:12:35Z,2025-04-30T07:11:54Z,2025-04-30T07:11:54Z,true,21.218605555555555,81.63051333333333,0.0,0.0,239.0,,0.0,1.029926949430832E7,,,false,,34,,,0.0,,162052281,11,,14,false,,,,,false,,5014880
99466,1,gt06,2025-04-30T07:12:35Z,2025-04-30T07:12:04Z,2025-04-30T07:12:04Z,true,21.218605555555555,81.63051333333333,0.0,0.0,239.0,,0.0,1.029926949430832E7,,,false,,34,,,0.0,,162052281,11,,14,false,,,,,false,,5014880
99467,1,gt06,2025-04-30T07:12:35Z,2025-04-30T07:12:14Z,2025-04-30T07:12:14Z,true,21.218605555555555,81.63051333333333,0.0,0.0,239.0,,0.0,1.029926949430832E7,,,false,,34,,,0.0,,162052281,11,,14,false,,,,,false,,5014880
99468,1,gt06,2025-04-30T07:12:35Z,2025-04-30T07:12:23Z,2025-04-30T07:12:23Z,true,21.218605555555555,81.63051333333333,0.0,0.0,239.0,,0.0,1.029926949430832E7,,,false,,34,,,0.0,,162052281,11,,14,false,,,,,false,,5014880
99469,1,gt06,2025-04-30T07:12:38Z,2025-04-30T07:12:34Z,2025-04-30T07:12:34Z,true,21.218605555555555,81.63051333333333,0.0,0.0,239.0,,0.0,1.029926949430832E7,,,false,,34,,,0.0,,162052281,11,,14,false,,,,,false,,5014880
99470,1,gt06,2025-04-30T07:12:41Z,2025-04-30T07:12:36Z,2025-04-30T07:12:36Z,false,21.218605555555555,81.63051333333333,0.0,0.0,239.0,,0.0,1.029926949430832E7,,,false,,34,,,0.0,,162052281,11,,14,false,,,,,false,,5014880
99471,1,gt06,2025-04-30T07:12:50Z,2025-04-30T07:12:46Z,2025-04-30T07:12:46Z,false,21.218605555555555,81.63051333333333,0.0,0.0,239.0,,0.0,1.029926949430832E7,,,false,,34,,,0.0,,162052281,11,,14,false,,,,,false,,5014880
99472,1,gt06,2025-04-30T07:13:00Z,2025-04-30T07:12:56Z,2025-04-30T07:12:56Z,false,21.218605555555555,81.63051333333333,0.0,0.0,239.0,,0.0,1.029926949430832E7,,,false,,34,,,0.0,,162052281,11,,14,false,,,,,false,,5014880
99473,1,gt06,2025-04-30T07:13:10Z,2025-04-30T07:13:06Z,2025-04-30T07:13:06Z,false,21.218605555555555,81.63051333333333,0.0,0.0,239.0,,0.0,1.029926949430832E7,,,false,,34,,,0.0,,162052281,11,,14,false,,,,,false,,5014880
99474,1,gt06,2025-04-30T07:13:21Z,2025-04-30T07:13:16Z,2025-04-30T07:13:16Z,false,21.218605555555555,81.63051333333333,0.0,0.0,239.0,,0.0,1.029926949430832E7,,,false,,34,,,0.0,,162052281,11,,14,false,,,,,false,,5014880
99475,1,gt06,2025-04-30T07:13:30Z,2025-04-30T07:13:26Z,2025-04-30T07:13:26Z,false,21.218605555555555,81.63051333333333,0.0,0.0,239.0,,0.0,1.029926949430832E7,,,false,,34,,,0.0,,162052281,11,,14,false,,,,,false,,5014880
99476,1,gt06,2025-04-30T07:13:33Z,2025-04-30T07:13:33Z,2025-04-30T07:13:26Z,false,21.218605555555555,81.63051333333333,0.0,0.0,239.0,,0.0,1.029926949430832E7,,,false,4,19,,true,0.0,,162052281,,,,,,,100,4,false,false,
99479,1,gt06,2025-04-30T07:13:42Z,2025-04-30T07:13:36Z,2025-04-30T07:13:36Z,false,21.218605555555555,81.63051333333333,0.0,0.0,239.0,,0.0,1.029926949430832E7,,,false,,34,,,0.0,,162052281,11,,14,false,,,,,false,,5014880
99480,1,gt06,2025-04-30T07:13:53Z,2025-04-30T07:13:46Z,2025-04-30T07:13:46Z,false,21.218605555555555,81.63051333333333,0.0,0.0,239.0,,0.0,1.029926949430832E7,,,false,,34,,,0.0,,162052281,11,,14,false,,,,,false,,5014880
99481,1,gt06,2025-04-30T07:14:00Z,2025-04-30T07:13:56Z,2025-04-30T07:13:56Z,false,21.218605555555555,81.63051333333333,0.0,0.0,239.0,,0.0,1.029926949430832E7,,,false,,34,,,0.0,,162052281,11,,14,false,,,,,false,,5014880
99482,1,gt06,2025-04-30T07:14:11Z,2025-04-30T07:14:06Z,2025-04-30T07:14:06Z,false,21.218605555555555,81.63051333333333,0.0,0.0,239.0,,0.0,1.029926949430832E7,,,false,,34,,,0.0,,162052281,11,,14,false,,,,,false,,5014880
99483,1,gt06,2025-04-30T07:14:20Z,2025-04-30T07:14:16Z,2025-04-30T07:14:16Z,false,21.218605555555555,81.63051333333333,0.0,0.0,239.0,,0.0,1.029926949430832E7,,,false,,34,,,0.0,,162052281,11,,14,false,,,,,false,,5014880
99484,1,gt06,2025-04-30T07:14:40Z,2025-04-30T07:14:26Z,2025-04-30T07:14:26Z,false,21.218605555555555,81.63051333333333,0.0,0.0,239.0,,0.0,1.029926949430832E7,,,false,,34,,,0.0,,162052281,11,,14,false,,,,,false,,5014880
99485,1,gt06,2025-04-30T07:14:45Z,2025-04-30T07:14:45Z,2025-04-30T07:14:26Z,false,21.218605555555555,81.63051333333333,0.0,0.0,239.0,,0.0,1.029926949430832E7,,,false,4,19,,true,0.0,,162052281,,,,,,,100,4,false,false,
99486,1,gt06,2025-04-30T07:14:46Z,2025-04-30T07:14:46Z,2025-04-30T07:14:26Z,false,21.218605555555555,81.63051333333333,0.0,0.0,239.0,,0.0,1.029926949430832E7,,,,,,,,0.0,,162052281,,,,,12.3,,,,false,,
99487,1,gt06,2025-04-30T07:14:47Z,2025-04-30T07:14:26Z,2025-04-30T07:14:26Z,false,21.218605555555555,81.63051333333333,0.0,0.0,239.0,,0.0,1.029926949430832E7,,,false,,34,,,0.0,,162052281,11,,14,false,,,,,false,,5014880
99488,1,gt06,2025-04-30T07:14:50Z,2025-04-30T07:14:46Z,2025-04-30T07:14:46Z,false,21.218605555555555,81.63051333333333,0.0,0.0,239.0,,0.0,1.029926949430832E7,,,false,,34,,,0.0,,162052281,11,,14,false,,,,,false,,5014880
99489,1,gt06,2025-04-30T07:15:09Z,2025-04-30T07:14:56Z,2025-04-30T07:14:56Z,false,21.218605555555555,81.63051333333333,0.0,0.0,239.0,,0.0,1.029926949430832E7,,,false,,34,,,0.0,,162052281,11,,14,false,,,,,false,,5014880
99490,1,gt06,2025-04-30T07:15:31Z,2025-04-30T07:15:31Z,2025-04-30T07:14:56Z,false,21.218605555555555,81.63051333333333,0.0,0.0,239.0,,0.0,1.029926949430832E7,,,false,4,19,,true,0.0,,162052281,,,,,,,100,4,false,false,
99491,1,gt06,2025-04-30T07:15:31Z,2025-04-30T07:15:31Z,2025-04-30T07:14:56Z,false,21.218605555555555,81.63051333333333,0.0,0.0,239.0,,0.0,1.029926949430832E7,,,,,,,,0.0,,162052281,,,,,12.35,,,,false,,
99492,1,gt06,2025-04-30T07:15:32Z,2025-04-30T07:14:56Z,2025-04-30T07:14:56Z,false,21.218605555555555,81.63051333333333,0.0,0.0,239.0,,0.0,1.029926949430832E7,,,false,,34,,,0.0,,162052281,11,,14,false,,,,,false,,5014880
99493,1,gt06,2025-04-30T07:15:41Z,2025-04-30T07:15:36Z,2025-04-30T07:15:36Z,false,21.218605555555555,81.63051333333333,0.0,0.0,239.0,,0.0,1.029926949430832E7,,,false,,34,,,0.0,,162052281,11,,14,false,,,,,false,,5014880
99494,1,gt06,2025-04-30T07:15:51Z,2025-04-30T07:15:46Z,2025-04-30T07:15:46Z,false,21.218605555555555,81.63051333333333,0.0,0.0,239.0,,0.0,1.029926949430832E7,,,false,,34,,,0.0,,162052281,11,,14,false,,,,,false,,5014880
99495,1,gt06,2025-04-30T07:16:01Z,2025-04-30T07:15:56Z,2025-04-30T07:15:56Z,false,21.218605555555555,81.63051333333333,0.0,0.0,239.0,,0.0,1.029926949430832E7,,,false,,34,,,0.0,,162052281,11,,14,false,,,,,false,,5014880
99496,1,gt06,2025-04-30T07:16:11Z,2025-04-30T07:16:06Z,2025-04-30T07:16:06Z,false,21.218605555555555,81.63051333333333,0.0,0.0,239.0,,0.0,1.029926949430832E7,,,false,,34,,,0.0,,162052281,11,,14,false,,,,,false,,5014880
99497,1,gt06,2025-04-30T07:16:29Z,2025-04-30T07:16:16Z,2025-04-30T07:16:16Z,false,21.218605555555555,81.63051333333333,0.0,0.0,239.0,,0.0,1.029926949430832E7,,,false,,34,,,0.0,,162052281,11,,14,false,,,,,false,,5014880
99498,1,gt06,2025-04-30T07:16:30Z,2025-04-30T07:16:26Z,2025-04-30T07:16:26Z,false,21.218605555555555,81.63051333333333,0.0,0.0,239.0,,0.0,1.029926949430832E7,,,false,,34,,,0.0,,162052281,11,,14,false,,,,,false,,5014880
99499,1,gt06,2025-04-30T07:16:31Z,2025-04-30T07:16:31Z,2025-04-30T07:16:26Z,false,21.218605555555555,81.63051333333333,0.0,0.0,239.0,,0.0,1.029926949430832E7,,,false,4,19,,true,0.0,,162052281,,,,,,,100,4,false,false,
99500,1,gt06,2025-04-30T07:16:41Z,2025-04-30T07:16:36Z,2025-04-30T07:16:36Z,false,21.218605555555555,81.63051333333333,0.0,0.0,239.0,,0.0,1.029926949430832E7,,,false,,34,,,0.0,,162052281,11,,14,false,,,,,false,,5014880
99501,1,gt06,2025-04-30T07:16:51Z,2025-04-30T07:16:46Z,2025-04-30T07:16:46Z,false,21.218605555555555,81.63051333333333,0.0,0.0,239.0,,0.0,1.029926949430832E7,,,false,,34,,,0.0,,162052281,11,,14,false,,,,,false,,5014880
99502,1,gt06,2025-04-30T07:17:01Z,2025-04-30T07:16:56Z,2025-04-30T07:16:56Z,false,21.218605555555555,81.63051333333333,0.0,0.0,239.0,,0.0,1.029926949430832E7,,,false,,34,,,0.0,,162052281,11,,14,false,,,,,false,,5014880
99503,1,gt06,2025-04-30T07:17:12Z,2025-04-30T07:17:06Z,2025-04-30T07:17:06Z,false,21.218605555555555,81.63051333333333,0.0,0.0,239.0,,0.0,1.029926949430832E7,,,false,,34,,,0.0,,162052281,11,,14,false,,,,,false,,5014880
99504,1,gt06,2025-04-30T07:17:21Z,2025-04-30T07:17:16Z,2025-04-30T07:17:16Z,false,21.218605555555555,81.63051333333333,0.0,0.0,239.0,,0.0,1.029926949430832E7,,,false,,34,,,0.0,,162052281,11,,14,false,,,,,false,,5014880
99505,1,gt06,2025-04-30T07:17:33Z,2025-04-30T07:17:26Z,2025-04-30T07:17:26Z,false,21.218605555555555,81.63051333333333,0.0,0.0,239.0,,0.0,1.029926949430832E7,,,false,,34,,,0.0,,162052281,11,,14,false,,,,,false,,5014880
99506,1,gt06,2025-04-30T07:17:34Z,2025-04-30T07:17:34Z,2025-04-30T07:17:26Z,false,21.218605555555555,81.63051333333333,0.0,0.0,239.0,,0.0,1.029926949430832E7,,,false,4,19,,true,0.0,,162052281,,,,,,,100,4,false,false,
99507,1,gt06,2025-04-30T07:17:41Z,2025-04-30T07:17:36Z,2025-04-30T07:17:36Z,false,21.218605555555555,81.63051333333333,0.0,0.0,239.0,,0.0,1.029926949430832E7,,,false,,34,,,0.0,,162052281,11,,14,false,,,,,false,,5014880
99508,1,gt06,2025-04-30T07:17:51Z,2025-04-30T07:17:46Z,2025-04-30T07:17:46Z,false,21.218605555555555,81.63051333333333,0.0,0.0,239.0,,0.0,1.029926949430832E7,,,false,,34,,,0.0,,162052281,11,,14,false,,,,,false,,5014880
99509,1,gt06,2025-04-30T07:18:01Z,2025-04-30T07:17:56Z,2025-04-30T07:17:56Z,false,21.218605555555555,81.63051333333333,0.0,0.0,239.0,,0.0,1.029926949430832E7,,,false,,34,,,0.0,,162052281,11,,14,false,,,,,false,,5014880
99510,1,gt06,2025-04-30T07:18:24Z,2025-04-30T07:18:06Z,2025-04-30T07:18:06Z,false,21.218605555555555,81.63051333333333,0.0,0.0,239.0,,0.0,1.029926949430832E7,,,false,,34,,,0.0,,162052281,11,,14,false,,,,,false,,5014880
99511,1,gt06,2025-04-30T07:18:25Z,2025-04-30T07:18:16Z,2025-04-30T07:18:16Z,false,21.218605555555555,81.63051333333333,0.0,0.0,239.0,,0.0,1.029926949430832E7,,,false,,34,,,0.0,,162052281,11,,14,false,,,,,false,,5014880
99513,1,gt06,2025-04-30T07:18:41Z,2025-04-30T07:18:26Z,2025-04-30T07:18:26Z,false,21.218605555555555,81.63051333333333,0.0,0.0,239.0,,0.0,1.029926949430832E7,,,false,,34,,,0.0,,162052281,11,,14,false,,,,,false,,5014880
99514,1,gt06,2025-04-30T07:18:41Z,2025-04-30T07:18:41Z,2025-04-30T07:18:26Z,false,21.218605555555555,81.63051333333333,0.0,0.0,239.0,,0.0,1.029926949430832E7,,,false,4,19,,true,0.0,,162052281,,,,,,,100,4,false,false,
99515,1,gt06,2025-04-30T07:18:42Z,2025-04-30T07:18:36Z,2025-04-30T07:18:36Z,false,21.218605555555555,81.63051333333333,0.0,0.0,239.0,,0.0,1.029926949430832E7,,,false,,34,,,0.0,,162052281,11,,14,false,,,,,false,,5014880
99516,1,gt06,2025-04-30T07:18:51Z,2025-04-30T07:18:46Z,2025-04-30T07:18:46Z,false,21.218605555555555,81.63051333333333,0.0,0.0,239.0,,0.0,1.029926949430832E7,,,false,,34,,,0.0,,162052281,11,,14,false,,,,,false,,5014880
99517,1,gt06,2025-04-30T07:19:01Z,2025-04-30T07:18:57Z,2025-04-30T07:18:57Z,false,21.218605555555555,81.63051333333333,0.0,0.0,239.0,,0.0,1.029926949430832E7,,,false,,34,,,0.0,,162052281,11,,14,false,,,,,false,,5014880
99518,1,gt06,2025-04-30T07:19:11Z,2025-04-30T07:19:07Z,2025-04-30T07:19:07Z,false,21.218605555555555,81.63051333333333,0.0,0.0,239.0,,0.0,1.029926949430832E7,,,false,,34,,,0.0,,162052281,11,,14,false,,,,,false,,5014880
99519,1,gt06,2025-04-30T07:19:21Z,2025-04-30T07:19:17Z,2025-04-30T07:19:17Z,false,21.218605555555555,81.63051333333333,0.0,0.0,239.0,,0.0,1.029926949430832E7,,,false,,34,,,0.0,,162052281,11,,14,false,,,,,false,,5014880
99520,1,gt06,2025-04-30T07:19:31Z,2025-04-30T07:19:27Z,2025-04-30T07:19:27Z,false,21.218605555555555,81.63051333333333,0.0,0.0,239.0,,0.0,1.029926949430832E7,,,false,,34,,,0.0,,162052281,11,,14,false,,,,,false,,5014880
99521,1,gt06,2025-04-30T07:19:32Z,2025-04-30T07:19:32Z,2025-04-30T07:19:27Z,false,21.218605555555555,81.63051333333333,0.0,0.0,239.0,,0.0,1.029926949430832E7,,,false,4,19,,true,0.0,,162052281,,,,,,,100,4,false,false,
99522,1,gt06,2025-04-30T07:19:44Z,2025-04-30T07:19:37Z,2025-04-30T07:19:37Z,false,21.218605555555555,81.63051333333333,0.0,0.0,239.0,,0.0,1.029926949430832E7,,,false,,34,,,0.0,,162052281,11,,14,false,,,,,false,,5014880
99523,1,gt06,2025-04-30T07:19:58Z,2025-04-30T07:19:58Z,2025-04-30T07:19:37Z,false,21.218605555555555,81.63051333333333,0.0,0.0,239.0,,0.0,1.029926949430832E7,,,false,4,19,,true,0.0,,162052281,,,,,,,100,4,false,false,
99524,1,gt06,2025-04-30T07:19:58Z,2025-04-30T07:19:58Z,2025-04-30T07:19:37Z,false,21.218605555555555,81.63051333333333,0.0,0.0,239.0,,0.0,1.029926949430832E7,,,,,,,,0.0,,162052281,,,,,12.3,,,,false,,
99525,1,gt06,2025-04-30T07:20:03Z,2025-04-30T07:19:37Z,2025-04-30T07:19:37Z,false,21.218605555555555,81.63051333333333,0.0,0.0,239.0,,0.0,1.029926949430832E7,,,false,,34,,,0.0,,162052281,11,,14,false,,,,,false,,5014880
99526,1,gt06,2025-04-30T07:20:03Z,2025-04-30T07:19:57Z,2025-04-30T07:19:57Z,false,21.218605555555555,81.63051333333333,0.0,0.0,239.0,,0.0,1.029926949430832E7,,,false,,34,,,0.0,,162052281,11,,14,false,,,,,false,,5014880
99527,1,gt06,2025-04-30T07:20:21Z,2025-04-30T07:20:07Z,2025-04-30T07:20:07Z,false,21.218605555555555,81.63051333333333,0.0,0.0,239.0,,0.0,1.029926949430832E7,,,false,,34,,,0.0,,162052281,11,,14,false,,,,,false,,5014880
99528,1,gt06,2025-04-30T07:20:25Z,2025-04-30T07:20:25Z,2025-04-30T07:20:07Z,false,21.218605555555555,81.63051333333333,0.0,0.0,239.0,,0.0,1.029926949430832E7,,,false,4,19,,true,0.0,,162052281,,,,,,,100,4,false,false,
99529,1,gt06,2025-04-30T07:20:26Z,2025-04-30T07:20:26Z,2025-04-30T07:20:07Z,false,21.218605555555555,81.63051333333333,0.0,0.0,239.0,,0.0,1.029926949430832E7,,,,,,,,0.0,,162052281,,,,,12.35,,,,false,,
99530,1,gt06,2025-04-30T07:20:27Z,2025-04-30T07:20:07Z,2025-04-30T07:20:07Z,false,21.218605555555555,81.63051333333333,0.0,0.0,239.0,,0.0,1.029926949430832E7,,,false,,34,,,0.0,,162052281,11,,14,false,,,,,false,,5014880
99531,1,gt06,2025-04-30T07:20:31Z,2025-04-30T07:20:27Z,2025-04-30T07:20:27Z,false,21.218605555555555,81.63051333333333,0.0,0.0,239.0,,0.0,1.029926949430832E7,,,false,,34,,,0.0,,162052281,11,,14,false,,,,,false,,5014880
99532,1,gt06,2025-04-30T07:20:41Z,2025-04-30T07:20:37Z,2025-04-30T07:20:37Z,false,21.218605555555555,81.63051333333333,0.0,0.0,239.0,,0.0,1.029926949430832E7,,,false,,34,,,0.0,,162052281,11,,14,false,,,,,false,,5014880
99533,1,gt06,2025-04-30T07:20:51Z,2025-04-30T07:20:47Z,2025-04-30T07:20:47Z,false,21.218605555555555,81.63051333333333,0.0,0.0,239.0,,0.0,1.029926949430832E7,,,false,,34,,,0.0,,162052281,11,,14,false,,,,,false,,5014880
99534,1,gt06,2025-04-30T07:21:02Z,2025-04-30T07:20:57Z,2025-04-30T07:20:57Z,false,21.218605555555555,81.63051333333333,0.0,0.0,239.0,,0.0,1.029926949430832E7,,,false,,34,,,0.0,,162052281,11,,14,false,,,,,false,,5014880
99535,1,gt06,2025-04-30T07:21:12Z,2025-04-30T07:21:07Z,2025-04-30T07:21:07Z,false,21.218605555555555,81.63051333333333,0.0,0.0,239.0,,0.0,1.029926949430832E7,,,false,,34,,,0.0,,162052281,11,,14,false,,,,,false,,5014880
99536,1,gt06,2025-04-30T07:21:21Z,2025-04-30T07:21:17Z,2025-04-30T07:21:17Z,false,21.218605555555555,81.63051333333333,0.0,0.0,239.0,,0.0,1.029926949430832E7,,,false,,34,,,0.0,,162052281,11,,14,false,,,,,false,,5014880
99537,1,gt06,2025-04-30T07:21:26Z,2025-04-30T07:21:26Z,2025-04-30T07:21:17Z,false,21.218605555555555,81.63051333333333,0.0,0.0,239.0,,0.0,1.029926949430832E7,,,false,4,19,,true,0.0,,162052281,,,,,,,100,4,false,false,
99538,1,gt06,2025-04-30T07:21:31Z,2025-04-30T07:21:27Z,2025-04-30T07:21:27Z,false,21.218605555555555,81.63051333333333,0.0,0.0,239.0,,0.0,1.029926949430832E7,,,false,,34,,,0.0,,162052281,11,,14,false,,,,,false,,5014880
99539,1,gt06,2025-04-30T07:21:41Z,2025-04-30T07:21:37Z,2025-04-30T07:21:37Z,false,21.218605555555555,81.63051333333333,0.0,0.0,239.0,,0.0,1.029926949430832E7,,,false,,34,,,0.0,,162052281,11,,14,false,,,,,false,,5014880
99540,1,gt06,2025-04-30T07:21:51Z,2025-04-30T07:21:47Z,2025-04-30T07:21:47Z,false,21.218605555555555,81.63051333333333,0.0,0.0,239.0,,0.0,1.029926949430832E7,,,false,,34,,,0.0,,162052281,11,,14,false,,,,,false,,5014880
99541,1,gt06,2025-04-30T07:22:01Z,2025-04-30T07:21:57Z,2025-04-30T07:21:57Z,false,21.218605555555555,81.63051333333333,0.0,0.0,239.0,,0.0,1.029926949430832E7,,,false,,34,,,0.0,,162052281,11,,14,false,,,,,false,,5014880
99542,1,gt06,2025-04-30T07:22:11Z,2025-04-30T07:22:07Z,2025-04-30T07:22:07Z,false,21.218605555555555,81.63051333333333,0.0,0.0,239.0,,0.0,1.029926949430832E7,,,false,,34,,,0.0,,162052281,11,,14,false,,,,,false,,5014880
99543,1,gt06,2025-04-30T07:22:56Z,2025-04-30T07:22:17Z,2025-04-30T07:22:17Z,false,21.218605555555555,81.63051333333333,0.0,0.0,239.0,,0.0,1.029926949430832E7,,,false,,34,,,0.0,,162052281,11,,14,false,,,,,false,,5014880
99544,1,gt06,2025-04-30T07:22:59Z,2025-04-30T07:22:59Z,2025-04-30T07:22:17Z,false,21.218605555555555,81.63051333333333,0.0,0.0,239.0,,0.0,1.029926949430832E7,,,false,4,19,,true,0.0,,162052281,,,,,,,100,4,false,false,
99545,1,gt06,2025-04-30T07:23:00Z,2025-04-30T07:23:00Z,2025-04-30T07:22:17Z,false,21.218605555555555,81.63051333333333,0.0,0.0,239.0,,0.0,1.029926949430832E7,,,,,,,,0.0,,162052281,,,,,12.35,,,,false,,
99546,1,gt06,2025-04-30T07:23:00Z,2025-04-30T07:22:17Z,2025-04-30T07:22:17Z,false,21.218605555555555,81.63051333333333,0.0,0.0,239.0,,0.0,1.029926949430832E7,,,false,,34,,,0.0,,162052281,11,,14,false,,,,,false,,5014880
99547,1,gt06,2025-04-30T07:23:01Z,2025-04-30T07:22:57Z,2025-04-30T07:22:57Z,false,21.218605555555555,81.63051333333333,0.0,0.0,239.0,,0.0,1.029926949430832E7,,,false,,34,,,0.0,,162052281,11,,14,false,,,,,false,,5014880
99550,1,gt06,2025-04-30T07:25:26Z,2025-04-30T07:25:26Z,2025-04-30T07:22:57Z,false,21.218605555555555,81.63051333333333,0.0,0.0,239.0,,0.0,1.029926949430832E7,,,false,4,19,,true,0.0,,162052281,,,,,,,100,4,false,false,
99551,1,gt06,2025-04-30T07:25:27Z,2025-04-30T07:25:27Z,2025-04-30T07:22:57Z,false,21.218605555555555,81.63051333333333,0.0,0.0,239.0,,0.0,1.029926949430832E7,,,,,,,,0.0,,162052281,,,,,12.35,,,,false,,
99552,1,gt06,2025-04-30T07:25:28Z,2025-04-30T07:23:07Z,2025-04-30T07:23:07Z,false,21.218605555555555,81.63051333333333,0.0,0.0,239.0,,0.0,1.029926949430832E7,,,false,,34,,,0.0,,162052281,11,,14,false,,,,,false,,5014880
99553,1,gt06,2025-04-30T07:25:28Z,2025-04-30T07:23:17Z,2025-04-30T07:23:17Z,false,21.218605555555555,81.63051333333333,0.0,0.0,239.0,,0.0,1.029926949430832E7,,,false,,34,,,0.0,,162052281,11,,14,false,,,,,false,,5014880
99554,1,gt06,2025-04-30T07:25:28Z,2025-04-30T07:23:27Z,2025-04-30T07:23:27Z,false,21.218605555555555,81.63051333333333,0.0,0.0,239.0,,0.0,1.029926949430832E7,,,false,,34,,,0.0,,162052281,11,,14,false,,,,,false,,5014880
99555,1,gt06,2025-04-30T07:25:28Z,2025-04-30T07:23:37Z,2025-04-30T07:23:37Z,false,21.218605555555555,81.63051333333333,0.0,0.0,239.0,,0.0,1.029926949430832E7,,,false,,34,,,0.0,,162052281,11,,14,false,,,,,false,,5014880
99556,1,gt06,2025-04-30T07:25:28Z,2025-04-30T07:23:47Z,2025-04-30T07:23:47Z,false,21.218605555555555,81.63051333333333,0.0,0.0,239.0,,0.0,1.029926949430832E7,,,false,,34,,,0.0,,162052281,11,,14,false,,,,,false,,5014880
99557,1,gt06,2025-04-30T07:25:28Z,2025-04-30T07:23:57Z,2025-04-30T07:23:57Z,false,21.218605555555555,81.63051333333333,0.0,0.0,239.0,,0.0,1.029926949430832E7,,,false,,34,,,0.0,,162052281,11,,14,false,,,,,false,,5014880
99558,1,gt06,2025-04-30T07:25:28Z,2025-04-30T07:24:07Z,2025-04-30T07:24:07Z,false,21.218605555555555,81.63051333333333,0.0,0.0,239.0,,0.0,1.029926949430832E7,,,false,,34,,,0.0,,162052281,11,,14,false,,,,,false,,5014880
99559,1,gt06,2025-04-30T07:25:28Z,2025-04-30T07:24:17Z,2025-04-30T07:24:17Z,false,21.218605555555555,81.63051333333333,0.0,0.0,239.0,,0.0,1.029926949430832E7,,,false,,34,,,0.0,,162052281,11,,14,false,,,,,false,,5014880
99560,1,gt06,2025-04-30T07:25:28Z,2025-04-30T07:24:27Z,2025-04-30T07:24:27Z,false,21.218605555555555,81.63051333333333,0.0,0.0,239.0,,0.0,1.029926949430832E7,,,false,,34,,,0.0,,162052281,11,,14,false,,,,,false,,5014880
99561,1,gt06,2025-04-30T07:25:28Z,2025-04-30T07:24:37Z,2025-04-30T07:24:37Z,false,21.218605555555555,81.63051333333333,0.0,0.0,239.0,,0.0,1.029926949430832E7,,,false,,34,,,0.0,,162052281,11,,14,false,,,,,false,,5014880
99562,1,gt06,2025-04-30T07:25:28Z,2025-04-30T07:24:47Z,2025-04-30T07:24:47Z,false,21.218605555555555,81.63051333333333,0.0,0.0,239.0,,0.0,1.029926949430832E7,,,false,,34,,,0.0,,162052281,11,,14,false,,,,,false,,5014880
99563,1,gt06,2025-04-30T07:25:28Z,2025-04-30T07:24:57Z,2025-04-30T07:24:57Z,false,21.218605555555555,81.63051333333333,0.0,0.0,239.0,,0.0,1.029926949430832E7,,,false,,34,,,0.0,,162052281,11,,14,false,,,,,false,,5014880
99564,1,gt06,2025-04-30T07:25:29Z,2025-04-30T07:25:07Z,2025-04-30T07:25:07Z,false,21.218605555555555,81.63051333333333,0.0,0.0,239.0,,0.0,1.029926949430832E7,,,false,,34,,,0.0,,162052281,11,,14,false,,,,,false,,5014880
99565,1,gt06,2025-04-30T07:25:34Z,2025-04-30T07:25:27Z,2025-04-30T07:25:27Z,false,21.218605555555555,81.63051333333333,0.0,0.0,239.0,,0.0,1.029926949430832E7,,,false,,34,,,0.0,,162052281,11,,14,false,,,,,false,,5014880
99566,1,gt06,2025-04-30T07:25:41Z,2025-04-30T07:25:37Z,2025-04-30T07:25:37Z,false,21.218605555555555,81.63051333333333,0.0,0.0,239.0,,0.0,1.029926949430832E7,,,false,,34,,,0.0,,162052281,11,,14,false,,,,,false,,5014880
99567,1,gt06,2025-04-30T07:25:58Z,2025-04-30T07:25:47Z,2025-04-30T07:25:47Z,false,21.218605555555555,81.63051333333333,0.0,0.0,239.0,,0.0,1.029926949430832E7,,,false,,34,,,0.0,,162052281,11,,14,false,,,,,false,,5014880
99568,1,gt06,2025-04-30T07:26:07Z,2025-04-30T07:25:57Z,2025-04-30T07:25:57Z,false,21.218605555555555,81.63051333333333,0.0,0.0,239.0,,0.0,1.029926949430832E7,,,false,,34,,,0.0,,162052281,11,,14,false,,,,,false,,5014880
99569,1,gt06,2025-04-30T07:26:11Z,2025-04-30T07:26:07Z,2025-04-30T07:26:07Z,false,21.218605555555555,81.63051333333333,0.0,0.0,239.0,,0.0,1.029926949430832E7,,,false,,34,,,0.0,,162052281,11,,14,false,,,,,false,,5014880
99570,1,gt06,2025-04-30T07:26:26Z,2025-04-30T07:26:17Z,2025-04-30T07:26:17Z,false,21.218605555555555,81.63051333333333,0.0,0.0,239.0,,0.0,1.029926949430832E7,,,false,,34,,,0.0,,162052281,11,,14,false,,,,,false,,5014880
99571,1,gt06,2025-04-30T07:26:27Z,2025-04-30T07:26:27Z,2025-04-30T07:26:17Z,false,21.218605555555555,81.63051333333333,0.0,0.0,239.0,,0.0,1.029926949430832E7,,,false,4,19,,true,0.0,,162052281,,,,,,,100,4,false,false,
99572,1,gt06,2025-04-30T07:26:31Z,2025-04-30T07:26:27Z,2025-04-30T07:26:27Z,false,21.218605555555555,81.63051333333333,0.0,0.0,239.0,,0.0,1.029926949430832E7,,,false,,34,,,0.0,,162052281,11,,14,false,,,,,false,,5014880
99573,1,gt06,2025-04-30T07:26:41Z,2025-04-30T07:26:37Z,2025-04-30T07:26:37Z,false,21.218605555555555,81.63051333333333,0.0,0.0,239.0,,0.0,1.029926949430832E7,,,false,,34,,,0.0,,162052281,11,,14,false,,,,,false,,5014880
99574,1,gt06,2025-04-30T07:26:51Z,2025-04-30T07:26:47Z,2025-04-30T07:26:47Z,false,21.218605555555555,81.63051333333333,0.0,0.0,239.0,,0.0,1.029926949430832E7,,,false,,34,,,0.0,,162052281,11,,14,false,,,,,false,,5014880
99575,1,gt06,2025-04-30T07:27:14Z,2025-04-30T07:26:57Z,2025-04-30T07:26:57Z,false,21.218605555555555,81.63051333333333,0.0,0.0,239.0,,0.0,1.029926949430832E7,,,false,,34,,,0.0,,162052281,11,,14,false,,,,,false,,5014880
99576,1,gt06,2025-04-30T07:27:19Z,2025-04-30T07:27:19Z,2025-04-30T07:26:57Z,false,21.218605555555555,81.63051333333333,0.0,0.0,239.0,,0.0,1.029926949430832E7,,,false,4,19,,true,0.0,,162052281,,,,,,,83,4,false,false,
99577,1,gt06,2025-04-30T07:27:20Z,2025-04-30T07:27:20Z,2025-04-30T07:26:57Z,false,21.218605555555555,81.63051333333333,0.0,0.0,239.0,,0.0,1.029926949430832E7,,,,,,,,0.0,,162052281,,,,,12.35,,,,false,,
99578,1,gt06,2025-04-30T07:27:21Z,2025-04-30T07:26:57Z,2025-04-30T07:26:57Z,false,21.218605555555555,81.63051333333333,0.0,0.0,239.0,,0.0,1.029926949430832E7,,,false,,34,,,0.0,,162052281,11,,14,false,,,,,false,,5014880
99579,1,gt06,2025-04-30T07:27:21Z,2025-04-30T07:27:07Z,2025-04-30T07:27:07Z,false,21.218605555555555,81.63051333333333,0.0,0.0,239.0,,0.0,1.029926949430832E7,,,false,,34,,,0.0,,162052281,11,,14,false,,,,,false,,5014880
99580,1,gt06,2025-04-30T07:27:22Z,2025-04-30T07:27:17Z,2025-04-30T07:27:17Z,false,21.218605555555555,81.63051333333333,0.0,0.0,239.0,,0.0,1.029926949430832E7,,,false,,34,,,0.0,,162052281,11,,14,false,,,,,false,,5014880
99581,1,gt06,2025-04-30T07:27:31Z,2025-04-30T07:27:27Z,2025-04-30T07:27:27Z,false,21.218605555555555,81.63051333333333,0.0,0.0,239.0,,0.0,1.029926949430832E7,,,false,,34,,,0.0,,162052281,11,,14,false,,,,,false,,5014880
99582,1,gt06,2025-04-30T07:27:41Z,2025-04-30T07:27:37Z,2025-04-30T07:27:37Z,false,21.218605555555555,81.63051333333333,0.0,0.0,239.0,,0.0,1.029926949430832E7,,,false,,34,,,0.0,,162052281,11,,14,false,,,,,false,,5014880
99583,1,gt06,2025-04-30T07:27:52Z,2025-04-30T07:27:47Z,2025-04-30T07:27:47Z,false,21.218605555555555,81.63051333333333,0.0,0.0,239.0,,0.0,1.029926949430832E7,,,false,,34,,,0.0,,162052281,11,,14,false,,,,,false,,5014880
99584,1,gt06,2025-04-30T07:28:01Z,2025-04-30T07:27:57Z,2025-04-30T07:27:57Z,false,21.218605555555555,81.63051333333333,0.0,0.0,239.0,,0.0,1.029926949430832E7,,,false,,34,,,0.0,,162052281,11,,14,false,,,,,false,,5014880
99585,1,gt06,2025-04-30T07:28:11Z,2025-04-30T07:28:07Z,2025-04-30T07:28:07Z,false,21.218605555555555,81.63051333333333,0.0,0.0,239.0,,0.0,1.029926949430832E7,,,false,,34,,,0.0,,162052281,11,,14,false,,,,,false,,5014880
99586,1,gt06,2025-04-30T07:28:19Z,2025-04-30T07:28:19Z,2025-04-30T07:28:07Z,false,21.218605555555555,81.63051333333333,0.0,0.0,239.0,,0.0,1.029926949430832E7,,,false,4,19,,true,0.0,,162052281,,,,,,,100,4,false,false,
99587,1,gt06,2025-04-30T07:28:22Z,2025-04-30T07:28:17Z,2025-04-30T07:28:17Z,false,21.218605555555555,81.63051333333333,0.0,0.0,239.0,,0.0,1.029926949430832E7,,,false,,34,,,0.0,,162052281,11,,14,false,,,,,false,,5014880
99588,1,gt06,2025-04-30T07:28:32Z,2025-04-30T07:28:27Z,2025-04-30T07:28:27Z,false,21.218605555555555,81.63051333333333,0.0,0.0,239.0,,0.0,1.029926949430832E7,,,false,,34,,,0.0,,162052281,11,,14,false,,,,,false,,5014880
99590,1,gt06,2025-04-30T07:28:41Z,2025-04-30T07:28:37Z,2025-04-30T07:28:37Z,false,21.218605555555555,81.63051333333333,0.0,0.0,239.0,,0.0,1.029926949430832E7,,,false,,34,,,0.0,,162052281,11,,14,false,,,,,false,,5014880
99591,1,gt06,2025-04-30T07:28:51Z,2025-04-30T07:28:47Z,2025-04-30T07:28:47Z,false,21.218605555555555,81.63051333333333,0.0,0.0,239.0,,0.0,1.029926949430832E7,,,false,,34,,,0.0,,162052281,11,,14,false,,,,,false,,5014880
99592,1,gt06,2025-04-30T07:29:01Z,2025-04-30T07:28:57Z,2025-04-30T07:28:57Z,false,21.218605555555555,81.63051333333333,0.0,0.0,239.0,,0.0,1.029926949430832E7,,,false,,34,,,0.0,,162052281,11,,14,false,,,,,false,,5014880
99593,1,gt06,2025-04-30T07:29:11Z,2025-04-30T07:29:07Z,2025-04-30T07:29:07Z,false,21.218605555555555,81.63051333333333,0.0,0.0,239.0,,0.0,1.029926949430832E7,,,false,,34,,,0.0,,162052281,11,,14,false,,,,,false,,5014880
99594,1,gt06,2025-04-30T07:29:19Z,2025-04-30T07:29:19Z,2025-04-30T07:29:07Z,false,21.218605555555555,81.63051333333333,0.0,0.0,239.0,,0.0,1.029926949430832E7,,,false,4,19,,true,0.0,,162052281,,,,,,,100,4,false,false,
99595,1,gt06,2025-04-30T07:29:22Z,2025-04-30T07:29:17Z,2025-04-30T07:29:17Z,false,21.218605555555555,81.63051333333333,0.0,0.0,239.0,,0.0,1.029926949430832E7,,,false,,34,,,0.0,,162052281,11,,14,false,,,,,false,,5014880
99596,1,gt06,2025-04-30T07:29:31Z,2025-04-30T07:29:27Z,2025-04-30T07:29:27Z,false,21.218605555555555,81.63051333333333,0.0,0.0,239.0,,0.0,1.029926949430832E7,,,false,,34,,,0.0,,162052281,11,,14,false,,,,,false,,5014880
99597,1,gt06,2025-04-30T07:29:42Z,2025-04-30T07:29:37Z,2025-04-30T07:29:37Z,false,21.218605555555555,81.63051333333333,0.0,0.0,239.0,,0.0,1.029926949430832E7,,,false,,34,,,0.0,,162052281,11,,14,false,,,,,false,,5014880
99598,1,gt06,2025-04-30T07:29:54Z,2025-04-30T07:29:47Z,2025-04-30T07:29:47Z,false,21.218605555555555,81.63051333333333,0.0,0.0,239.0,,0.0,1.029926949430832E7,,,false,,34,,,0.0,,162052281,11,,14,false,,,,,false,,5014880
99599,1,gt06,2025-04-30T07:29:58Z,2025-04-30T07:29:58Z,2025-04-30T07:29:47Z,false,21.218605555555555,81.63051333333333,0.0,0.0,239.0,,0.0,1.029926949430832E7,,,false,4,19,,true,0.0,,162052281,,,,,,,100,4,false,false,
99600,1,gt06,2025-04-30T07:29:58Z,2025-04-30T07:29:58Z,2025-04-30T07:29:47Z,false,21.218605555555555,81.63051333333333,0.0,0.0,239.0,,0.0,1.029926949430832E7,,,,,,,,0.0,,162052281,,,,,12.25,,,,false,,
99601,1,gt06,2025-04-30T07:29:59Z,2025-04-30T07:29:47Z,2025-04-30T07:29:47Z,false,21.218605555555555,81.63051333333333,0.0,0.0,239.0,,0.0,1.029926949430832E7,,,false,,34,,,0.0,,162052281,11,,14,false,,,,,false,,5014880
99602,1,gt06,2025-04-30T07:30:02Z,2025-04-30T07:29:57Z,2025-04-30T07:29:57Z,false,21.218605555555555,81.63051333333333,0.0,0.0,239.0,,0.0,1.029926949430832E7,,,false,,34,,,0.0,,162052281,11,,14,false,,,,,false,,5014880
99603,1,gt06,2025-04-30T07:30:14Z,2025-04-30T07:30:07Z,2025-04-30T07:30:07Z,false,21.218605555555555,81.63051333333333,0.0,0.0,239.0,,0.0,1.029926949430832E7,,,false,,34,,,0.0,,162052281,11,,14,false,,,,,false,,5014880
99604,1,gt06,2025-04-30T07:30:55Z,2025-04-30T07:30:17Z,2025-04-30T07:30:17Z,false,21.218605555555555,81.63051333333333,0.0,0.0,239.0,,0.0,1.029926949430832E7,,,false,,34,,,0.0,,162052281,11,,14,false,,,,,false,,5014880
99605,1,gt06,2025-04-30T07:30:59Z,2025-04-30T07:30:59Z,2025-04-30T07:30:17Z,false,21.218605555555555,81.63051333333333,0.0,0.0,239.0,,0.0,1.029926949430832E7,,,false,4,19,,true,0.0,,162052281,,,,,,,100,4,false,false,
99606,1,gt06,2025-04-30T07:30:59Z,2025-04-30T07:30:59Z,2025-04-30T07:30:17Z,false,21.218605555555555,81.63051333333333,0.0,0.0,239.0,,0.0,1.029926949430832E7,,,,,,,,0.0,,162052281,,,,,12.25,,,,false,,
99607,1,gt06,2025-04-30T07:31:00Z,2025-04-30T07:30:17Z,2025-04-30T07:30:17Z,false,21.218605555555555,81.63051333333333,0.0,0.0,239.0,,0.0,1.029926949430832E7,,,false,,34,,,0.0,,162052281,11,,14,false,,,,,false,,5014880
99608,1,gt06,2025-04-30T07:31:00Z,2025-04-30T07:30:27Z,2025-04-30T07:30:27Z,false,21.218605555555555,81.63051333333333,0.0,0.0,239.0,,0.0,1.029926949430832E7,,,false,,34,,,0.0,,162052281,11,,14,false,,,,,false,,5014880
99609,1,gt06,2025-04-30T07:31:00Z,2025-04-30T07:30:37Z,2025-04-30T07:30:37Z,false,21.218605555555555,81.63051333333333,0.0,0.0,239.0,,0.0,1.029926949430832E7,,,false,,34,,,0.0,,162052281,11,,14,false,,,,,false,,5014880
99610,1,gt06,2025-04-30T07:31:00Z,2025-04-30T07:30:47Z,2025-04-30T07:30:47Z,false,21.218605555555555,81.63051333333333,0.0,0.0,239.0,,0.0,1.029926949430832E7,,,false,,34,,,0.0,,162052281,11,,14,false,,,,,false,,5014880
99611,1,gt06,2025-04-30T07:31:01Z,2025-04-30T07:30:57Z,2025-04-30T07:30:57Z,false,21.218605555555555,81.63051333333333,0.0,0.0,239.0,,0.0,1.029926949430832E7,,,false,,34,,,0.0,,162052281,11,,14,false,,,,,false,,5014880
99612,1,gt06,2025-04-30T07:31:19Z,2025-04-30T07:31:07Z,2025-04-30T07:31:07Z,false,21.218605555555555,81.63051333333333,0.0,0.0,239.0,,0.0,1.029926949430832E7,,,false,,34,,,0.0,,162052281,11,,14,false,,,,,false,,5014880
99613,1,gt06,2025-04-30T07:31:38Z,2025-04-30T07:31:38Z,2025-04-30T07:31:07Z,false,21.218605555555555,81.63051333333333,0.0,0.0,239.0,,0.0,1.029926949430832E7,,,false,4,19,,true,0.0,,162052281,,,,,,,100,4,false,false,
99614,1,gt06,2025-04-30T07:31:39Z,2025-04-30T07:31:39Z,2025-04-30T07:31:07Z,false,21.218605555555555,81.63051333333333,0.0,0.0,239.0,,0.0,1.029926949430832E7,,,,,,,,0.0,,162052281,,,,,12.3,,,,false,,
99615,1,gt06,2025-04-30T07:31:39Z,2025-04-30T07:31:07Z,2025-04-30T07:31:07Z,false,21.218605555555555,81.63051333333333,0.0,0.0,239.0,,0.0,1.029926949430832E7,,,false,,34,,,0.0,,162052281,11,,14,false,,,,,false,,5014880
99616,1,gt06,2025-04-30T07:31:41Z,2025-04-30T07:31:37Z,2025-04-30T07:31:37Z,false,21.218605555555555,81.63051333333333,0.0,0.0,239.0,,0.0,1.029926949430832E7,,,false,,34,,,0.0,,162052281,11,,14,false,,,,,false,,5014880
99617,1,gt06,2025-04-30T07:32:09Z,2025-04-30T07:32:09Z,2025-04-30T07:31:37Z,false,21.218605555555555,81.63051333333333,0.0,0.0,239.0,,0.0,1.029926949430832E7,,,false,4,19,,true,0.0,,162052281,,,,,,,100,4,false,false,
99618,1,gt06,2025-04-30T07:32:10Z,2025-04-30T07:32:10Z,2025-04-30T07:31:37Z,false,21.218605555555555,81.63051333333333,0.0,0.0,239.0,,0.0,1.029926949430832E7,,,,,,,,0.0,,162052281,,,,,12.35,,,,false,,
99619,1,gt06,2025-04-30T07:32:11Z,2025-04-30T07:32:07Z,2025-04-30T07:32:07Z,false,21.218605555555555,81.63051333333333,0.0,0.0,239.0,,0.0,1.029926949430832E7,,,false,,34,,,0.0,,162052281,11,,14,false,,,,,false,,5014880
99620,1,gt06,2025-04-30T07:32:22Z,2025-04-30T07:32:17Z,2025-04-30T07:32:17Z,false,21.218605555555555,81.63051333333333,0.0,0.0,239.0,,0.0,1.029926949430832E7,,,false,,34,,,0.0,,162052281,11,,14,false,,,,,false,,5014880
99621,1,gt06,2025-04-30T07:32:44Z,2025-04-30T07:32:27Z,2025-04-30T07:32:27Z,false,21.218605555555555,81.63051333333333,0.0,0.0,239.0,,0.0,1.029926949430832E7,,,false,,34,,,0.0,,162052281,11,,14,false,,,,,false,,5014880
99622,1,gt06,2025-04-30T07:32:48Z,2025-04-30T07:32:48Z,2025-04-30T07:32:27Z,false,21.218605555555555,81.63051333333333,0.0,0.0,239.0,,0.0,1.029926949430832E7,,,false,4,19,,true,0.0,,162052281,,,,,,,100,4,false,false,
99623,1,gt06,2025-04-30T07:32:48Z,2025-04-30T07:32:48Z,2025-04-30T07:32:27Z,false,21.218605555555555,81.63051333333333,0.0,0.0,239.0,,0.0,1.029926949430832E7,,,,,,,,0.0,,162052281,,,,,12.25,,,,false,,
99624,1,gt06,2025-04-30T07:32:49Z,2025-04-30T07:32:27Z,2025-04-30T07:32:27Z,false,21.218605555555555,81.63051333333333,0.0,0.0,239.0,,0.0,1.029926949430832E7,,,false,,34,,,0.0,,162052281,11,,14,false,,,,,false,,5014880
99625,1,gt06,2025-04-30T07:32:49Z,2025-04-30T07:32:37Z,2025-04-30T07:32:37Z,false,21.218605555555555,81.63051333333333,0.0,0.0,239.0,,0.0,1.029926949430832E7,,,false,,34,,,0.0,,162052281,11,,14,false,,,,,false,,5014880
99626,1,gt06,2025-04-30T07:32:52Z,2025-04-30T07:32:47Z,2025-04-30T07:32:47Z,false,21.218605555555555,81.63051333333333,0.0,0.0,239.0,,0.0,1.029926949430832E7,,,false,,34,,,0.0,,162052281,11,,14,false,,,,,false,,5014880
99627,1,gt06,2025-04-30T07:33:10Z,2025-04-30T07:32:57Z,2025-04-30T07:32:57Z,false,21.218605555555555,81.63051333333333,0.0,0.0,239.0,,0.0,1.029926949430832E7,,,false,,34,,,0.0,,162052281,11,,14,false,,,,,false,,5014880
99628,1,gt06,2025-04-30T07:33:13Z,2025-04-30T07:33:13Z,2025-04-30T07:32:57Z,false,21.218605555555555,81.63051333333333,0.0,0.0,239.0,,0.0,1.029926949430832E7,,,false,4,19,,true,0.0,,162052281,,,,,,,100,4,false,false,
99629,1,gt06,2025-04-30T07:33:14Z,2025-04-30T07:33:14Z,2025-04-30T07:32:57Z,false,21.218605555555555,81.63051333333333,0.0,0.0,239.0,,0.0,1.029926949430832E7,,,,,,,,0.0,,162052281,,,,,12.3,,,,false,,
99630,1,gt06,2025-04-30T07:33:15Z,2025-04-30T07:32:57Z,2025-04-30T07:32:57Z,false,21.218605555555555,81.63051333333333,0.0,0.0,239.0,,0.0,1.029926949430832E7,,,false,,34,,,0.0,,162052281,11,,14,false,,,,,false,,5014880
99631,1,gt06,2025-04-30T07:33:27Z,2025-04-30T07:33:17Z,2025-04-30T07:33:17Z,false,21.218605555555555,81.63051333333333,0.0,0.0,239.0,,0.0,1.029926949430832E7,,,false,,34,,,0.0,,162052281,11,,14,false,,,,,false,,5014880
99632,1,gt06,2025-04-30T07:33:31Z,2025-04-30T07:33:31Z,2025-04-30T07:33:17Z,false,21.218605555555555,81.63051333333333,0.0,0.0,239.0,,0.0,1.029926949430832E7,,,false,4,19,,true,0.0,,162052281,,,,,,,100,4,false,false,
99633,1,gt06,2025-04-30T07:33:32Z,2025-04-30T07:33:32Z,2025-04-30T07:33:17Z,false,21.218605555555555,81.63051333333333,0.0,0.0,239.0,,0.0,1.029926949430832E7,,,,,,,,0.0,,162052281,,,,,12.3,,,,false,,
99634,1,gt06,2025-04-30T07:33:33Z,2025-04-30T07:33:17Z,2025-04-30T07:33:17Z,false,21.218605555555555,81.63051333333333,0.0,0.0,239.0,,0.0,1.029926949430832E7,,,false,,34,,,0.0,,162052281,11,,14,false,,,,,false,,5014880
99635,1,gt06,2025-04-30T07:33:33Z,2025-04-30T07:33:27Z,2025-04-30T07:33:27Z,false,21.218605555555555,81.63051333333333,0.0,0.0,239.0,,0.0,1.029926949430832E7,,,false,,34,,,0.0,,162052281,11,,14,false,,,,,false,,5014880
99638,1,gt06,2025-04-30T07:33:42Z,2025-04-30T07:33:37Z,2025-04-30T07:33:37Z,false,21.218605555555555,81.63051333333333,0.0,0.0,239.0,,0.0,1.029926949430832E7,,,false,,34,,,0.0,,162052281,11,,14,false,,,,,false,,5014880
99639,1,gt06,2025-04-30T07:33:52Z,2025-04-30T07:33:47Z,2025-04-30T07:33:47Z,false,21.218605555555555,81.63051333333333,0.0,0.0,239.0,,0.0,1.029926949430832E7,,,false,,34,,,0.0,,162052281,11,,14,false,,,,,false,,5014880
99640,1,gt06,2025-04-30T07:34:02Z,2025-04-30T07:33:57Z,2025-04-30T07:33:57Z,false,21.218605555555555,81.63051333333333,0.0,0.0,239.0,,0.0,1.029926949430832E7,,,false,,34,,,0.0,,162052281,11,,14,false,,,,,false,,5014880
99641,1,gt06,2025-04-30T07:34:12Z,2025-04-30T07:34:07Z,2025-04-30T07:34:07Z,false,21.218605555555555,81.63051333333333,0.0,0.0,239.0,,0.0,1.029926949430832E7,,,false,,34,,,0.0,,162052281,11,,14,false,,,,,false,,5014880
99642,1,gt06,2025-04-30T07:34:22Z,2025-04-30T07:34:17Z,2025-04-30T07:34:17Z,false,21.218605555555555,81.63051333333333,0.0,0.0,239.0,,0.0,1.029926949430832E7,,,false,,34,,,0.0,,162052281,11,,14,false,,,,,false,,5014880
99643,1,gt06,2025-04-30T07:34:32Z,2025-04-30T07:34:32Z,2025-04-30T07:34:17Z,false,21.218605555555555,81.63051333333333,0.0,0.0,239.0,,0.0,1.029926949430832E7,,,false,4,19,,true,0.0,,162052281,,,,,,,100,4,false,false,
99644,1,gt06,2025-04-30T07:34:33Z,2025-04-30T07:34:27Z,2025-04-30T07:34:27Z,false,21.218605555555555,81.63051333333333,0.0,0.0,239.0,,0.0,1.029926949430832E7,,,false,,34,,,0.0,,162052281,11,,14,false,,,,,false,,5014880
99645,1,gt06,2025-04-30T07:34:42Z,2025-04-30T07:34:37Z,2025-04-30T07:34:37Z,false,21.218605555555555,81.63051333333333,0.0,0.0,239.0,,0.0,1.029926949430832E7,,,false,,34,,,0.0,,162052281,11,,14,false,,,,,false,,5014880
99646,1,gt06,2025-04-30T07:34:52Z,2025-04-30T07:34:47Z,2025-04-30T07:34:47Z,false,21.218605555555555,81.63051333333333,0.0,0.0,239.0,,0.0,1.029926949430832E7,,,false,,34,,,0.0,,162052281,11,,14,false,,,,,false,,5014880
99647,1,gt06,2025-04-30T07:35:02Z,2025-04-30T07:34:57Z,2025-04-30T07:34:57Z,false,21.218605555555555,81.63051333333333,0.0,0.0,239.0,,0.0,1.029926949430832E7,,,false,,34,,,0.0,,162052281,11,,14,false,,,,,false,,5014880
99648,1,gt06,2025-04-30T07:35:12Z,2025-04-30T07:35:07Z,2025-04-30T07:35:07Z,false,21.218605555555555,81.63051333333333,0.0,0.0,239.0,,0.0,1.029926949430832E7,,,false,,34,,,0.0,,162052281,11,,14,false,,,,,false,,5014880
99649,1,gt06,2025-04-30T07:35:22Z,2025-04-30T07:35:18Z,2025-04-30T07:35:18Z,false,21.218605555555555,81.63051333333333,0.0,0.0,239.0,,0.0,1.029926949430832E7,,,false,,34,,,0.0,,162052281,11,,14,false,,,,,false,,5014880
99650,1,gt06,2025-04-30T07:35:32Z,2025-04-30T07:35:32Z,2025-04-30T07:35:18Z,false,21.218605555555555,81.63051333333333,0.0,0.0,239.0,,0.0,1.029926949430832E7,,,false,4,19,,true,0.0,,162052281,,,,,,,100,4,false,false,
99651,1,gt06,2025-04-30T07:35:33Z,2025-04-30T07:35:28Z,2025-04-30T07:35:28Z,false,21.218605555555555,81.63051333333333,0.0,0.0,239.0,,0.0,1.029926949430832E7,,,false,,34,,,0.0,,162052281,11,,14,false,,,,,false,,5014880
99652,1,gt06,2025-04-30T07:35:42Z,2025-04-30T07:35:38Z,2025-04-30T07:35:38Z,false,21.218605555555555,81.63051333333333,0.0,0.0,239.0,,0.0,1.029926949430832E7,,,false,,34,,,0.0,,162052281,11,,14,false,,,,,false,,5014880
99653,1,gt06,2025-04-30T07:35:52Z,2025-04-30T07:35:48Z,2025-04-30T07:35:48Z,false,21.218605555555555,81.63051333333333,0.0,0.0,239.0,,0.0,1.029926949430832E7,,,false,,34,,,0.0,,162052281,11,,14,false,,,,,false,,5014880
99654,1,gt06,2025-04-30T07:36:02Z,2025-04-30T07:35:58Z,2025-04-30T07:35:58Z,false,21.218605555555555,81.63051333333333,0.0,0.0,239.0,,0.0,1.029926949430832E7,,,false,,34,,,0.0,,162052281,11,,14,false,,,,,false,,5014880
99655,1,gt06,2025-04-30T07:36:12Z,2025-04-30T07:36:08Z,2025-04-30T07:36:08Z,false,21.218605555555555,81.63051333333333,0.0,0.0,239.0,,0.0,1.029926949430832E7,,,false,,34,,,0.0,,162052281,11,,14,false,,,,,false,,5014880
99656,1,gt06,2025-04-30T07:36:22Z,2025-04-30T07:36:18Z,2025-04-30T07:36:18Z,false,21.218605555555555,81.63051333333333,0.0,0.0,239.0,,0.0,1.029926949430832E7,,,false,,34,,,0.0,,162052281,11,,14,false,,,,,false,,5014880
99657,1,gt06,2025-04-30T07:36:32Z,2025-04-30T07:36:32Z,2025-04-30T07:36:18Z,false,21.218605555555555,81.63051333333333,0.0,0.0,239.0,,0.0,1.029926949430832E7,,,false,4,19,,true,0.0,,162052281,,,,,,,100,4,false,false,
99658,1,gt06,2025-04-30T07:36:33Z,2025-04-30T07:36:28Z,2025-04-30T07:36:28Z,false,21.218605555555555,81.63051333333333,0.0,0.0,239.0,,0.0,1.029926949430832E7,,,false,,34,,,0.0,,162052281,11,,14,false,,,,,false,,5014880
99659,1,gt06,2025-04-30T07:36:57Z,2025-04-30T07:36:38Z,2025-04-30T07:36:38Z,false,21.218605555555555,81.63051333333333,0.0,0.0,239.0,,0.0,1.029926949430832E7,,,false,,34,,,0.0,,162052281,11,,14,false,,,,,false,,5014880
99660,1,gt06,2025-04-30T07:37:02Z,2025-04-30T07:37:02Z,2025-04-30T07:36:38Z,false,21.218605555555555,81.63051333333333,0.0,0.0,239.0,,0.0,1.029926949430832E7,,,false,4,19,,true,0.0,,162052281,,,,,,,100,4,false,false,
99661,1,gt06,2025-04-30T07:37:02Z,2025-04-30T07:37:02Z,2025-04-30T07:36:38Z,false,21.218605555555555,81.63051333333333,0.0,0.0,239.0,,0.0,1.029926949430832E7,,,,,,,,0.0,,162052281,,,,,12.35,,,,false,,
99662,1,gt06,2025-04-30T07:37:03Z,2025-04-30T07:36:38Z,2025-04-30T07:36:38Z,false,21.218605555555555,81.63051333333333,0.0,0.0,239.0,,0.0,1.029926949430832E7,,,false,,34,,,0.0,,162052281,11,,14,false,,,,,false,,5014880
99663,1,gt06,2025-04-30T07:37:03Z,2025-04-30T07:36:48Z,2025-04-30T07:36:48Z,false,21.218605555555555,81.63051333333333,0.0,0.0,239.0,,0.0,1.029926949430832E7,,,false,,34,,,0.0,,162052281,11,,14,false,,,,,false,,5014880
99664,1,gt06,2025-04-30T07:37:03Z,2025-04-30T07:36:58Z,2025-04-30T07:36:58Z,false,21.218605555555555,81.63051333333333,0.0,0.0,239.0,,0.0,1.029926949430832E7,,,false,,34,,,0.0,,162052281,11,,14,false,,,,,false,,5014880
99665,1,gt06,2025-04-30T07:37:15Z,2025-04-30T07:37:08Z,2025-04-30T07:37:08Z,false,21.218605555555555,81.63051333333333,0.0,0.0,239.0,,0.0,1.029926949430832E7,,,false,,34,,,0.0,,162052281,11,,14,false,,,,,false,,5014880
99666,1,gt06,2025-04-30T07:37:20Z,2025-04-30T07:37:20Z,2025-04-30T07:37:08Z,false,21.218605555555555,81.63051333333333,0.0,0.0,239.0,,0.0,1.029926949430832E7,,,false,4,19,,true,0.0,,162052281,,,,,,,100,4,false,false,
99667,1,gt06,2025-04-30T07:37:21Z,2025-04-30T07:37:21Z,2025-04-30T07:37:08Z,false,21.218605555555555,81.63051333333333,0.0,0.0,239.0,,0.0,1.029926949430832E7,,,,,,,,0.0,,162052281,,,,,12.3,,,,false,,
99668,1,gt06,2025-04-30T07:37:22Z,2025-04-30T07:37:08Z,2025-04-30T07:37:08Z,false,21.218605555555555,81.63051333333333,0.0,0.0,239.0,,0.0,1.029926949430832E7,,,false,,34,,,0.0,,162052281,11,,14,false,,,,,false,,5014880
99669,1,gt06,2025-04-30T07:37:22Z,2025-04-30T07:37:18Z,2025-04-30T07:37:18Z,false,21.218605555555555,81.63051333333333,0.0,0.0,239.0,,0.0,1.029926949430832E7,,,false,,34,,,0.0,,162052281,11,,14,false,,,,,false,,5014880
99670,1,gt06,2025-04-30T07:37:32Z,2025-04-30T07:37:28Z,2025-04-30T07:37:28Z,false,21.218605555555555,81.63051333333333,0.0,0.0,239.0,,0.0,1.029926949430832E7,,,false,,34,,,0.0,,162052281,11,,14,false,,,,,false,,5014880
99671,1,gt06,2025-04-30T07:37:43Z,2025-04-30T07:37:38Z,2025-04-30T07:37:38Z,false,21.218605555555555,81.63051333333333,0.0,0.0,239.0,,0.0,1.029926949430832E7,,,false,,34,,,0.0,,162052281,11,,14,false,,,,,false,,5014880
99672,1,gt06,2025-04-30T07:37:52Z,2025-04-30T07:37:52Z,2025-04-30T07:37:38Z,false,21.218605555555555,81.63051333333333,0.0,0.0,239.0,,0.0,1.029926949430832E7,,,false,4,19,,true,0.0,,162052281,,,,,,,100,4,false,false,
99673,1,gt06,2025-04-30T07:37:53Z,2025-04-30T07:37:53Z,2025-04-30T07:37:38Z,false,21.218605555555555,81.63051333333333,0.0,0.0,239.0,,0.0,1.029926949430832E7,,,,,,,,0.0,,162052281,,,,,12.3,,,,false,,
99674,1,gt06,2025-04-30T07:38:02Z,2025-04-30T07:37:58Z,2025-04-30T07:37:58Z,false,21.218605555555555,81.63051333333333,0.0,0.0,239.0,,0.0,1.029926949430832E7,,,false,,34,,,0.0,,162052281,11,,14,false,,,,,false,,5014880
99675,1,gt06,2025-04-30T07:38:12Z,2025-04-30T07:38:08Z,2025-04-30T07:38:08Z,false,21.218605555555555,81.63051333333333,0.0,0.0,239.0,,0.0,1.029926949430832E7,,,false,,34,,,0.0,,162052281,11,,14,false,,,,,false,,5014880
99676,1,gt06,2025-04-30T07:38:43Z,2025-04-30T07:38:18Z,2025-04-30T07:38:18Z,false,21.218605555555555,81.63051333333333,0.0,0.0,239.0,,0.0,1.029926949430832E7,,,false,,34,,,0.0,,162052281,11,,14,false,,,,,false,,5014880
99677,1,gt06,2025-04-30T07:39:02Z,2025-04-30T07:39:02Z,2025-04-30T07:38:18Z,false,21.218605555555555,81.63051333333333,0.0,0.0,239.0,,0.0,1.029926949430832E7,,,false,4,19,,true,0.0,,162052281,,,,,,,100,4,false,false,
99678,1,gt06,2025-04-30T07:39:02Z,2025-04-30T07:39:02Z,2025-04-30T07:38:18Z,false,21.218605555555555,81.63051333333333,0.0,0.0,239.0,,0.0,1.029926949430832E7,,,,,,,,0.0,,162052281,,,,,12.3,,,,false,,
99679,1,gt06,2025-04-30T07:39:03Z,2025-04-30T07:38:18Z,2025-04-30T07:38:18Z,false,21.218605555555555,81.63051333333333,0.0,0.0,239.0,,0.0,1.029926949430832E7,,,false,,34,,,0.0,,162052281,11,,14,false,,,,,false,,5014880
99680,1,gt06,2025-04-30T07:39:03Z,2025-04-30T07:38:28Z,2025-04-30T07:38:28Z,false,21.218605555555555,81.63051333333333,0.0,0.0,239.0,,0.0,1.029926949430832E7,,,false,,34,,,0.0,,162052281,11,,14,false,,,,,false,,5014880
99681,1,gt06,2025-04-30T07:39:03Z,2025-04-30T07:38:58Z,2025-04-30T07:38:58Z,false,21.218605555555555,81.63051333333333,0.0,0.0,239.0,,0.0,1.029926949430832E7,,,false,,34,,,0.0,,162052281,11,,14,false,,,,,false,,5014880
99682,1,gt06,2025-04-30T07:39:12Z,2025-04-30T07:39:08Z,2025-04-30T07:39:08Z,false,21.218605555555555,81.63051333333333,0.0,0.0,239.0,,0.0,1.029926949430832E7,,,false,,34,,,0.0,,162052281,11,,14,false,,,,,false,,5014880
99683,1,gt06,2025-04-30T07:39:23Z,2025-04-30T07:39:18Z,2025-04-30T07:39:18Z,false,21.218605555555555,81.63051333333333,0.0,0.0,239.0,,0.0,1.029926949430832E7,,,false,,34,,,0.0,,162052281,11,,14,false,,,,,false,,5014880
99684,1,gt06,2025-04-30T07:39:33Z,2025-04-30T07:39:28Z,2025-04-30T07:39:28Z,false,21.218605555555555,81.63051333333333,0.0,0.0,239.0,,0.0,1.029926949430832E7,,,false,,34,,,0.0,,162052281,11,,14,false,,,,,false,,5014880
99685,1,gt06,2025-04-30T07:39:38Z,2025-04-30T07:39:38Z,2025-04-30T07:39:28Z,false,21.218605555555555,81.63051333333333,0.0,0.0,239.0,,0.0,1.029926949430832E7,,,false,4,19,,true,0.0,,162052281,,,,,,,100,4,false,false,
99686,1,gt06,2025-04-30T07:39:39Z,2025-04-30T07:39:39Z,2025-04-30T07:39:28Z,false,21.218605555555555,81.63051333333333,0.0,0.0,239.0,,0.0,1.029926949430832E7,,,,,,,,0.0,,162052281,,,,,12.25,,,,false,,
99687,1,gt06,2025-04-30T07:39:40Z,2025-04-30T07:39:28Z,2025-04-30T07:39:28Z,false,21.218605555555555,81.63051333333333,0.0,0.0,239.0,,0.0,1.029926949430832E7,,,false,,34,,,0.0,,162052281,11,,14,false,,,,,false,,5014880
99688,1,gt06,2025-04-30T07:39:42Z,2025-04-30T07:39:38Z,2025-04-30T07:39:38Z,false,21.218605555555555,81.63051333333333,0.0,0.0,239.0,,0.0,1.029926949430832E7,,,false,,34,,,0.0,,162052281,11,,14,false,,,,,false,,5014880
99689,1,gt06,2025-04-30T07:39:58Z,2025-04-30T07:39:48Z,2025-04-30T07:39:48Z,false,21.218605555555555,81.63051333333333,0.0,0.0,239.0,,0.0,1.029926949430832E7,,,false,,34,,,0.0,,162052281,11,,14,false,,,,,false,,5014880
99690,1,gt06,2025-04-30T07:40:02Z,2025-04-30T07:40:02Z,2025-04-30T07:39:48Z,false,21.218605555555555,81.63051333333333,0.0,0.0,239.0,,0.0,1.029926949430832E7,,,false,4,19,,true,0.0,,162052281,,,,,,,100,4,false,false,
99691,1,gt06,2025-04-30T07:40:04Z,2025-04-30T07:40:04Z,2025-04-30T07:39:48Z,false,21.218605555555555,81.63051333333333,0.0,0.0,239.0,,0.0,1.029926949430832E7,,,,,,,,0.0,,162052281,,,,,12.25,,,,false,,
99692,1,gt06,2025-04-30T07:40:04Z,2025-04-30T07:39:48Z,2025-04-30T07:39:48Z,false,21.218605555555555,81.63051333333333,0.0,0.0,239.0,,0.0,1.029926949430832E7,,,false,,34,,,0.0,,162052281,11,,14,false,,,,,false,,5014880
99693,1,gt06,2025-04-30T07:40:17Z,2025-04-30T07:40:08Z,2025-04-30T07:40:08Z,false,21.218605555555555,81.63051333333333,0.0,0.0,239.0,,0.0,1.029926949430832E7,,,false,,34,,,0.0,,162052281,11,,14,false,,,,,false,,5014880
99694,1,gt06,2025-04-30T07:40:23Z,2025-04-30T07:40:23Z,2025-04-30T07:40:08Z,false,21.218605555555555,81.63051333333333,0.0,0.0,239.0,,0.0,1.029926949430832E7,,,false,4,19,,true,0.0,,162052281,,,,,,,100,4,false,false,
99695,1,gt06,2025-04-30T07:40:24Z,2025-04-30T07:40:24Z,2025-04-30T07:40:08Z,false,21.218605555555555,81.63051333333333,0.0,0.0,239.0,,0.0,1.029926949430832E7,,,,,,,,0.0,,162052281,,,,,12.25,,,,false,,
99696,1,gt06,2025-04-30T07:40:25Z,2025-04-30T07:40:08Z,2025-04-30T07:40:08Z,false,21.218605555555555,81.63051333333333,0.0,0.0,239.0,,0.0,1.029926949430832E7,,,false,,34,,,0.0,,162052281,11,,14,false,,,,,false,,5014880
99697,1,gt06,2025-04-30T07:40:32Z,2025-04-30T07:40:28Z,2025-04-30T07:40:28Z,false,21.218605555555555,81.63051333333333,0.0,0.0,239.0,,0.0,1.029926949430832E7,,,false,,34,,,0.0,,162052281,11,,14,false,,,,,false,,5014880
99698,1,gt06,2025-04-30T07:40:42Z,2025-04-30T07:40:38Z,2025-04-30T07:40:38Z,false,21.218605555555555,81.63051333333333,0.0,0.0,239.0,,0.0,1.029926949430832E7,,,false,,34,,,0.0,,162052281,11,,14,false,,,,,false,,5014880
99701,1,gt06,2025-04-30T07:40:56Z,2025-04-30T07:40:56Z,2025-04-30T07:40:38Z,false,21.218605555555555,81.63051333333333,0.0,0.0,239.0,,0.0,1.029926949430832E7,,,false,4,19,,true,0.0,,162052281,,,,,,,100,4,false,false,
99702,1,gt06,2025-04-30T07:40:57Z,2025-04-30T07:40:57Z,2025-04-30T07:40:38Z,false,21.218605555555555,81.63051333333333,0.0,0.0,239.0,,0.0,1.029926949430832E7,,,,,,,,0.0,,162052281,,,,,12.25,,,,false,,
99703,1,gt06,2025-04-30T07:41:02Z,2025-04-30T07:40:58Z,2025-04-30T07:40:58Z,false,21.218605555555555,81.63051333333333,0.0,0.0,239.0,,0.0,1.029926949430832E7,,,false,,34,,,0.0,,162052281,11,,14,false,,,,,false,,5014880
99704,1,gt06,2025-04-30T07:41:13Z,2025-04-30T07:41:08Z,2025-04-30T07:41:08Z,false,21.218605555555555,81.63051333333333,0.0,0.0,239.0,,0.0,1.029926949430832E7,,,false,,34,,,0.0,,162052281,11,,14,false,,,,,false,,5014880
99705,1,gt06,2025-04-30T07:41:22Z,2025-04-30T07:41:18Z,2025-04-30T07:41:18Z,false,21.218605555555555,81.63051333333333,0.0,0.0,239.0,,0.0,1.029926949430832E7,,,false,,34,,,0.0,,162052281,11,,14,false,,,,,false,,5014880
99706,1,gt06,2025-04-30T07:41:32Z,2025-04-30T07:41:28Z,2025-04-30T07:41:28Z,false,21.218605555555555,81.63051333333333,0.0,0.0,239.0,,0.0,1.029926949430832E7,,,false,,34,,,0.0,,162052281,11,,14,false,,,,,false,,5014880
99707,1,gt06,2025-04-30T07:41:43Z,2025-04-30T07:41:38Z,2025-04-30T07:41:38Z,false,21.218605555555555,81.63051333333333,0.0,0.0,239.0,,0.0,1.029926949430832E7,,,false,,34,,,0.0,,162052281,11,,14,false,,,,,false,,5014880
99708,1,gt06,2025-04-30T07:41:53Z,2025-04-30T07:41:48Z,2025-04-30T07:41:48Z,false,21.218605555555555,81.63051333333333,0.0,0.0,239.0,,0.0,1.029926949430832E7,,,false,,34,,,0.0,,162052281,11,,14,false,,,,,false,,5014880
99709,1,gt06,2025-04-30T07:41:56Z,2025-04-30T07:41:56Z,2025-04-30T07:41:48Z,false,21.218605555555555,81.63051333333333,0.0,0.0,239.0,,0.0,1.029926949430832E7,,,false,4,19,,true,0.0,,162052281,,,,,,,100,4,false,false,
99710,1,gt06,2025-04-30T07:42:03Z,2025-04-30T07:41:58Z,2025-04-30T07:41:58Z,false,21.218605555555555,81.63051333333333,0.0,0.0,239.0,,0.0,1.029926949430832E7,,,false,,34,,,0.0,,162052281,11,,14,false,,,,,false,,5014880
99711,1,gt06,2025-04-30T07:42:17Z,2025-04-30T07:42:08Z,2025-04-30T07:42:08Z,false,21.218605555555555,81.63051333333333,0.0,0.0,239.0,,0.0,1.029926949430832E7,,,false,,34,,,0.0,,162052281,11,,14,false,,,,,false,,5014880
99712,1,gt06,2025-04-30T07:42:24Z,2025-04-30T07:42:18Z,2025-04-30T07:42:18Z,false,21.218605555555555,81.63051333333333,0.0,0.0,239.0,,0.0,1.029926949430832E7,,,false,,34,,,0.0,,162052281,11,,14,false,,,,,false,,5014880
99713,1,gt06,2025-04-30T07:42:34Z,2025-04-30T07:42:28Z,2025-04-30T07:42:28Z,false,21.218605555555555,81.63051333333333,0.0,0.0,239.0,,0.0,1.029926949430832E7,,,false,,34,,,0.0,,162052281,11,,14,false,,,,,false,,5014880
99714,1,gt06,2025-04-30T07:42:42Z,2025-04-30T07:42:38Z,2025-04-30T07:42:38Z,false,21.218605555555555,81.63051333333333,0.0,0.0,239.0,,0.0,1.029926949430832E7,,,false,,34,,,0.0,,162052281,11,,14,false,,,,,false,,5014880
99715,1,gt06,2025-04-30T07:42:53Z,2025-04-30T07:42:48Z,2025-04-30T07:42:48Z,false,21.218605555555555,81.63051333333333,0.0,0.0,239.0,,0.0,1.029926949430832E7,,,false,,34,,,0.0,,162052281,11,,14,false,,,,,false,,5014880
99716,1,gt06,2025-04-30T07:42:57Z,2025-04-30T07:42:57Z,2025-04-30T07:42:48Z,false,21.218605555555555,81.63051333333333,0.0,0.0,239.0,,0.0,1.029926949430832E7,,,false,4,19,,true,0.0,,162052281,,,,,,,100,4,false,false,
99717,1,gt06,2025-04-30T07:42:58Z,2025-04-30T07:42:58Z,2025-04-30T07:42:48Z,false,21.218605555555555,81.63051333333333,0.0,0.0,239.0,,0.0,1.029926949430832E7,,,,,,,,0.0,,162052281,,,,,12.3,,,,false,,
99718,1,gt06,2025-04-30T07:42:59Z,2025-04-30T07:42:48Z,2025-04-30T07:42:48Z,false,21.218605555555555,81.63051333333333,0.0,0.0,239.0,,0.0,1.029926949430832E7,,,false,,34,,,0.0,,162052281,11,,14,false,,,,,false,,5014880
99719,1,gt06,2025-04-30T07:43:02Z,2025-04-30T07:42:58Z,2025-04-30T07:42:58Z,false,21.218605555555555,81.63051333333333,0.0,0.0,239.0,,0.0,1.029926949430832E7,,,false,,34,,,0.0,,162052281,11,,14,false,,,,,false,,5014880
99720,1,gt06,2025-04-30T07:43:12Z,2025-04-30T07:43:08Z,2025-04-30T07:43:08Z,false,21.218605555555555,81.63051333333333,0.0,0.0,239.0,,0.0,1.029926949430832E7,,,false,,34,,,0.0,,162052281,11,,14,false,,,,,false,,5014880
99721,1,gt06,2025-04-30T07:43:23Z,2025-04-30T07:43:18Z,2025-04-30T07:43:18Z,false,21.218605555555555,81.63051333333333,0.0,0.0,239.0,,0.0,1.029926949430832E7,,,false,,34,,,0.0,,162052281,11,,14,false,,,,,false,,5014880
99722,1,gt06,2025-04-30T07:43:54Z,2025-04-30T07:43:28Z,2025-04-30T07:43:28Z,false,21.218605555555555,81.63051333333333,0.0,0.0,239.0,,0.0,1.029926949430832E7,,,false,,34,,,0.0,,162052281,11,,14,false,,,,,false,,5014880
99723,1,gt06,2025-04-30T07:44:00Z,2025-04-30T07:44:00Z,2025-04-30T07:43:28Z,false,21.218605555555555,81.63051333333333,0.0,0.0,239.0,,0.0,1.029926949430832E7,,,false,4,19,,true,0.0,,162052281,,,,,,,100,4,false,false,
99724,1,gt06,2025-04-30T07:44:00Z,2025-04-30T07:44:00Z,2025-04-30T07:43:28Z,false,21.218605555555555,81.63051333333333,0.0,0.0,239.0,,0.0,1.029926949430832E7,,,,,,,,0.0,,162052281,,,,,12.25,,,,false,,
99725,1,gt06,2025-04-30T07:44:01Z,2025-04-30T07:43:28Z,2025-04-30T07:43:28Z,false,21.218605555555555,81.63051333333333,0.0,0.0,239.0,,0.0,1.029926949430832E7,,,false,,34,,,0.0,,162052281,11,,14,false,,,,,false,,5014880
99726,1,gt06,2025-04-30T07:44:01Z,2025-04-30T07:43:38Z,2025-04-30T07:43:38Z,false,21.218605555555555,81.63051333333333,0.0,0.0,239.0,,0.0,1.029926949430832E7,,,false,,34,,,0.0,,162052281,11,,14,false,,,,,false,,5014880
99727,1,gt06,2025-04-30T07:44:01Z,2025-04-30T07:43:48Z,2025-04-30T07:43:48Z,false,21.218605555555555,81.63051333333333,0.0,0.0,239.0,,0.0,1.029926949430832E7,,,false,,34,,,0.0,,162052281,11,,14,false,,,,,false,,5014880
99728,1,gt06,2025-04-30T07:44:02Z,2025-04-30T07:43:58Z,2025-04-30T07:43:58Z,false,21.218605555555555,81.63051333333333,0.0,0.0,239.0,,0.0,1.029926949430832E7,,,false,,34,,,0.0,,162052281,11,,14,false,,,,,false,,5014880
99729,1,gt06,2025-04-30T07:44:13Z,2025-04-30T07:44:08Z,2025-04-30T07:44:08Z,false,21.218605555555555,81.63051333333333,0.0,0.0,239.0,,0.0,1.029926949430832E7,,,false,,34,,,0.0,,162052281,11,,14,false,,,,,false,,5014880
99730,1,gt06,2025-04-30T07:44:22Z,2025-04-30T07:44:18Z,2025-04-30T07:44:18Z,false,21.218605555555555,81.63051333333333,0.0,0.0,239.0,,0.0,1.029926949430832E7,,,false,,34,,,0.0,,162052281,11,,14,false,,,,,false,,5014880
99731,1,gt06,2025-04-30T07:44:37Z,2025-04-30T07:44:28Z,2025-04-30T07:44:28Z,false,21.218605555555555,81.63051333333333,0.0,0.0,239.0,,0.0,1.029926949430832E7,,,false,,34,,,0.0,,162052281,11,,14,false,,,,,false,,5014880
99732,1,gt06,2025-04-30T07:44:41Z,2025-04-30T07:44:41Z,2025-04-30T07:44:28Z,false,21.218605555555555,81.63051333333333,0.0,0.0,239.0,,0.0,1.029926949430832E7,,,false,4,19,,true,0.0,,162052281,,,,,,,100,4,false,false,
99733,1,gt06,2025-04-30T07:44:42Z,2025-04-30T07:44:42Z,2025-04-30T07:44:28Z,false,21.218605555555555,81.63051333333333,0.0,0.0,239.0,,0.0,1.029926949430832E7,,,,,,,,0.0,,162052281,,,,,12.25,,,,false,,
99734,1,gt06,2025-04-30T07:44:43Z,2025-04-30T07:44:28Z,2025-04-30T07:44:28Z,false,21.218605555555555,81.63051333333333,0.0,0.0,239.0,,0.0,1.029926949430832E7,,,false,,34,,,0.0,,162052281,11,,14,false,,,,,false,,5014880
99735,1,gt06,2025-04-30T07:44:43Z,2025-04-30T07:44:38Z,2025-04-30T07:44:38Z,false,21.218605555555555,81.63051333333333,0.0,0.0,239.0,,0.0,1.029926949430832E7,,,false,,34,,,0.0,,162052281,11,,14,false,,,,,false,,5014880
99736,1,gt06,2025-04-30T07:44:52Z,2025-04-30T07:44:48Z,2025-04-30T07:44:48Z,false,21.218605555555555,81.63051333333333,0.0,0.0,239.0,,0.0,1.029926949430832E7,,,false,,34,,,0.0,,162052281,11,,14,false,,,,,false,,5014880
99737,1,gt06,2025-04-30T07:45:02Z,2025-04-30T07:44:58Z,2025-04-30T07:44:58Z,false,21.218605555555555,81.63051333333333,0.0,0.0,239.0,,0.0,1.029926949430832E7,,,false,,34,,,0.0,,162052281,11,,14,false,,,,,false,,5014880
99738,1,gt06,2025-04-30T07:45:12Z,2025-04-30T07:45:08Z,2025-04-30T07:45:08Z,false,21.218605555555555,81.63051333333333,0.0,0.0,239.0,,0.0,1.029926949430832E7,,,false,,34,,,0.0,,162052281,11,,14,false,,,,,false,,5014880
99739,1,gt06,2025-04-30T07:45:23Z,2025-04-30T07:45:18Z,2025-04-30T07:45:18Z,false,21.218605555555555,81.63051333333333,0.0,0.0,239.0,,0.0,1.029926949430832E7,,,false,,34,,,0.0,,162052281,11,,14,false,,,,,false,,5014880
99740,1,gt06,2025-04-30T07:45:32Z,2025-04-30T07:45:28Z,2025-04-30T07:45:28Z,false,21.218605555555555,81.63051333333333,0.0,0.0,239.0,,0.0,1.029926949430832E7,,,false,,34,,,0.0,,162052281,11,,14,false,,,,,false,,5014880
99742,1,gt06,2025-04-30T07:46:27Z,2025-04-30T07:46:27Z,2025-04-30T07:45:28Z,false,21.218605555555555,81.63051333333333,0.0,0.0,239.0,,0.0,1.029926949430832E7,,,false,4,19,,true,0.0,,162052281,,,,,,,100,4,false,false,
99743,1,gt06,2025-04-30T07:46:28Z,2025-04-30T07:45:38Z,2025-04-30T07:45:38Z,false,21.218605555555555,81.63051333333333,0.0,0.0,239.0,,0.0,1.029926949430832E7,,,false,,34,,,0.0,,162052281,11,,14,false,,,,,false,,5014880
99744,1,gt06,2025-04-30T07:46:28Z,2025-04-30T07:45:48Z,2025-04-30T07:45:48Z,false,21.218605555555555,81.63051333333333,0.0,0.0,239.0,,0.0,1.029926949430832E7,,,false,,34,,,0.0,,162052281,11,,14,false,,,,,false,,5014880
99745,1,gt06,2025-04-30T07:46:28Z,2025-04-30T07:45:58Z,2025-04-30T07:45:58Z,false,21.218605555555555,81.63051333333333,0.0,0.0,239.0,,0.0,1.029926949430832E7,,,false,,34,,,0.0,,162052281,11,,14,false,,,,,false,,5014880
99746,1,gt06,2025-04-30T07:46:28Z,2025-04-30T07:46:08Z,2025-04-30T07:46:08Z,false,21.218605555555555,81.63051333333333,0.0,0.0,239.0,,0.0,1.029926949430832E7,,,false,,34,,,0.0,,162052281,11,,14,false,,,,,false,,5014880
99747,1,gt06,2025-04-30T07:46:28Z,2025-04-30T07:46:18Z,2025-04-30T07:46:18Z,false,21.218605555555555,81.63051333333333,0.0,0.0,239.0,,0.0,1.029926949430832E7,,,false,,34,,,0.0,,162052281,11,,14,false,,,,,false,,5014880
99748,1,gt06,2025-04-30T07:47:12Z,2025-04-30T07:46:28Z,2025-04-30T07:46:28Z,false,21.218605555555555,81.63051333333333,0.0,0.0,239.0,,0.0,1.029926949430832E7,,,false,,34,,,0.0,,162052281,11,,14,false,,,,,false,,5014880
99749,1,gt06,2025-04-30T07:47:17Z,2025-04-30T07:47:17Z,2025-04-30T07:46:28Z,false,21.218605555555555,81.63051333333333,0.0,0.0,239.0,,0.0,1.029926949430832E7,,,false,4,19,,true,0.0,,162052281,,,,,,,100,4,false,false,
99750,1,gt06,2025-04-30T07:47:18Z,2025-04-30T07:47:18Z,2025-04-30T07:46:28Z,false,21.218605555555555,81.63051333333333,0.0,0.0,239.0,,0.0,1.029926949430832E7,,,,,,,,0.0,,162052281,,,,,12.3,,,,false,,
99751,1,gt06,2025-04-30T07:47:19Z,2025-04-30T07:46:28Z,2025-04-30T07:46:28Z,false,21.218605555555555,81.63051333333333,0.0,0.0,239.0,,0.0,1.029926949430832E7,,,false,,34,,,0.0,,162052281,11,,14,false,,,,,false,,5014880
99752,1,gt06,2025-04-30T07:47:19Z,2025-04-30T07:46:38Z,2025-04-30T07:46:38Z,false,21.218605555555555,81.63051333333333,0.0,0.0,239.0,,0.0,1.029926949430832E7,,,false,,34,,,0.0,,162052281,11,,14,false,,,,,false,,5014880
99753,1,gt06,2025-04-30T07:47:19Z,2025-04-30T07:46:48Z,2025-04-30T07:46:48Z,false,21.218605555555555,81.63051333333333,0.0,0.0,239.0,,0.0,1.029926949430832E7,,,false,,34,,,0.0,,162052281,11,,14,false,,,,,false,,5014880
99754,1,gt06,2025-04-30T07:47:23Z,2025-04-30T07:47:18Z,2025-04-30T07:47:18Z,false,21.218605555555555,81.63051333333333,0.0,0.0,239.0,,0.0,1.029926949430832E7,,,false,,34,,,0.0,,162052281,11,,14,false,,,,,false,,5014880
99755,1,gt06,2025-04-30T07:47:32Z,2025-04-30T07:47:28Z,2025-04-30T07:47:28Z,false,21.218605555555555,81.63051333333333,0.0,0.0,239.0,,0.0,1.029926949430832E7,,,false,,34,,,0.0,,162052281,11,,14,false,,,,,false,,5014880
99756,1,gt06,2025-04-30T07:47:48Z,2025-04-30T07:47:38Z,2025-04-30T07:47:38Z,false,21.218605555555555,81.63051333333333,0.0,0.0,239.0,,0.0,1.029926949430832E7,,,false,,34,,,0.0,,162052281,11,,14,false,,,,,false,,5014880
99757,1,gt06,2025-04-30T07:47:53Z,2025-04-30T07:47:48Z,2025-04-30T07:47:48Z,false,21.218605555555555,81.63051333333333,0.0,0.0,239.0,,0.0,1.029926949430832E7,,,false,,34,,,0.0,,162052281,11,,14,false,,,,,false,,5014880
99758,1,gt06,2025-04-30T07:48:44Z,2025-04-30T07:47:58Z,2025-04-30T07:47:58Z,false,21.218605555555555,81.63051333333333,0.0,0.0,239.0,,0.0,1.029926949430832E7,,,false,,34,,,0.0,,162052281,11,,14,false,,,,,false,,5014880
99759,1,gt06,2025-04-30T07:48:48Z,2025-04-30T07:48:48Z,2025-04-30T07:47:58Z,false,21.218605555555555,81.63051333333333,0.0,0.0,239.0,,0.0,1.029926949430832E7,,,false,4,19,,true,0.0,,162052281,,,,,,,100,4,false,false,
99760,1,gt06,2025-04-30T07:48:49Z,2025-04-30T07:48:49Z,2025-04-30T07:47:58Z,false,21.218605555555555,81.63051333333333,0.0,0.0,239.0,,0.0,1.029926949430832E7,,,,,,,,0.0,,162052281,,,,,12.25,,,,false,,
99761,1,gt06,2025-04-30T07:48:49Z,2025-04-30T07:47:58Z,2025-04-30T07:47:58Z,false,21.218605555555555,81.63051333333333,0.0,0.0,239.0,,0.0,1.029926949430832E7,,,false,,34,,,0.0,,162052281,11,,14,false,,,,,false,,5014880
99762,1,gt06,2025-04-30T07:48:49Z,2025-04-30T07:48:08Z,2025-04-30T07:48:08Z,false,21.218605555555555,81.63051333333333,0.0,0.0,239.0,,0.0,1.029926949430832E7,,,false,,34,,,0.0,,162052281,11,,14,false,,,,,false,,5014880
99763,1,gt06,2025-04-30T07:48:49Z,2025-04-30T07:48:18Z,2025-04-30T07:48:18Z,false,21.218605555555555,81.63051333333333,0.0,0.0,239.0,,0.0,1.029926949430832E7,,,false,,34,,,0.0,,162052281,11,,14,false,,,,,false,,5014880
99764,1,gt06,2025-04-30T07:48:53Z,2025-04-30T07:48:48Z,2025-04-30T07:48:48Z,false,21.218605555555555,81.63051333333333,0.0,0.0,239.0,,0.0,1.029926949430832E7,,,false,,34,,,0.0,,162052281,11,,14,false,,,,,false,,5014880
99765,1,gt06,2025-04-30T07:49:18Z,2025-04-30T07:48:58Z,2025-04-30T07:48:58Z,false,21.218605555555555,81.63051333333333,0.0,0.0,239.0,,0.0,1.029926949430832E7,,,false,,34,,,0.0,,162052281,11,,14,false,,,,,false,,5014880
99766,1,gt06,2025-04-30T07:49:19Z,2025-04-30T07:49:08Z,2025-04-30T07:49:08Z,false,21.218605555555555,81.63051333333333,0.0,0.0,239.0,,0.0,1.029926949430832E7,,,false,,34,,,0.0,,162052281,11,,14,false,,,,,false,,5014880
99767,1,gt06,2025-04-30T07:49:23Z,2025-04-30T07:49:18Z,2025-04-30T07:49:18Z,false,21.218605555555555,81.63051333333333,0.0,0.0,239.0,,0.0,1.029926949430832E7,,,false,,34,,,0.0,,162052281,11,,14,false,,,,,false,,5014880
99768,1,gt06,2025-04-30T07:49:34Z,2025-04-30T07:49:28Z,2025-04-30T07:49:28Z,false,21.218605555555555,81.63051333333333,0.0,0.0,239.0,,0.0,1.029926949430832E7,,,false,,34,,,0.0,,162052281,11,,14,false,,,,,false,,5014880
99769,1,gt06,2025-04-30T07:49:44Z,2025-04-30T07:49:38Z,2025-04-30T07:49:38Z,false,21.218605555555555,81.63051333333333,0.0,0.0,239.0,,0.0,1.029926949430832E7,,,false,,34,,,0.0,,162052281,11,,14,false,,,,,false,,5014880
99770,1,gt06,2025-04-30T07:49:54Z,2025-04-30T07:49:54Z,2025-04-30T07:49:38Z,false,21.218605555555555,81.63051333333333,0.0,0.0,239.0,,0.0,1.029926949430832E7,,,false,3,19,,true,0.0,,162052281,,,,,,,100,4,false,false,
99771,1,gt06,2025-04-30T07:49:57Z,2025-04-30T07:49:57Z,2025-04-30T07:49:38Z,false,21.218605555555555,81.63051333333333,0.0,0.0,239.0,,0.0,1.029926949430832E7,,,false,4,19,,true,0.0,,162052281,,,,,,,100,4,false,false,
99772,1,gt06,2025-04-30T07:49:58Z,2025-04-30T07:49:58Z,2025-04-30T07:49:38Z,false,21.218605555555555,81.63051333333333,0.0,0.0,239.0,,0.0,1.029926949430832E7,,,,,,,,0.0,,162052281,,,,,12.3,,,,false,,
99773,1,gt06,2025-04-30T07:49:59Z,2025-04-30T07:49:48Z,2025-04-30T07:49:48Z,false,21.218605555555555,81.63051333333333,0.0,0.0,239.0,,0.0,1.029926949430832E7,,,false,,34,,,0.0,,162052281,11,,14,false,,,,,false,,5014880
99774,1,gt06,2025-04-30T07:50:02Z,2025-04-30T07:49:58Z,2025-04-30T07:49:58Z,false,21.218605555555555,81.63051333333333,0.0,0.0,239.0,,0.0,1.029926949430832E7,,,false,,34,,,0.0,,162052281,11,,14,false,,,,,false,,5014880
99775,1,gt06,2025-04-30T07:50:33Z,2025-04-30T07:50:08Z,2025-04-30T07:50:08Z,false,21.218605555555555,81.63051333333333,0.0,0.0,239.0,,0.0,1.029926949430832E7,,,false,,34,,,0.0,,162052281,11,,14,false,,,,,false,,5014880
99776,1,gt06,2025-04-30T07:50:35Z,2025-04-30T07:50:35Z,2025-04-30T07:50:08Z,false,21.218605555555555,81.63051333333333,0.0,0.0,239.0,,0.0,1.029926949430832E7,,,false,4,19,,true,0.0,,162052281,,,,,,,100,4,false,false,
99777,1,gt06,2025-04-30T07:50:37Z,2025-04-30T07:50:37Z,2025-04-30T07:50:08Z,false,21.218605555555555,81.63051333333333,0.0,0.0,239.0,,0.0,1.029926949430832E7,,,,,,,,0.0,,162052281,,,,,12.35,,,,false,,
99778,1,gt06,2025-04-30T07:50:38Z,2025-04-30T07:50:08Z,2025-04-30T07:50:08Z,false,21.218605555555555,81.63051333333333,0.0,0.0,239.0,,0.0,1.029926949430832E7,,,false,,34,,,0.0,,162052281,11,,14,false,,,,,false,,5014880
99779,1,gt06,2025-04-30T07:50:38Z,2025-04-30T07:50:18Z,2025-04-30T07:50:18Z,false,21.218605555555555,81.63051333333333,0.0,0.0,239.0,,0.0,1.029926949430832E7,,,false,,34,,,0.0,,162052281,11,,14,false,,,,,false,,5014880
99780,1,gt06,2025-04-30T07:50:43Z,2025-04-30T07:50:38Z,2025-04-30T07:50:38Z,false,21.218605555555555,81.63051333333333,0.0,0.0,239.0,,0.0,1.029926949430832E7,,,false,,34,,,0.0,,162052281,11,,14,false,,,,,false,,5014880
99783,1,gt06,2025-04-30T07:50:55Z,2025-04-30T07:50:48Z,2025-04-30T07:50:48Z,false,21.218605555555555,81.63051333333333,0.0,0.0,239.0,,0.0,1.029926949430832E7,,,false,,34,,,0.0,,162052281,11,,14,false,,,,,false,,5014880
99784,1,gt06,2025-04-30T07:51:00Z,2025-04-30T07:51:00Z,2025-04-30T07:50:48Z,false,21.218605555555555,81.63051333333333,0.0,0.0,239.0,,0.0,1.029926949430832E7,,,false,4,19,,true,0.0,,162052281,,,,,,,100,4,false,false,
99785,1,gt06,2025-04-30T07:51:01Z,2025-04-30T07:51:01Z,2025-04-30T07:50:48Z,false,21.218605555555555,81.63051333333333,0.0,0.0,239.0,,0.0,1.029926949430832E7,,,,,,,,0.0,,162052281,,,,,12.3,,,,false,,
99786,1,gt06,2025-04-30T07:51:01Z,2025-04-30T07:50:48Z,2025-04-30T07:50:48Z,false,21.218605555555555,81.63051333333333,0.0,0.0,239.0,,0.0,1.029926949430832E7,,,false,,34,,,0.0,,162052281,11,,14,false,,,,,false,,5014880
99787,1,gt06,2025-04-30T07:51:02Z,2025-04-30T07:50:58Z,2025-04-30T07:50:58Z,false,21.218605555555555,81.63051333333333,0.0,0.0,239.0,,0.0,1.029926949430832E7,,,false,,34,,,0.0,,162052281,11,,14,false,,,,,false,,5014880
99788,1,gt06,2025-04-30T07:51:13Z,2025-04-30T07:51:08Z,2025-04-30T07:51:08Z,false,21.218605555555555,81.63051333333333,0.0,0.0,239.0,,0.0,1.029926949430832E7,,,false,,34,,,0.0,,162052281,11,,14,false,,,,,false,,5014880
99789,1,gt06,2025-04-30T07:51:23Z,2025-04-30T07:51:18Z,2025-04-30T07:51:18Z,false,21.218605555555555,81.63051333333333,0.0,0.0,239.0,,0.0,1.029926949430832E7,,,false,,34,,,0.0,,162052281,11,,14,false,,,,,false,,5014880
99790,1,gt06,2025-04-30T07:51:33Z,2025-04-30T07:51:29Z,2025-04-30T07:51:29Z,false,21.218605555555555,81.63051333333333,0.0,0.0,239.0,,0.0,1.029926949430832E7,,,false,,34,,,0.0,,162052281,11,,14,false,,,,,false,,5014880
99791,1,gt06,2025-04-30T07:51:43Z,2025-04-30T07:51:39Z,2025-04-30T07:51:39Z,false,21.218605555555555,81.63051333333333,0.0,0.0,239.0,,0.0,1.029926949430832E7,,,false,,34,,,0.0,,162052281,11,,14,false,,,,,false,,5014880
99792,1,gt06,2025-04-30T07:51:58Z,2025-04-30T07:51:49Z,2025-04-30T07:51:49Z,false,21.218605555555555,81.63051333333333,0.0,0.0,239.0,,0.0,1.029926949430832E7,,,false,,34,,,0.0,,162052281,11,,14,false,,,,,false,,5014880
99793,1,gt06,2025-04-30T07:52:00Z,2025-04-30T07:52:00Z,2025-04-30T07:51:49Z,false,21.218605555555555,81.63051333333333,0.0,0.0,239.0,,0.0,1.029926949430832E7,,,false,4,19,,true,0.0,,162052281,,,,,,,100,4,false,false,
99794,1,gt06,2025-04-30T07:52:02Z,2025-04-30T07:51:59Z,2025-04-30T07:51:59Z,false,21.218605555555555,81.63051333333333,0.0,0.0,239.0,,0.0,1.029926949430832E7,,,false,,34,,,0.0,,162052281,11,,14,false,,,,,false,,5014880
99795,1,gt06,2025-04-30T07:52:13Z,2025-04-30T07:52:09Z,2025-04-30T07:52:09Z,false,21.218605555555555,81.63051333333333,0.0,0.0,239.0,,0.0,1.029926949430832E7,,,false,,34,,,0.0,,162052281,11,,14,false,,,,,false,,5014880
99796,1,gt06,2025-04-30T07:52:23Z,2025-04-30T07:52:19Z,2025-04-30T07:52:19Z,false,21.218605555555555,81.63051333333333,0.0,0.0,239.0,,0.0,1.029926949430832E7,,,false,,34,,,0.0,,162052281,11,,14,false,,,,,false,,5014880
99797,1,gt06,2025-04-30T07:52:33Z,2025-04-30T07:52:29Z,2025-04-30T07:52:29Z,false,21.218605555555555,81.63051333333333,0.0,0.0,239.0,,0.0,1.029926949430832E7,,,false,,34,,,0.0,,162052281,11,,14,false,,,,,false,,5014880
99798,1,gt06,2025-04-30T07:52:43Z,2025-04-30T07:52:39Z,2025-04-30T07:52:39Z,false,21.218605555555555,81.63051333333333,0.0,0.0,239.0,,0.0,1.029926949430832E7,,,false,,34,,,0.0,,162052281,11,,14,false,,,,,false,,5014880
99799,1,gt06,2025-04-30T07:52:53Z,2025-04-30T07:52:49Z,2025-04-30T07:52:49Z,false,21.218605555555555,81.63051333333333,0.0,0.0,239.0,,0.0,1.029926949430832E7,,,false,,34,,,0.0,,162052281,11,,14,false,,,,,false,,5014880
99800,1,gt06,2025-04-30T07:53:03Z,2025-04-30T07:53:03Z,2025-04-30T07:52:49Z,false,21.218605555555555,81.63051333333333,0.0,0.0,239.0,,0.0,1.029926949430832E7,,,false,4,19,,true,0.0,,162052281,,,,,,,100,4,false,false,
99801,1,gt06,2025-04-30T07:53:07Z,2025-04-30T07:53:07Z,2025-04-30T07:52:49Z,false,21.218605555555555,81.63051333333333,0.0,0.0,239.0,,0.0,1.029926949430832E7,,,false,4,19,,true,0.0,,162052281,,,,,,,100,4,false,false,
99802,1,gt06,2025-04-30T07:53:08Z,2025-04-30T07:53:08Z,2025-04-30T07:52:49Z,false,21.218605555555555,81.63051333333333,0.0,0.0,239.0,,0.0,1.029926949430832E7,,,,,,,,0.0,,162052281,,,,,12.25,,,,false,,
99803,1,gt06,2025-04-30T07:53:13Z,2025-04-30T07:53:09Z,2025-04-30T07:53:09Z,false,21.218605555555555,81.63051333333333,0.0,0.0,239.0,,0.0,1.029926949430832E7,,,false,,34,,,0.0,,162052281,11,,14,false,,,,,false,,5014880
99804,1,gt06,2025-04-30T07:53:30Z,2025-04-30T07:53:19Z,2025-04-30T07:53:19Z,false,21.218605555555555,81.63051333333333,0.0,0.0,239.0,,0.0,1.029926949430832E7,,,false,,34,,,0.0,,162052281,11,,14,false,,,,,false,,5014880
99805,1,gt06,2025-04-30T07:53:35Z,2025-04-30T07:53:35Z,2025-04-30T07:53:19Z,false,21.218605555555555,81.63051333333333,0.0,0.0,239.0,,0.0,1.029926949430832E7,,,false,4,19,,true,0.0,,162052281,,,,,,,100,4,false,false,
99806,1,gt06,2025-04-30T07:53:36Z,2025-04-30T07:53:36Z,2025-04-30T07:53:19Z,false,21.218605555555555,81.63051333333333,0.0,0.0,239.0,,0.0,1.029926949430832E7,,,,,,,,0.0,,162052281,,,,,12.200000000000001,,,,false,,
99807,1,gt06,2025-04-30T07:53:36Z,2025-04-30T07:53:19Z,2025-04-30T07:53:19Z,false,21.218605555555555,81.63051333333333,0.0,0.0,239.0,,0.0,1.029926949430832E7,,,false,,34,,,0.0,,162052281,11,,14,false,,,,,false,,5014880
99808,1,gt06,2025-04-30T07:53:48Z,2025-04-30T07:53:39Z,2025-04-30T07:53:39Z,false,21.218605555555555,81.63051333333333,0.0,0.0,239.0,,0.0,1.029926949430832E7,,,false,,34,,,0.0,,162052281,11,,14,false,,,,,false,,5014880
99809,1,gt06,2025-04-30T07:53:53Z,2025-04-30T07:53:49Z,2025-04-30T07:53:49Z,false,21.218605555555555,81.63051333333333,0.0,0.0,239.0,,0.0,1.029926949430832E7,,,false,,34,,,0.0,,162052281,11,,14,false,,,,,false,,5014880
99810,1,gt06,2025-04-30T07:54:03Z,2025-04-30T07:53:59Z,2025-04-30T07:53:59Z,false,21.218605555555555,81.63051333333333,0.0,0.0,239.0,,0.0,1.029926949430832E7,,,false,,34,,,0.0,,162052281,11,,14,false,,,,,false,,5014880
99811,1,gt06,2025-04-30T07:54:18Z,2025-04-30T07:54:09Z,2025-04-30T07:54:09Z,false,21.218605555555555,81.63051333333333,0.0,0.0,239.0,,0.0,1.029926949430832E7,,,false,,34,,,0.0,,162052281,11,,14,false,,,,,false,,5014880
99812,1,gt06,2025-04-30T07:54:23Z,2025-04-30T07:54:19Z,2025-04-30T07:54:19Z,false,21.218605555555555,81.63051333333333,0.0,0.0,239.0,,0.0,1.029926949430832E7,,,false,,34,,,0.0,,162052281,11,,14,false,,,,,false,,5014880
99813,1,gt06,2025-04-30T07:55:11Z,2025-04-30T07:54:29Z,2025-04-30T07:54:29Z,false,21.218605555555555,81.63051333333333,0.0,0.0,239.0,,0.0,1.029926949430832E7,,,false,,34,,,0.0,,162052281,11,,14,false,,,,,false,,5014880
99814,1,gt06,2025-04-30T07:55:12Z,2025-04-30T07:55:12Z,2025-04-30T07:54:29Z,false,21.218605555555555,81.63051333333333,0.0,0.0,239.0,,0.0,1.029926949430832E7,,,false,4,19,,true,0.0,,162052281,,,,,,,100,4,false,false,
99815,1,gt06,2025-04-30T07:55:13Z,2025-04-30T07:54:39Z,2025-04-30T07:54:39Z,false,21.218605555555555,81.63051333333333,0.0,0.0,239.0,,0.0,1.029926949430832E7,,,false,,34,,,0.0,,162052281,11,,14,false,,,,,false,,5014880
99816,1,gt06,2025-04-30T07:55:13Z,2025-04-30T07:54:49Z,2025-04-30T07:54:49Z,false,21.218605555555555,81.63051333333333,0.0,0.0,239.0,,0.0,1.029926949430832E7,,,false,,34,,,0.0,,162052281,11,,14,false,,,,,false,,5014880
99817,1,gt06,2025-04-30T07:55:13Z,2025-04-30T07:54:59Z,2025-04-30T07:54:59Z,false,21.218605555555555,81.63051333333333,0.0,0.0,239.0,,0.0,1.029926949430832E7,,,false,,34,,,0.0,,162052281,11,,14,false,,,,,false,,5014880
99818,1,gt06,2025-04-30T07:55:13Z,2025-04-30T07:55:09Z,2025-04-30T07:55:09Z,false,21.218605555555555,81.63051333333333,0.0,0.0,239.0,,0.0,1.029926949430832E7,,,false,,34,,,0.0,,162052281,11,,14,false,,,,,false,,5014880
99819,1,gt06,2025-04-30T07:55:30Z,2025-04-30T07:55:19Z,2025-04-30T07:55:19Z,false,21.218605555555555,81.63051333333333,0.0,0.0,239.0,,0.0,1.029926949430832E7,,,false,,34,,,0.0,,162052281,11,,14,false,,,,,false,,5014880
99821,1,gt06,2025-04-30T07:55:48Z,2025-04-30T07:55:48Z,2025-04-30T07:55:19Z,false,21.218605555555555,81.63051333333333,0.0,0.0,239.0,,0.0,1.029926949430832E7,,,false,4,19,,true,0.0,,162052281,,,,,,,100,4,false,false,
99822,1,gt06,2025-04-30T07:55:49Z,2025-04-30T07:55:49Z,2025-04-30T07:55:19Z,false,21.218605555555555,81.63051333333333,0.0,0.0,239.0,,0.0,1.029926949430832E7,,,,,,,,0.0,,162052281,,,,,12.200000000000001,,,,false,,
99823,1,gt06,2025-04-30T07:55:50Z,2025-04-30T07:55:19Z,2025-04-30T07:55:19Z,false,21.218605555555555,81.63051333333333,0.0,0.0,239.0,,0.0,1.029926949430832E7,,,false,,34,,,0.0,,162052281,11,,14,false,,,,,false,,5014880
99824,1,gt06,2025-04-30T07:55:54Z,2025-04-30T07:55:49Z,2025-04-30T07:55:49Z,false,21.218605555555555,81.63051333333333,0.0,0.0,239.0,,0.0,1.029926949430832E7,,,false,,34,,,0.0,,162052281,11,,14,false,,,,,false,,5014880
99825,1,gt06,2025-04-30T07:56:03Z,2025-04-30T07:55:59Z,2025-04-30T07:55:59Z,false,21.218605555555555,81.63051333333333,0.0,0.0,239.0,,0.0,1.029926949430832E7,,,false,,34,,,0.0,,162052281,11,,14,false,,,,,false,,5014880
99826,1,gt06,2025-04-30T07:56:13Z,2025-04-30T07:56:09Z,2025-04-30T07:56:09Z,false,21.218605555555555,81.63051333333333,0.0,0.0,239.0,,0.0,1.029926949430832E7,,,false,,34,,,0.0,,162052281,11,,14,false,,,,,false,,5014880
99827,1,gt06,2025-04-30T07:56:23Z,2025-04-30T07:56:19Z,2025-04-30T07:56:19Z,false,21.218605555555555,81.63051333333333,0.0,0.0,239.0,,0.0,1.029926949430832E7,,,false,,34,,,0.0,,162052281,11,,14,false,,,,,false,,5014880
99828,1,gt06,2025-04-30T07:56:33Z,2025-04-30T07:56:29Z,2025-04-30T07:56:29Z,false,21.218605555555555,81.63051333333333,0.0,0.0,239.0,,0.0,1.029926949430832E7,,,false,,34,,,0.0,,162052281,11,,14,false,,,,,false,,5014880
99829,1,gt06,2025-04-30T07:56:44Z,2025-04-30T07:56:39Z,2025-04-30T07:56:39Z,false,21.218605555555555,81.63051333333333,0.0,0.0,239.0,,0.0,1.029926949430832E7,,,false,,34,,,0.0,,162052281,11,,14,false,,,,,false,,5014880
99830,1,gt06,2025-04-30T07:56:49Z,2025-04-30T07:56:49Z,2025-04-30T07:56:39Z,false,21.218605555555555,81.63051333333333,0.0,0.0,239.0,,0.0,1.029926949430832E7,,,false,4,19,,true,0.0,,162052281,,,,,,,100,4,false,false,
99831,1,gt06,2025-04-30T07:56:53Z,2025-04-30T07:56:49Z,2025-04-30T07:56:49Z,false,21.218605555555555,81.63051333333333,0.0,0.0,239.0,,0.0,1.029926949430832E7,,,false,,34,,,0.0,,162052281,11,,14,false,,,,,false,,5014880
99832,1,gt06,2025-04-30T07:57:03Z,2025-04-30T07:56:59Z,2025-04-30T07:56:59Z,false,21.218605555555555,81.63051333333333,0.0,0.0,239.0,,0.0,1.029926949430832E7,,,false,,34,,,0.0,,162052281,11,,14,false,,,,,false,,5014880
99833,1,gt06,2025-04-30T07:57:13Z,2025-04-30T07:57:09Z,2025-04-30T07:57:09Z,false,21.218605555555555,81.63051333333333,0.0,0.0,239.0,,0.0,1.029926949430832E7,,,false,,34,,,0.0,,162052281,11,,14,false,,,,,false,,5014880
99834,1,gt06,2025-04-30T07:57:23Z,2025-04-30T07:57:19Z,2025-04-30T07:57:19Z,false,21.218605555555555,81.63051333333333,0.0,0.0,239.0,,0.0,1.029926949430832E7,,,false,,34,,,0.0,,162052281,11,,14,false,,,,,false,,5014880
99835,1,gt06,2025-04-30T07:57:33Z,2025-04-30T07:57:29Z,2025-04-30T07:57:29Z,false,21.218605555555555,81.63051333333333,0.0,0.0,239.0,,0.0,1.029926949430832E7,,,false,,34,,,0.0,,162052281,11,,14,false,,,,,false,,5014880
99836,1,gt06,2025-04-30T07:57:43Z,2025-04-30T07:57:39Z,2025-04-30T07:57:39Z,false,21.218605555555555,81.63051333333333,0.0,0.0,239.0,,0.0,1.029926949430832E7,,,false,,34,,,0.0,,162052281,11,,14,false,,,,,false,,5014880
99837,1,gt06,2025-04-30T07:57:49Z,2025-04-30T07:57:49Z,2025-04-30T07:57:39Z,false,21.218605555555555,81.63051333333333,0.0,0.0,239.0,,0.0,1.029926949430832E7,,,false,4,19,,true,0.0,,162052281,,,,,,,100,4,false,false,
99838,1,gt06,2025-04-30T07:57:53Z,2025-04-30T07:57:49Z,2025-04-30T07:57:49Z,false,21.218605555555555,81.63051333333333,0.0,0.0,239.0,,0.0,1.029926949430832E7,,,false,,34,,,0.0,,162052281,11,,14,false,,,,,false,,5014880
99839,1,gt06,2025-04-30T07:58:03Z,2025-04-30T07:57:59Z,2025-04-30T07:57:59Z,false,21.218605555555555,81.63051333333333,0.0,0.0,239.0,,0.0,1.029926949430832E7,,,false,,34,,,0.0,,162052281,11,,14,false,,,,,false,,5014880
99840,1,gt06,2025-04-30T07:58:13Z,2025-04-30T07:58:09Z,2025-04-30T07:58:09Z,false,21.218605555555555,81.63051333333333,0.0,0.0,239.0,,0.0,1.029926949430832E7,,,false,,34,,,0.0,,162052281,11,,14,false,,,,,false,,5014880
99841,1,gt06,2025-04-30T07:58:23Z,2025-04-30T07:58:19Z,2025-04-30T07:58:19Z,false,21.218605555555555,81.63051333333333,0.0,0.0,239.0,,0.0,1.029926949430832E7,,,false,,34,,,0.0,,162052281,11,,14,false,,,,,false,,5014880
99842,1,gt06,2025-04-30T07:58:33Z,2025-04-30T07:58:29Z,2025-04-30T07:58:29Z,false,21.218605555555555,81.63051333333333,0.0,0.0,239.0,,0.0,1.029926949430832E7,,,false,,34,,,0.0,,162052281,11,,14,false,,,,,false,,5014880
99843,1,gt06,2025-04-30T07:58:43Z,2025-04-30T07:58:39Z,2025-04-30T07:58:39Z,false,21.218605555555555,81.63051333333333,0.0,0.0,239.0,,0.0,1.029926949430832E7,,,false,,34,,,0.0,,162052281,11,,14,false,,,,,false,,5014880
99844,1,gt06,2025-04-30T07:58:49Z,2025-04-30T07:58:49Z,2025-04-30T07:58:39Z,false,21.218605555555555,81.63051333333333,0.0,0.0,239.0,,0.0,1.029926949430832E7,,,false,4,19,,true,0.0,,162052281,,,,,,,100,4,false,false,
99845,1,gt06,2025-04-30T07:58:53Z,2025-04-30T07:58:49Z,2025-04-30T07:58:49Z,false,21.218605555555555,81.63051333333333,0.0,0.0,239.0,,0.0,1.029926949430832E7,,,false,,34,,,0.0,,162052281,11,,14,false,,,,,false,,5014880
99846,1,gt06,2025-04-30T07:59:03Z,2025-04-30T07:58:59Z,2025-04-30T07:58:59Z,false,21.218605555555555,81.63051333333333,0.0,0.0,239.0,,0.0,1.029926949430832E7,,,false,,34,,,0.0,,162052281,11,,14,false,,,,,false,,5014880
99847,1,gt06,2025-04-30T07:59:13Z,2025-04-30T07:59:09Z,2025-04-30T07:59:09Z,false,21.218605555555555,81.63051333333333,0.0,0.0,239.0,,0.0,1.029926949430832E7,,,false,,34,,,0.0,,162052281,11,,14,false,,,,,false,,5014880
99848,1,gt06,2025-04-30T07:59:23Z,2025-04-30T07:59:19Z,2025-04-30T07:59:19Z,false,21.218605555555555,81.63051333333333,0.0,0.0,239.0,,0.0,1.029926949430832E7,,,false,,34,,,0.0,,162052281,11,,14,false,,,,,false,,5014880
99849,1,gt06,2025-04-30T07:59:33Z,2025-04-30T07:59:29Z,2025-04-30T07:59:29Z,false,21.218605555555555,81.63051333333333,0.0,0.0,239.0,,0.0,1.029926949430832E7,,,false,,34,,,0.0,,162052281,11,,14,false,,,,,false,,5014880
99850,1,gt06,2025-04-30T07:59:44Z,2025-04-30T07:59:39Z,2025-04-30T07:59:39Z,false,21.218605555555555,81.63051333333333,0.0,0.0,239.0,,0.0,1.029926949430832E7,,,false,,34,,,0.0,,162052281,11,,14,false,,,,,false,,5014880
99851,1,gt06,2025-04-30T07:59:49Z,2025-04-30T07:59:49Z,2025-04-30T07:59:39Z,false,21.218605555555555,81.63051333333333,0.0,0.0,239.0,,0.0,1.029926949430832E7,,,false,4,19,,true,0.0,,162052281,,,,,,,100,4,false,false,
99852,1,gt06,2025-04-30T07:59:53Z,2025-04-30T07:59:49Z,2025-04-30T07:59:49Z,false,21.218605555555555,81.63051333333333,0.0,0.0,239.0,,0.0,1.029926949430832E7,,,false,,34,,,0.0,,162052281,11,,14,false,,,,,false,,5014880
99853,1,gt06,2025-04-30T08:00:03Z,2025-04-30T07:59:59Z,2025-04-30T07:59:59Z,false,21.218605555555555,81.63051333333333,0.0,0.0,239.0,,0.0,1.029926949430832E7,,,false,,34,,,0.0,,162052281,11,,14,false,,,,,false,,5014880
99854,1,gt06,2025-04-30T08:00:13Z,2025-04-30T08:00:09Z,2025-04-30T08:00:09Z,false,21.218605555555555,81.63051333333333,0.0,0.0,239.0,,0.0,1.029926949430832E7,,,false,,34,,,0.0,,162052281,11,,14,false,,,,,false,,5014880
99855,1,gt06,2025-04-30T08:00:23Z,2025-04-30T08:00:19Z,2025-04-30T08:00:19Z,false,21.218605555555555,81.63051333333333,0.0,0.0,239.0,,0.0,1.029926949430832E7,,,false,,34,,,0.0,,162052281,11,,14,false,,,,,false,,5014880
99856,1,gt06,2025-04-30T08:00:33Z,2025-04-30T08:00:29Z,2025-04-30T08:00:29Z,false,21.218605555555555,81.63051333333333,0.0,0.0,239.0,,0.0,1.029926949430832E7,,,false,,34,,,0.0,,162052281,11,,14,false,,,,,false,,5014880
99859,1,gt06,2025-04-30T08:00:52Z,2025-04-30T08:00:39Z,2025-04-30T08:00:39Z,false,21.218605555555555,81.63051333333333,0.0,0.0,239.0,,0.0,1.029926949430832E7,,,false,,34,,,0.0,,162052281,11,,14,false,,,,,false,,5014880
99860,1,gt06,2025-04-30T08:00:53Z,2025-04-30T08:00:53Z,2025-04-30T08:00:39Z,false,21.218605555555555,81.63051333333333,0.0,0.0,239.0,,0.0,1.029926949430832E7,,,false,4,19,,true,0.0,,162052281,,,,,,,100,4,false,false,
99861,1,gt06,2025-04-30T08:00:54Z,2025-04-30T08:00:49Z,2025-04-30T08:00:49Z,false,21.218605555555555,81.63051333333333,0.0,0.0,239.0,,0.0,1.029926949430832E7,,,false,,34,,,0.0,,162052281,11,,14,false,,,,,false,,5014880
99862,1,gt06,2025-04-30T08:01:03Z,2025-04-30T08:00:59Z,2025-04-30T08:00:59Z,false,21.218605555555555,81.63051333333333,0.0,0.0,239.0,,0.0,1.029926949430832E7,,,false,,34,,,0.0,,162052281,11,,14,false,,,,,false,,5014880
99863,1,gt06,2025-04-30T08:01:14Z,2025-04-30T08:01:09Z,2025-04-30T08:01:09Z,false,21.218605555555555,81.63051333333333,0.0,0.0,239.0,,0.0,1.029926949430832E7,,,false,,34,,,0.0,,162052281,11,,14,false,,,,,false,,5014880
99864,1,gt06,2025-04-30T08:01:23Z,2025-04-30T08:01:19Z,2025-04-30T08:01:19Z,false,21.218605555555555,81.63051333333333,0.0,0.0,239.0,,0.0,1.029926949430832E7,,,false,,34,,,0.0,,162052281,11,,14,false,,,,,false,,5014880
99865,1,gt06,2025-04-30T08:01:33Z,2025-04-30T08:01:29Z,2025-04-30T08:01:29Z,false,21.218605555555555,81.63051333333333,0.0,0.0,239.0,,0.0,1.029926949430832E7,,,false,,34,,,0.0,,162052281,11,,14,false,,,,,false,,5014880
99866,1,gt06,2025-04-30T08:01:43Z,2025-04-30T08:01:39Z,2025-04-30T08:01:39Z,false,21.218605555555555,81.63051333333333,0.0,0.0,239.0,,0.0,1.029926949430832E7,,,false,,34,,,0.0,,162052281,11,,14,false,,,,,false,,5014880
99867,1,gt06,2025-04-30T08:01:49Z,2025-04-30T08:01:49Z,2025-04-30T08:01:39Z,false,21.218605555555555,81.63051333333333,0.0,0.0,239.0,,0.0,1.029926949430832E7,,,false,4,19,,true,0.0,,162052281,,,,,,,100,4,false,false,
99868,1,gt06,2025-04-30T08:01:53Z,2025-04-30T08:01:49Z,2025-04-30T08:01:49Z,false,21.218605555555555,81.63051333333333,0.0,0.0,239.0,,0.0,1.029926949430832E7,,,false,,34,,,0.0,,162052281,11,,14,false,,,,,false,,5014880
99869,1,gt06,2025-04-30T08:02:04Z,2025-04-30T08:01:59Z,2025-04-30T08:01:59Z,false,21.218605555555555,81.63051333333333,0.0,0.0,239.0,,0.0,1.029926949430832E7,,,false,,34,,,0.0,,162052281,11,,14,false,,,,,false,,5014880
99870,1,gt06,2025-04-30T08:02:14Z,2025-04-30T08:02:09Z,2025-04-30T08:02:09Z,false,21.218605555555555,81.63051333333333,0.0,0.0,239.0,,0.0,1.029926949430832E7,,,false,,34,,,0.0,,162052281,11,,14,false,,,,,false,,5014880
99871,1,gt06,2025-04-30T08:02:24Z,2025-04-30T08:02:19Z,2025-04-30T08:02:19Z,false,21.218605555555555,81.63051333333333,0.0,0.0,239.0,,0.0,1.029926949430832E7,,,false,,34,,,0.0,,162052281,11,,14,false,,,,,false,,5014880
99872,1,gt06,2025-04-30T08:02:34Z,2025-04-30T08:02:29Z,2025-04-30T08:02:29Z,false,21.218605555555555,81.63051333333333,0.0,0.0,239.0,,0.0,1.029926949430832E7,,,false,,34,,,0.0,,162052281,11,,14,false,,,,,false,,5014880
99873,1,gt06,2025-04-30T08:03:04Z,2025-04-30T08:02:39Z,2025-04-30T08:02:39Z,false,21.218605555555555,81.63051333333333,0.0,0.0,239.0,,0.0,1.029926949430832E7,,,false,,34,,,0.0,,162052281,11,,14,false,,,,,false,,5014880
99874,1,gt06,2025-04-30T08:03:05Z,2025-04-30T08:03:05Z,2025-04-30T08:02:39Z,false,21.218605555555555,81.63051333333333,0.0,0.0,239.0,,0.0,1.029926949430832E7,,,false,3,19,,true,0.0,,162052281,,,,,,,100,4,false,false,
99875,1,gt06,2025-04-30T08:03:06Z,2025-04-30T08:02:49Z,2025-04-30T08:02:49Z,false,21.218605555555555,81.63051333333333,0.0,0.0,239.0,,0.0,1.029926949430832E7,,,false,,34,,,0.0,,162052281,11,,14,false,,,,,false,,5014880
99876,1,gt06,2025-04-30T08:03:06Z,2025-04-30T08:02:59Z,2025-04-30T08:02:59Z,false,21.218605555555555,81.63051333333333,0.0,0.0,239.0,,0.0,1.029926949430832E7,,,false,,34,,,0.0,,162052281,11,,14,false,,,,,false,,5014880
99877,1,gt06,2025-04-30T08:03:14Z,2025-04-30T08:03:09Z,2025-04-30T08:03:09Z,false,21.218605555555555,81.63051333333333,0.0,0.0,239.0,,0.0,1.029926949430832E7,,,false,,34,,,0.0,,162052281,11,,14,false,,,,,false,,5014880
99878,1,gt06,2025-04-30T08:03:24Z,2025-04-30T08:03:19Z,2025-04-30T08:03:19Z,false,21.218605555555555,81.63051333333333,0.0,0.0,239.0,,0.0,1.029926949430832E7,,,false,,34,,,0.0,,162052281,11,,14,false,,,,,false,,5014880
99879,1,gt06,2025-04-30T08:03:34Z,2025-04-30T08:03:29Z,2025-04-30T08:03:29Z,false,21.218605555555555,81.63051333333333,0.0,0.0,239.0,,0.0,1.029926949430832E7,,,false,,34,,,0.0,,162052281,11,,14,false,,,,,false,,5014880
99880,1,gt06,2025-04-30T08:03:44Z,2025-04-30T08:03:39Z,2025-04-30T08:03:39Z,false,21.218605555555555,81.63051333333333,0.0,0.0,239.0,,0.0,1.029926949430832E7,,,false,,34,,,0.0,,162052281,11,,14,false,,,,,false,,5014880
99881,1,gt06,2025-04-30T08:03:50Z,2025-04-30T08:03:50Z,2025-04-30T08:03:39Z,false,21.218605555555555,81.63051333333333,0.0,0.0,239.0,,0.0,1.029926949430832E7,,,false,4,19,,true,0.0,,162052281,,,,,,,100,4,false,false,
99882,1,gt06,2025-04-30T08:03:54Z,2025-04-30T08:03:49Z,2025-04-30T08:03:49Z,false,21.218605555555555,81.63051333333333,0.0,0.0,239.0,,0.0,1.029926949430832E7,,,false,,34,,,0.0,,162052281,11,,14,false,,,,,false,,5014880
99883,1,gt06,2025-04-30T08:04:04Z,2025-04-30T08:03:59Z,2025-04-30T08:03:59Z,false,21.218605555555555,81.63051333333333,0.0,0.0,239.0,,0.0,1.029926949430832E7,,,false,,34,,,0.0,,162052281,11,,14,false,,,,,false,,5014880
99884,1,gt06,2025-04-30T08:04:14Z,2025-04-30T08:04:09Z,2025-04-30T08:04:09Z,false,21.218605555555555,81.63051333333333,0.0,0.0,239.0,,0.0,1.029926949430832E7,,,false,,34,,,0.0,,162052281,11,,14,false,,,,,false,,5014880
99885,1,gt06,2025-04-30T08:04:33Z,2025-04-30T08:04:19Z,2025-04-30T08:04:19Z,false,21.218605555555555,81.63051333333333,0.0,0.0,239.0,,0.0,1.029926949430832E7,,,false,,34,,,0.0,,162052281,11,,14,false,,,,,false,,5014880
99886,1,gt06,2025-04-30T08:05:21Z,2025-04-30T08:05:21Z,2025-04-30T08:04:19Z,false,21.218605555555555,81.63051333333333,0.0,0.0,239.0,,0.0,1.029926949430832E7,,,false,4,19,,true,0.0,,162052281,,,,,,,100,4,false,false,
99887,1,gt06,2025-04-30T08:05:22Z,2025-04-30T08:05:22Z,2025-04-30T08:04:19Z,false,21.218605555555555,81.63051333333333,0.0,0.0,239.0,,0.0,1.029926949430832E7,,,,,,,,0.0,,162052281,,,,,12.3,,,,false,,
99888,1,gt06,2025-04-30T08:05:23Z,2025-04-30T08:04:19Z,2025-04-30T08:04:19Z,false,21.218605555555555,81.63051333333333,0.0,0.0,239.0,,0.0,1.029926949430832E7,,,false,,34,,,0.0,,162052281,11,,14,false,,,,,false,,5014880
99889,1,gt06,2025-04-30T08:05:23Z,2025-04-30T08:05:19Z,2025-04-30T08:05:19Z,false,21.218605555555555,81.63051333333333,0.0,0.0,239.0,,0.0,1.029926949430832E7,,,false,,34,,,0.0,,162052281,11,,14,false,,,,,false,,5014880
99890,1,gt06,2025-04-30T08:05:34Z,2025-04-30T08:05:29Z,2025-04-30T08:05:29Z,false,21.218605555555555,81.63051333333333,0.0,0.0,239.0,,0.0,1.029926949430832E7,,,false,,34,,,0.0,,162052281,11,,14,false,,,,,false,,5014880
99891,1,gt06,2025-04-30T08:05:44Z,2025-04-30T08:05:39Z,2025-04-30T08:05:39Z,false,21.218605555555555,81.63051333333333,0.0,0.0,239.0,,0.0,1.029926949430832E7,,,false,,34,,,0.0,,162052281,11,,14,false,,,,,false,,5014880
99893,1,gt06,2025-04-30T08:06:11Z,2025-04-30T08:05:49Z,2025-04-30T08:05:49Z,false,21.218605555555555,81.63051333333333,0.0,0.0,239.0,,0.0,1.029926949430832E7,,,false,,34,,,0.0,,162052281,11,,14,false,,,,,false,,5014880
99894,1,gt06,2025-04-30T08:06:13Z,2025-04-30T08:05:59Z,2025-04-30T08:05:59Z,false,21.218605555555555,81.63051333333333,0.0,0.0,239.0,,0.0,1.029926949430832E7,,,false,,34,,,0.0,,162052281,11,,14,false,,,,,false,,5014880
99895,1,gt06,2025-04-30T08:06:14Z,2025-04-30T08:06:10Z,2025-04-30T08:06:10Z,false,21.218605555555555,81.63051333333333,0.0,0.0,239.0,,0.0,1.029926949430832E7,,,false,,34,,,0.0,,162052281,11,,14,false,,,,,false,,5014880
99896,1,gt06,2025-04-30T08:06:29Z,2025-04-30T08:06:29Z,2025-04-30T08:06:10Z,false,21.218605555555555,81.63051333333333,0.0,0.0,239.0,,0.0,1.029926949430832E7,,,false,4,19,,true,0.0,,162052281,,,,,,,100,4,false,false,
99897,1,gt06,2025-04-30T08:06:30Z,2025-04-30T08:06:20Z,2025-04-30T08:06:20Z,false,21.218605555555555,81.63051333333333,0.0,0.0,239.0,,0.0,1.029926949430832E7,,,false,,34,,,0.0,,162052281,11,,14,false,,,,,false,,5014880
99898,1,gt06,2025-04-30T08:06:34Z,2025-04-30T08:06:30Z,2025-04-30T08:06:30Z,false,21.218605555555555,81.63051333333333,0.0,0.0,239.0,,0.0,1.029926949430832E7,,,false,,34,,,0.0,,162052281,11,,14,false,,,,,false,,5014880
99899,1,gt06,2025-04-30T08:06:59Z,2025-04-30T08:06:40Z,2025-04-30T08:06:40Z,false,21.218605555555555,81.63051333333333,0.0,0.0,239.0,,0.0,1.029926949430832E7,,,false,,34,,,0.0,,162052281,11,,14,false,,,,,false,,5014880
99900,1,gt06,2025-04-30T08:07:33Z,2025-04-30T08:07:33Z,2025-04-30T08:06:40Z,false,21.218605555555555,81.63051333333333,0.0,0.0,239.0,,0.0,1.029926949430832E7,,,false,4,19,,true,0.0,,162052281,,,,,,,100,4,false,false,
99901,1,gt06,2025-04-30T08:07:33Z,2025-04-30T08:07:33Z,2025-04-30T08:06:40Z,false,21.218605555555555,81.63051333333333,0.0,0.0,239.0,,0.0,1.029926949430832E7,,,,,,,,0.0,,162052281,,,,,12.25,,,,false,,
99902,1,gt06,2025-04-30T08:07:34Z,2025-04-30T08:06:40Z,2025-04-30T08:06:40Z,false,21.218605555555555,81.63051333333333,0.0,0.0,239.0,,0.0,1.029926949430832E7,,,false,,34,,,0.0,,162052281,11,,14,false,,,,,false,,5014880
99903,1,gt06,2025-04-30T08:07:34Z,2025-04-30T08:06:50Z,2025-04-30T08:06:50Z,false,21.218605555555555,81.63051333333333,0.0,0.0,239.0,,0.0,1.029926949430832E7,,,false,,34,,,0.0,,162052281,11,,14,false,,,,,false,,5014880
99904,1,gt06,2025-04-30T08:07:34Z,2025-04-30T08:07:30Z,2025-04-30T08:07:30Z,false,21.218605555555555,81.63051333333333,0.0,0.0,239.0,,0.0,1.029926949430832E7,,,false,,34,,,0.0,,162052281,11,,14,false,,,,,false,,5014880
99905,1,gt06,2025-04-30T08:07:44Z,2025-04-30T08:07:40Z,2025-04-30T08:07:40Z,false,21.218605555555555,81.63051333333333,0.0,0.0,239.0,,0.0,1.029926949430832E7,,,false,,34,,,0.0,,162052281,11,,14,false,,,,,false,,5014880
99906,1,gt06,2025-04-30T08:07:54Z,2025-04-30T08:07:50Z,2025-04-30T08:07:50Z,false,21.218605555555555,81.63051333333333,0.0,0.0,239.0,,0.0,1.029926949430832E7,,,false,,34,,,0.0,,162052281,11,,14,false,,,,,false,,5014880
99907,1,gt06,2025-04-30T08:08:14Z,2025-04-30T08:08:14Z,2025-04-30T08:07:50Z,false,21.218605555555555,81.63051333333333,0.0,0.0,239.0,,0.0,1.029926949430832E7,,,false,4,19,,true,0.0,,162052281,,,,,,,100,4,false,false,
99908,1,gt06,2025-04-30T08:08:32Z,2025-04-30T08:08:32Z,2025-04-30T08:07:50Z,false,21.218605555555555,81.63051333333333,0.0,0.0,239.0,,0.0,1.029926949430832E7,,,,,,,,0.0,,162052281,,,,,12.3,,,,false,,
99909,1,gt06,2025-04-30T08:08:37Z,2025-04-30T08:08:37Z,2025-04-30T08:07:50Z,false,21.218605555555555,81.63051333333333,0.0,0.0,239.0,,0.0,1.029926949430832E7,,,false,4,19,,true,0.0,,162052281,,,,,,,100,4,false,false,
99910,1,gt06,2025-04-30T08:08:38Z,2025-04-30T08:08:38Z,2025-04-30T08:07:50Z,false,21.218605555555555,81.63051333333333,0.0,0.0,239.0,,0.0,1.029926949430832E7,,,,,,,,0.0,,162052281,,,,,12.3,,,,false,,
99911,1,gt06,2025-04-30T08:08:39Z,2025-04-30T08:08:39Z,2025-04-30T08:07:50Z,false,21.218605555555555,81.63051333333333,0.0,0.0,239.0,,0.0,1.029926949430832E7,,,,,,,,0.0,,162052281,,,,,12.25,,,,false,,
99912,1,gt06,2025-04-30T08:08:39Z,2025-04-30T08:08:20Z,2025-04-30T08:08:20Z,false,21.218605555555555,81.63051333333333,0.0,0.0,239.0,,0.0,1.029926949430832E7,,,false,,34,,,0.0,,162052281,11,,14,false,,,,,false,,5014880
99913,1,gt06,2025-04-30T08:08:44Z,2025-04-30T08:08:40Z,2025-04-30T08:08:40Z,false,21.218605555555555,81.63051333333333,0.0,0.0,239.0,,0.0,1.029926949430832E7,,,false,,34,,,0.0,,162052281,11,,14,false,,,,,false,,5014880
99914,1,gt06,2025-04-30T08:08:54Z,2025-04-30T08:08:50Z,2025-04-30T08:08:50Z,false,21.218605555555555,81.63051333333333,0.0,0.0,239.0,,0.0,1.029926949430832E7,,,false,,34,,,0.0,,162052281,11,,14,false,,,,,false,,5014880
99915,1,gt06,2025-04-30T08:09:04Z,2025-04-30T08:09:00Z,2025-04-30T08:09:00Z,false,21.218605555555555,81.63051333333333,0.0,0.0,239.0,,0.0,1.029926949430832E7,,,false,,34,,,0.0,,162052281,11,,14,false,,,,,false,,5014880
99916,1,gt06,2025-04-30T08:09:14Z,2025-04-30T08:09:10Z,2025-04-30T08:09:10Z,false,21.218605555555555,81.63051333333333,0.0,0.0,239.0,,0.0,1.029926949430832E7,,,false,,34,,,0.0,,162052281,11,,14,false,,,,,false,,5014880
99917,1,gt06,2025-04-30T08:09:29Z,2025-04-30T08:09:20Z,2025-04-30T08:09:20Z,false,21.218605555555555,81.63051333333333,0.0,0.0,239.0,,0.0,1.029926949430832E7,,,false,,34,,,0.0,,162052281,11,,14,false,,,,,false,,5014880
99918,1,gt06,2025-04-30T08:09:34Z,2025-04-30T08:09:30Z,2025-04-30T08:09:30Z,false,21.218605555555555,81.63051333333333,0.0,0.0,239.0,,0.0,1.029926949430832E7,,,false,,34,,,0.0,,162052281,11,,14,false,,,,,false,,5014880
99919,1,gt06,2025-04-30T08:09:38Z,2025-04-30T08:09:38Z,2025-04-30T08:09:30Z,false,21.218605555555555,81.63051333333333,0.0,0.0,239.0,,0.0,1.029926949430832E7,,,false,4,19,,true,0.0,,162052281,,,,,,,100,4,false,false,
99920,1,gt06,2025-04-30T08:10:19Z,2025-04-30T08:09:40Z,2025-04-30T08:09:40Z,false,21.218605555555555,81.63051333333333,0.0,0.0,239.0,,0.0,1.029926949430832E7,,,false,,34,,,0.0,,162052281,11,,14,false,,,,,false,,5014880
99921,1,gt06,2025-04-30T08:10:21Z,2025-04-30T08:10:21Z,2025-04-30T08:09:40Z,false,21.218605555555555,81.63051333333333,0.0,0.0,239.0,,0.0,1.029926949430832E7,,,false,4,19,,true,0.0,,162052281,,,,,,,100,4,false,false,
99922,1,gt06,2025-04-30T08:10:22Z,2025-04-30T08:10:22Z,2025-04-30T08:09:40Z,false,21.218605555555555,81.63051333333333,0.0,0.0,239.0,,0.0,1.029926949430832E7,,,,,,,,0.0,,162052281,,,,,12.25,,,,false,,
99923,1,gt06,2025-04-30T08:10:23Z,2025-04-30T08:09:40Z,2025-04-30T08:09:40Z,false,21.218605555555555,81.63051333333333,0.0,0.0,239.0,,0.0,1.029926949430832E7,,,false,,34,,,0.0,,162052281,11,,14,false,,,,,false,,5014880
99924,1,gt06,2025-04-30T08:10:23Z,2025-04-30T08:09:50Z,2025-04-30T08:09:50Z,false,21.218605555555555,81.63051333333333,0.0,0.0,239.0,,0.0,1.029926949430832E7,,,false,,34,,,0.0,,162052281,11,,14,false,,,,,false,,5014880
99925,1,gt06,2025-04-30T08:10:24Z,2025-04-30T08:10:20Z,2025-04-30T08:10:20Z,false,21.218605555555555,81.63051333333333,0.0,0.0,239.0,,0.0,1.029926949430832E7,,,false,,34,,,0.0,,162052281,11,,14,false,,,,,false,,5014880
99926,1,gt06,2025-04-30T08:10:34Z,2025-04-30T08:10:30Z,2025-04-30T08:10:30Z,false,21.218605555555555,81.63051333333333,0.0,0.0,239.0,,0.0,1.029926949430832E7,,,false,,34,,,0.0,,162052281,11,,14,false,,,,,false,,5014880
99927,1,gt06,2025-04-30T08:10:44Z,2025-04-30T08:10:40Z,2025-04-30T08:10:40Z,false,21.218605555555555,81.63051333333333,0.0,0.0,239.0,,0.0,1.029926949430832E7,,,false,,34,,,0.0,,162052281,11,,14,false,,,,,false,,5014880
99928,1,gt06,2025-04-30T08:10:54Z,2025-04-30T08:10:50Z,2025-04-30T08:10:50Z,false,21.218605555555555,81.63051333333333,0.0,0.0,239.0,,0.0,1.029926949430832E7,,,false,,34,,,0.0,,162052281,11,,14,false,,,,,false,,5014880
99929,1,gt06,2025-04-30T08:11:04Z,2025-04-30T08:11:00Z,2025-04-30T08:11:00Z,false,21.218605555555555,81.63051333333333,0.0,0.0,239.0,,0.0,1.029926949430832E7,,,false,,34,,,0.0,,162052281,11,,14,false,,,,,false,,5014880
99930,1,gt06,2025-04-30T08:11:14Z,2025-04-30T08:11:10Z,2025-04-30T08:11:10Z,false,21.218605555555555,81.63051333333333,0.0,0.0,239.0,,0.0,1.029926949430832E7,,,false,,34,,,0.0,,162052281,11,,14,false,,,,,false,,5014880
99931,1,gt06,2025-04-30T08:11:22Z,2025-04-30T08:11:22Z,2025-04-30T08:11:10Z,false,21.218605555555555,81.63051333333333,0.0,0.0,239.0,,0.0,1.029926949430832E7,,,false,4,19,,true,0.0,,162052281,,,,,,,100,4,false,false,
99932,1,gt06,2025-04-30T08:11:24Z,2025-04-30T08:11:20Z,2025-04-30T08:11:20Z,false,21.218605555555555,81.63051333333333,0.0,0.0,239.0,,0.0,1.029926949430832E7,,,false,,34,,,0.0,,162052281,11,,14,false,,,,,false,,5014880
99933,1,gt06,2025-04-30T08:11:35Z,2025-04-30T08:11:30Z,2025-04-30T08:11:30Z,false,21.218605555555555,81.63051333333333,0.0,0.0,239.0,,0.0,1.029926949430832E7,,,false,,34,,,0.0,,162052281,11,,14,false,,,,,false,,5014880
99934,1,gt06,2025-04-30T08:11:48Z,2025-04-30T08:11:40Z,2025-04-30T08:11:40Z,false,21.218605555555555,81.63051333333333,0.0,0.0,239.0,,0.0,1.029926949430832E7,,,false,,34,,,0.0,,162052281,11,,14,false,,,,,false,,5014880
99935,1,gt06,2025-04-30T08:12:07Z,2025-04-30T08:12:07Z,2025-04-30T08:11:40Z,false,21.218605555555555,81.63051333333333,0.0,0.0,239.0,,0.0,1.029926949430832E7,,,false,4,19,,true,0.0,,162052281,,,,,,,100,4,false,false,
99936,1,gt06,2025-04-30T08:12:08Z,2025-04-30T08:12:08Z,2025-04-30T08:11:40Z,false,21.218605555555555,81.63051333333333,0.0,0.0,239.0,,0.0,1.029926949430832E7,,,,,,,,0.0,,162052281,,,,,12.25,,,,false,,
99937,1,gt06,2025-04-30T08:12:10Z,2025-04-30T08:11:40Z,2025-04-30T08:11:40Z,false,21.218605555555555,81.63051333333333,0.0,0.0,239.0,,0.0,1.029926949430832E7,,,false,,34,,,0.0,,162052281,11,,14,false,,,,,false,,5014880
